"","baseMean","log2FoldChange","lfcSE","stat","pvalue","padj"
"LCN6",36.4708135659869,-3.71874209418347,0.22579480588901,-16.4695643885246,6.0705933108654e-61,1.13331906520546e-56
"SOX7",88.2892943456268,-2.95116703428218,0.189264750455304,-15.5927980629394,8.14848827736284e-55,7.60620638250434e-51
"DEFB130",13.5047508501104,-5.01663297943739,0.362424059332477,-13.8418872871662,1.42417635570023e-43,8.86264946152256e-40
"LIMS3",83.8750931406316,-3.40849868820968,0.249461130621673,-13.6634460034535,1.67848825430076e-42,7.83392430488524e-39
"CCDC177",12.5919431593098,-4.53227927310994,0.335595253407983,-13.5051948056013,1.45727772901655e-41,5.44118358460199e-38
"MDGA2",17.6835207621375,-3.0708602251077,0.231969779039335,-13.238190930841,5.28054839845256e-40,1.4221577177322e-36
"ZNF788",633.505645496327,-1.53323582241706,0.115825560123051,-13.2374565751133,5.3324248883847e-40,1.4221577177322e-36
"MUC3A",70.0958486300041,-2.8206718855609,0.219996574974832,-12.8214354513637,1.243763521862e-37,2.90247764870522e-34
"TMEM236",82.3201780855271,-1.45415324665746,0.116186580181888,-12.5156730181834,6.12861987841515e-36,1.14415204510132e-32
"OC90",27.2858828055416,-3.00890164387915,0.240374200101478,-12.5175731946643,5.98368055631923e-36,1.14415204510132e-32
"CDRT1",46.7237963414346,-2.6565932974259,0.213340854910618,-12.4523420445602,1.35800772009229e-35,2.30478601149118e-32
"KLK9",15.8978965307423,-4.24512479206637,0.342257564347054,-12.4033045118084,2.50764679347537e-35,3.90127149894931e-32
"HIST2H3C",40.2917685511529,3.58733005989113,0.291564665078439,12.3037202019183,8.64965725524519e-35,1.15343179498695e-31
"HIST2H3A",40.2917685511529,3.58733005989113,0.291564665078439,12.3037202019183,8.64965725524519e-35,1.15343179498695e-31
"GOLGA7B",55.5653423398726,-2.84882366510675,0.233150649103181,-12.2188107820622,2.46666584391031e-34,3.07001230933077e-31
"FAM47E-STBD1",55.2523074930592,-2.40886613106717,0.20300855217711,-11.8658357258053,1.78114977061429e-32,2.07826781672489e-29
"UGT2A1",11.0709197820812,-2.73687536414937,0.240487853040223,-11.3805139409333,5.2290659761052e-30,5.74243721811223e-27
"SOGA3",30.5404490428181,-2.01207450450019,0.177703972823758,-11.3226197058392,1.01395824534123e-29,1.05164369345975e-26
"RNASE11",8.22766620913444,-6.49980332934225,0.576495993354486,-11.2746721647127,1.75029379333632e-29,1.71980183304188e-26
"LTB4R2",231.574257128738,-2.22533156179663,0.197831553768252,-11.2486179247395,2.35249313203588e-29,2.1959347140989e-26
"MMP11",97.0454073836672,4.3052750932059,0.386109819832802,11.1503900498315,7.12931639491535e-29,6.33796227507974e-26
"ZNF709",51.1404866737346,-1.8531528718852,0.167554058278587,-11.0600297654624,1.96032459446907e-28,1.59118695018013e-25
"MRPS17",347.125696054394,-1.53908147280115,0.139120152253649,-11.0629657017269,1.89718833852032e-28,1.59118695018013e-25
"CLN3",2035.85738353612,-1.35393184840894,0.123036902578424,-11.0042744902972,3.64437475454449e-28,2.83486801219129e-25
"KRT222",10.9817565773707,-2.52393598593214,0.229584071088198,-10.9935152468071,4.10615584570065e-28,3.06631293933542e-25
"SIGLEC5",22.9329852110938,-2.35710145515579,0.219044537860358,-10.7608319211249,5.26923145693666e-27,3.78351084882886e-24
"FN1",444.881026965304,2.86709181133516,0.267990366227739,10.6984883512518,1.03452081144998e-26,7.15313667739247e-24
"ANKRD18A",134.632131684693,-2.10674794562683,0.197059139167297,-10.690942599918,1.12224565558979e-26,7.48257290864492e-24
"TK1",26.2674473971847,3.29490944990338,0.310783074347498,10.6019591215551,2.91802401204848e-26,1.87850311313563e-23
"CST1",15.0190969481455,6.63647436945164,0.626449646151939,10.5937874020956,3.18441131471104e-26,1.98165916114468e-23
"HN1",49.0944413162955,2.3579100959298,0.228105221661981,10.3369404643611,4.79605510412169e-25,2.88830815286606e-22
"MTHFD2",36.7082837835426,2.07444409856018,0.203167726552016,10.2105001309303,1.77945242093928e-24,1.03814366395361e-21
"ITGB3",82.0952654089233,-2.47530927584734,0.242528903588679,-10.2062444484777,1.85922274031938e-24,1.05181301027341e-21
"MYBL2",12.3529200015143,3.50367481474235,0.34507124080196,10.1534825289979,3.19745479799628e-24,1.75568481246448e-21
"ZNF223",68.40758459193,-2.65528269557583,0.262698494590536,-10.1077194968878,5.10589331478555e-24,2.72348349410661e-21
"NDUFA7",1360.42054274737,-1.23186588274005,0.122084467381723,-10.0902752754645,6.09982188352553e-24,3.16326596509828e-21
"RPP14",261.318317581706,-1.30419195290223,0.129453223469171,-10.0746193717828,7.15372382895302e-24,3.60953703142497e-21
"TLR9",34.3019742340759,-2.13957401253623,0.213064011909024,-10.04193056052,9.97034061998589e-24,4.89832339564517e-21
"TM4SF19",151.008343349379,-1.05443997344731,0.10733996236637,-9.82336820510819,8.93086370490134e-23,4.16825736267008e-20
"PYCR1",43.7577393906255,2.77662866814505,0.282631929561763,9.82418607993219,8.85867209778571e-23,4.16825736267008e-20
"ZNF763",66.9823089929061,-2.01335746422448,0.205258216873185,-9.80890068565877,1.03085429243529e-22,4.69390702084741e-20
"PAQR4",21.3964772343724,2.81801694551342,0.287376408229357,9.80601352378356,1.06076690726807e-22,4.71510890280656e-20
"CELF6",56.2331836818277,-1.83083990161516,0.18738485870089,-9.77047939896578,1.50737103864728e-22,6.54444416755954e-20
"H2AFX",30.8449760969477,2.03485379018798,0.208568476725373,9.75628638678372,1.73388333752958e-22,7.35678818825903e-20
"CRYBG3",141.243634066773,-2.34969401444636,0.24234837982085,-9.69552186065085,3.15023060676169e-22,1.30692567105853e-19
"ABCA8",18.770544134094,-2.53460744980119,0.265686048741212,-9.53985902462645,1.43026608031758e-21,5.80470379422802e-19
"COL10A1",21.2709801643274,2.92593092716267,0.309300100931289,9.45984472152716,3.08400837937303e-21,1.2250074986067e-18
"TMEM239",7.53464490021268,-2.45971761257739,0.26048019069645,-9.44301217685999,3.62213962493413e-21,1.40878593037282e-18
"HIST1H3B",122.846295839641,3.43385928580823,0.366391802898439,9.37209636963431,7.11059529944096e-21,2.70913680908701e-18
"TP63",23.6010727490511,-3.71492809208031,0.396686139418352,-9.36490520573113,7.61185888715691e-21,2.84211587128665e-18
"HIST1H2AB",18.5586761000501,3.03529445124781,0.325904872701273,9.31343685072786,1.23761413153454e-20,4.53039572972907e-18
"IDS",1263.75494154305,-1.74475380300101,0.187421251916108,-9.30926341150458,1.28721917543946e-20,4.62136438197677e-18
"HIST1H1B",50.354443906126,3.04449321135854,0.328774795794284,9.26011741259964,2.04207532147056e-20,7.19311399557242e-18
"MRPL30",39.1510141359939,-1.07628542112245,0.11648822142142,-9.23943560979236,2.47800830338601e-20,8.56702537331729e-18
"E2F1",9.116578646596,2.76971409291136,0.300902207469254,9.20469848395636,3.42631794757748e-20,1.16301690478771e-17
"SYNPO2",35.6527808795898,-3.05935290512912,0.332586129545969,-9.1986785778036,3.62378516935442e-20,1.20807938083353e-17
"PSMA2",199.522296106153,-1.52620030654871,0.168532183719666,-9.05583890782171,1.35521991849425e-19,4.43870186988931e-17
"RBL1",124.920677380708,-1.42119578365572,0.157970975482352,-8.99656268701397,2.32895073854969e-19,7.49641057551451e-17
"IDH2",79.7723768167235,1.7035482366868,0.189841600632172,8.97352440673695,2.8717510097176e-19,9.08690162718948e-17
"ACE",360.667971239651,-1.35455479481859,0.150981325400637,-8.97167110716644,2.92049340255233e-19,9.08711522204156e-17
"SLC39A7",45.3616625131828,1.24312080994585,0.138917154215274,8.94864868898364,3.59860472728245e-19,1.10135002710879e-16
"PARP1",44.2549528271675,1.52902831100438,0.172096863699201,8.8846959679456,6.40958114756476e-19,1.93000758780462e-16
"SHPK",234.913987668702,-1.55268317269692,0.174848490226267,-8.88016345287074,6.67621871262349e-19,1.97838614517409e-16
"HIST1H2AI",99.1482934861526,3.40565491387081,0.384118363892443,8.86616010585849,7.57115886067108e-19,2.20853069952919e-16
"CCNB1",10.130645755348,2.30341615070728,0.260149775321895,8.85419235076089,8.42919176460643e-19,2.42099355466827e-16
"GSTM2",63.4977642794356,-1.92196743706151,0.218169956584231,-8.80949635391008,1.2570937689859e-18,3.5558611474542e-16
"MMP9",19.8118641148387,3.25819139197047,0.370238599666144,8.80024771838615,1.36514476384516e-18,3.80386382033214e-16
"HOXC4",71.3466878264653,-1.5761223026311,0.179305859666766,-8.79013271267471,1.49383398729073e-18,4.10123333951921e-16
"HIST1H2BL",25.8091814388162,2.71715849043446,0.309491583090131,8.77942612624512,1.64310872659092e-18,4.44568069807621e-16
"TMBIM4",322.390396526504,-1.59107887453107,0.181294197272365,-8.7762261477169,1.69051720219847e-18,4.50860937826332e-16
"PLK1",14.1595168728797,2.31965254569935,0.26698558133541,8.68830643998414,3.67882351484635e-18,9.67323326741781e-16
"ZNF286A",136.874884598637,-1.79629774567884,0.207029473213409,-8.67653149958599,4.08021771953152e-18,1.05796645286019e-15
"PAFAH1B3",20.1422274416322,1.72622987048294,0.199353745270563,8.65912936895216,4.75381064316587e-18,1.21573823146937e-15
"HIST1H3F",68.4064369744864,3.16847119130562,0.366082015764888,8.6550856225085,4.92541768205366e-18,1.24260300954405e-15
"ZWINT",10.9583354674313,2.29563917954751,0.265786081639579,8.63716852811174,5.76233493934902e-18,1.43436041310276e-15
"CXCL10",9.90012989852724,3.82147693015418,0.442923347079375,8.62785164826578,6.25150920524306e-18,1.53565033358793e-15
"POLR2J2",786.122036299609,-1.6054175075055,0.186681821974139,-8.59975272647544,7.98880363549368e-18,1.93692175416924e-15
"SEMA6A",20.6408527589069,-1.60868625122022,0.187234679881723,-8.59181777775588,8.56040759501171e-18,2.03074156933023e-15
"RAI2",7.00140779433389,-2.1481723095652,0.250038183745879,-8.59137703443108,8.59331426306111e-18,2.03074156933023e-15
"COL17A1",35.9395505114408,-3.69690740297937,0.430920756356305,-8.57908872675094,9.56276933779459e-18,2.23159175959109e-15
"HIST1H2BO",53.4567280253956,3.44403444472539,0.401650329378692,8.5747083789348,9.93381757424826e-18,2.28956099127952e-15
"HIST1H2AH",46.9666278576497,2.56166581111839,0.299335336305404,8.55784633627347,1.14995498137721e-17,2.61811092040623e-15
"NOVA1",10.6895332319888,-3.02292115498662,0.35417904634274,-8.5350084546259,1.4014517960367e-17,3.15225344339869e-15
"TYMS",19.7635624367613,2.4858633104627,0.291312404045695,8.53332462311757,1.42200951140173e-17,3.16041613909034e-15
"ZNF747",142.202458062613,-1.5281356262539,0.18043057015608,-8.46938312577521,2.46696002736275e-17,5.41831491186296e-15
"SVEP1",12.5675719295508,-1.73679695263429,0.205561754179756,-8.4490276878817,2.93738810440901e-17,6.37652308386184e-15
"HIST2H4A",71.1252797542564,2.21912643485196,0.263240553759829,8.43003254307316,3.45569103667636e-17,7.41543631766794e-15
"PAGR1",301.62747790667,-1.3251739767311,0.15733582720293,-8.4225824485729,3.68275115592781e-17,7.81287287841094e-15
"KRT10",248.4805344605,-7.4425228284515,0.884487075564776,-8.41450715794709,3.94550184338365e-17,8.27624426001454e-15
"AQP1",1005.95691660427,-2.21107648911799,0.263086356131966,-8.40437536034326,4.30144855094357e-17,8.92263811084062e-15
"LSP1",783.432217548267,-1.86786448139156,0.22248129593452,-8.39560230690718,4.63512005989882e-17,9.50912707673088e-15
"MYH11",81.342086053208,-2.79739491628385,0.333898792569885,-8.37797254297754,5.38472023009807e-17,1.09268849973588e-14
"CTHRC1",46.4023321332892,2.71571765045331,0.326122806208513,8.32728530097637,8.27172315809918e-17,1.66048171654359e-14
"ANK2",31.0113983146592,-2.25958195074285,0.271466885346807,-8.32360067732081,8.53307349140898e-17,1.69472286182037e-14
"MCC",11.4015208118773,-1.58090321265452,0.190371297355881,-8.3043149603544,1.00396997484155e-16,1.97295952213861e-14
"LMNB2",25.3889886774725,1.59593147927669,0.192652805720161,8.28397735143744,1.19128274495636e-16,2.31667266308232e-14
"LRRC45",16.4937052869929,1.52282930265501,0.184177410531715,8.26827404217834,1.35912200118008e-16,2.61581944742587e-14
"MFRP",4.21711895785023,-4.06743142781801,0.493134426157796,-8.24811899568435,1.6090710468001e-16,3.06528034415418e-14
"LMNB1",21.3517260180572,1.83775663510077,0.223091329638893,8.23768739948545,1.75571189476136e-16,3.31084700639392e-14
"DBNDD1",14.5134974120206,2.18509111338239,0.266099880947734,8.21154487405265,2.18360574507397e-16,4.07657356547859e-14
"PDE2A",17.6322348646283,-2.04321659406038,0.248984322290751,-8.20620581754707,2.28287944822144e-16,4.21971053651942e-14
"CAPS",65.5748812070416,2.51947236737787,0.307102693165786,8.2040060977836,2.32506305121407e-16,4.25554922579564e-14
"ALG9",257.376585767788,-1.87768331402418,0.229016525694142,-8.19889878397632,2.42599077715398e-16,4.39716716686288e-14
"DCLK1",11.0464185004024,-1.69325497828162,0.206827164089089,-8.18681136851185,2.68238093934224e-16,4.81513170736349e-14
"TPX2",7.31121413014937,3.13604812699647,0.384107822550665,8.16449950477853,3.22770655371077e-16,5.73886225249776e-14
"DES",107.03738912807,-6.17964616402758,0.757492952426477,-8.15802463142702,3.40548080800482e-16,5.99782275515491e-14
"CYP4F12",7.94928673808086,-3.49057992023908,0.428692355985492,-8.14238899178601,3.87553775738474e-16,6.76190788716035e-14
"HIST1H2AM",60.2490999454954,2.97573211746933,0.365892485353975,8.13280468056216,4.19470209352348e-16,7.25100864666573e-14
"RECQL4",33.7459437395418,2.53529249217982,0.311903886518455,8.12844149035574,4.34844924644029e-16,7.44781642034805e-14
"CPED1",11.0332071535811,-1.95793157364368,0.241077876430646,-8.12157300633491,4.60179874525097e-16,7.81008916137185e-14
"GALT",408.192991878543,-2.11025851077064,0.261143773602905,-8.08083027083577,6.4327290089298e-16,1.08191547628568e-13
"SNURF",311.826289950579,-1.81637704778514,0.224896290602785,-8.07650958989472,6.66469231972694e-16,1.11092090104448e-13
"ESR1",21.776928169599,-2.6038705219317,0.322940544447681,-8.06300282420421,7.44428033265333e-16,1.22988734097615e-13
"MCM3",27.6885011625899,1.76639257321055,0.219390936227334,8.051347077439,8.18876866150968e-16,1.34101861527828e-13
"HIST1H2BN",54.5648291018287,2.16664827873357,0.269252524045204,8.04690053107845,8.49171429834372e-16,1.37853751509373e-13
"ZNF8",62.7278548000955,-1.66575860454061,0.20757776033353,-8.02474504910409,1.01737011745213e-15,1.63735195885464e-13
"SLC52A2",37.1148617257558,1.91092617461337,0.238222787665225,8.02159270043805,1.04382761734603e-15,1.66557416993445e-13
"PIK3R2",400.092462264019,-1.34505406988791,0.168333509691719,-7.99041184581255,1.34488705806012e-15,2.12724802296551e-13
"CRIP1",1335.89536851348,-1.79872648856758,0.225139070373058,-7.98940177547623,1.35595112075042e-15,2.12724802296551e-13
"KBTBD4",114.542599811283,-1.96201808123342,0.245902792497007,-7.97883611369443,1.47719554068133e-15,2.29814696241498e-13
"ABCA6",15.6159743004024,-2.14030847786328,0.268831634750012,-7.96152015313809,1.69938378220811e-15,2.62196659752424e-13
"FLAD1",29.6869288553112,1.13024012162549,0.142005849628214,7.9591096041788,1.73281694027025e-15,2.65163602113977e-13
"MCM4",56.207811347151,1.61205439479896,0.202918527762997,7.9443430453122,1.95222640295559e-15,2.96309875746161e-13
"EFNA3",230.0208350781,-1.19956739672485,0.151058930272022,-7.94105581553309,2.00467434370491e-15,3.01816655827637e-13
"PGM5",11.4882347645026,-2.20492540576764,0.277707336367788,-7.93974489333439,2.02597507593254e-15,3.02583429540677e-13
"TSHZ2",13.9052592577153,-1.69416508635117,0.213433778907968,-7.93766148460358,2.06028715541031e-15,3.05265880193294e-13
"ITFG3",577.940997412077,-1.67593299051713,0.211253202154491,-7.93329035216947,2.13414686419579e-15,3.13719589036782e-13
"FNDC1",13.049432731454,2.28246870564631,0.288766537666267,7.90420082635823,2.69657985095094e-15,3.93300384667212e-13
"DDX11",39.879947163191,1.56842488259806,0.19868631107911,7.89397555412649,2.92709525845555e-15,4.23611948682998e-13
"DCTPP1",19.1454279948525,1.7293467801979,0.219116499018569,7.89236222714265,2.96519595709289e-15,4.25824948638208e-13
"ZNF668",161.954993771351,-1.53648607248579,0.19471844952261,-7.89080888972146,3.00234119884451e-15,4.27867998788002e-13
"TM9SF1",336.017541660607,-1.80004248480888,0.229083846484202,-7.85757054648115,3.91655431419402e-15,5.52350570802685e-13
"NUSAP1",14.7466213811626,2.33841596694382,0.297622685471036,7.85698161160969,3.93500594122648e-15,5.52350570802685e-13
"ENC1",27.9349718645654,1.94263018708339,0.248984322987276,7.80221888581581,6.08280207379562e-15,8.47461432206645e-13
"LAMA2",10.8088263676962,-1.81217637344463,0.232299975115182,-7.80101837094945,6.14095711370056e-15,8.49226135967968e-13
"LDB2",18.4285785208094,-1.79374214621688,0.229985203119114,-7.79938066401543,6.22117387815538e-15,8.5399334655355e-13
"PRDX4",23.2168453544997,1.6746446169196,0.214962856646344,7.7903905960587,6.68023606957698e-15,9.10316256809727e-13
"MCM2",22.4485592736129,2.05772012338731,0.26508418550191,7.76251559289072,8.32611313050086e-15,1.12637830458928e-12
"PPP1R14B",52.803864030197,1.50400110104714,0.194112809565853,7.7480775452735,9.32941647372121e-15,1.25302788595612e-12
"MAST4",31.6014342603573,-1.36942807876021,0.177233588483928,-7.72668482579641,1.10383488783042e-14,1.47196382292187e-12
"ABI3BP",55.8358819440324,-2.54169130493551,0.329609111001484,-7.71122890751666,1.24611922245947e-14,1.64991487688623e-12
"TSPAN7",7.59019374222823,-2.04238288629751,0.265327106478854,-7.69760358601086,1.38641689696419e-14,1.82274767953693e-12
"DCAF8",1672.22294965403,-1.86948043768048,0.242956645130059,-7.69470798660275,1.41817682872612e-14,1.85146456052364e-12
"AKAP12",12.1431272119529,-2.64463599504915,0.343830371135726,-7.69168816097748,1.45206184254655e-14,1.88253767628483e-12
"CNN1",58.1493658954706,-2.4262799173344,0.315555502473689,-7.68891652439717,1.48386232518518e-14,1.89741272252618e-12
"TIMM10B",295.884081562061,-1.78425914339924,0.232038662590213,-7.68949072314854,1.47721845350457e-14,1.89741272252618e-12
"HIST1H3I",54.9955043150225,2.4936229698533,0.324490279493619,7.68473858059693,1.53309721410591e-14,1.94703346191451e-12
"LSM4",35.3226016471206,1.55349060250463,0.202529632432912,7.67043609294664,1.71412555753036e-14,2.16223040767124e-12
"PI4K2A",145.87025274352,-1.59854051126231,0.208680143658573,-7.66024252828637,1.85582287708026e-14,2.32525887867191e-12
"FREM1",6.10376884348482,-2.47934879058127,0.32395873244216,-7.65328587345284,1.95907727899469e-14,2.4382675814368e-12
"ACSBG1",29.5632051797391,-3.65647583244187,0.480076399738876,-7.61644570412275,2.60756200064744e-14,3.22387913841636e-12
"KIAA0391",144.261715800073,-1.75653142689335,0.231223026549627,-7.59669766936621,3.03783128963012e-14,3.73113633855952e-12
"NAA60",555.169450138796,-1.67704372800041,0.22084603120461,-7.5937236401892,3.10840982409663e-14,3.79286947752026e-12
"EBF1",19.5795351845914,-1.64298991399257,0.216752952498731,-7.58001169096965,3.45523823892345e-14,4.18869108327674e-12
"B3GALT1",38.3434371686946,-4.54887969476495,0.600240926968151,-7.57842308044803,3.49780175869819e-14,4.21293296987978e-12
"FLG",34.4689438543102,-5.43891877977123,0.718400740293173,-7.57087023261091,3.70732248086088e-14,4.43666688430716e-12
"DNASE2",18.7775867533589,1.49521600094052,0.197695385413464,7.56323167489921,3.93176406251662e-14,4.67529320274667e-12
"NTRK2",13.177851928404,-2.26820581462436,0.300195217140568,-7.55576932980333,4.16391227580672e-14,4.92000495424276e-12
"1-Sep",265.816683597567,-1.61757494613337,0.214653490449701,-7.53574955964863,4.85537649244946e-14,5.70094488915339e-12
"LMOD1",18.4499484688973,-2.14852682497273,0.285160040715554,-7.53445966546159,4.90361044797483e-14,5.72159396582763e-12
"CCDC167",7.28775342096603,1.68411183869669,0.224260727908367,7.50961550158179,5.93012775646499e-14,6.87636988108354e-12
"HIST1H3J",34.0037503754087,3.20745472304656,0.427998381632056,7.49408142810214,6.67642679430431e-14,7.69396369276958e-12
"AURKB",13.4618359402382,2.51413800513597,0.336299758442891,7.47588406479009,7.66865426971868e-14,8.78319672155694e-12
"ANKRD29",7.34700210261194,-1.9983943787784,0.267482862781255,-7.47111182376071,7.95200409072638e-14,9.05219294937627e-12
"SLC39A1",52.1345661535118,1.58567052294146,0.21238075775839,7.46616849698482,8.25636108747696e-14,9.34169728133984e-12
"SLC5A3",73.6093147322141,-1.9065455900573,0.255420834917031,-7.46433074136888,8.37240593881501e-14,9.41593051034563e-12
"HIST1H2AJ",53.9693262321702,3.12867161598779,0.419328950880963,7.46113906377033,8.57776577150964e-14,9.58912031067745e-12
"CHTF8",516.43061655732,-1.65933331885935,0.222451719747756,-7.45929642953947,8.6985709874126e-14,9.66628700976225e-12
"KIFC1",13.8606953591395,2.37326013209047,0.318513397157076,7.45105277603156,9.25983081206776e-14,1.02290994929286e-11
"SBK1",7.42059274278137,2.04761168749295,0.275120964311109,7.44258690943482,9.87324603055794e-14,1.08425664790874e-11
"LGI4",8.09422564050765,-1.90083989578326,0.255608680820306,-7.43652324202381,1.03369786548597e-13,1.12854417840688e-11
"LYVE1",6.56552288620674,-2.34413985974286,0.315281772920627,-7.43506304861146,1.04518099237252e-13,1.13444674108155e-11
"PMEPA1",67.278417543112,2.02360004560553,0.272404570652164,7.42865672466811,1.09706043031382e-13,1.17707018238671e-11
"TNXB",65.3071499288941,-2.29878694419596,0.309422044164748,-7.4292927331706,1.09179880664646e-13,1.17707018238671e-11
"CACNA1G",3.83261668971569,-3.52897148320449,0.476104527011585,-7.41217796300985,1.24241877975608e-13,1.31788160223104e-11
"MTX1",26.3982563986444,1.09788470021581,0.148342816169262,7.40099674906469,1.35166041906839e-13,1.42565809963773e-11
"H2AFZ",37.7222480090285,1.48912306454146,0.201491515589986,7.39050009218088,1.46277598793134e-13,1.53418904037586e-11
"CBX2",10.4411029754655,2.39416888253631,0.324275327242634,7.38313612353526,1.54603813339505e-13,1.6034992173529e-11
"PRC1",21.8619215247571,1.91500783848514,0.25936731708301,7.38338145307741,1.5431907316198e-13,1.6034992173529e-11
"NPIPA7",3080.85258670158,-1.65486212335194,0.224264447543102,-7.37906583714693,1.59403997108609e-13,1.64415095139261e-11
"DESI2",14.8152659701712,1.14397279164451,0.155055819776034,7.37781266963659,1.60911153523662e-13,1.64736249994944e-11
"HIST1H2BF",16.0783143579855,2.12258731087743,0.287717060703472,7.37734253814383,1.6148017434825e-13,1.64736249994944e-11
"NCAPD2",25.5814040347858,1.55512657465242,0.211209039474903,7.36297356646616,1.79857997801665e-13,1.82487443530396e-11
"NOMO2",21.4536954730652,1.10492757981347,0.15039708906826,7.34673514400254,2.03106760749455e-13,2.0496216845576e-11
"PHYHIP",5.34512482965174,-3.73020247129289,0.508120059306153,-7.3411832557576,2.11713688876333e-13,2.12499078367326e-11
"SLC35A2",17.6499507718336,1.56556851521275,0.213462531859584,7.33416071464282,2.23115228428023e-13,2.22745358263249e-11
"FLNC",18.0910533047211,-2.88224787851169,0.393256199534103,-7.32918611817523,2.3155462550764e-13,2.28724513418102e-11
"HIST1H2AL",30.2489359211741,2.71116767550232,0.370753527103956,7.31258768238806,2.62046169796738e-13,2.57481049680805e-11
"CDCA8",5.28081570285247,2.78155373815043,0.380639327352671,7.30758368426092,2.71988936693891e-13,2.65851385295197e-11
"ABCA9",9.65420688110745,-1.80691029264222,0.247493709149169,-7.30083321654516,2.85991079998253e-13,2.78081639192052e-11
"FGF10",5.93286419971369,-2.49907772612919,0.342406514393428,-7.29856945203364,2.90843367692551e-13,2.81334447225504e-11
"LRRC15",13.2954672959034,2.73389612853635,0.374917201921588,7.29199971226748,3.05387815555792e-13,2.9388067673253e-11
"ZFP41",295.280055975068,-1.48346849362518,0.203562855801474,-7.2875205438852,3.15711176582536e-13,3.02257023365096e-11
"MFN1",187.427223993372,-3.9208890534912,0.538934506210682,-7.2752607381915,3.457519856762e-13,3.29328766356581e-11
"HIST1H3H",66.3079329973891,2.63033968747981,0.361665427771962,7.27285354224759,3.51971869437547e-13,3.33551412717237e-11
"UQCR11",839.807084999191,-1.39169632381348,0.191609350949304,-7.26319627366044,3.78048745903302e-13,3.56454143296401e-11
"PER2",28.8370593903766,-1.30064293963728,0.179148019949889,-7.26015805254834,3.86638277737174e-13,3.62721105883181e-11
"MEIS1",15.6139604521529,-1.56032826836008,0.215028714609303,-7.25637164875918,3.97611665153965e-13,3.71150608837969e-11
"HIST2H4B",39.9206503786125,2.43155742265885,0.335482021705007,7.24795150065282,4.23122055600089e-13,3.92998291343187e-11
"ZNF385D",7.1245765858641,-2.00709529340174,0.277048146865957,-7.24457216590887,4.3380638218974e-13,4.00927294509914e-11
"HIST1H2BJ",55.2469900603067,2.62804415313778,0.363050314827529,7.23878769912722,4.52713028978408e-13,4.16339878719108e-11
"WDR34",40.4844568896894,1.55011966323047,0.214241028818673,7.23540057559394,4.64157074939849e-13,4.24771981963335e-11
"CXCL9",9.39609621226066,3.21132174634922,0.444649487841602,7.22214201108714,5.11749883495179e-13,4.66041881705926e-11
"TROAP",10.9895606092887,2.19810394717249,0.304879541095022,7.20974565652276,5.60564826291124e-13,5.08018676797524e-11
"UBE2C",17.5154018155041,1.70603222298971,0.236721643599072,7.20691271423901,5.72346648224782e-13,5.16190317667076e-11
"RHPN1",36.1672237408218,2.26218634498982,0.314475844458526,7.19351385759032,6.31447406468585e-13,5.66754405353943e-11
"SDHD",559.072194946943,-1.8150399313946,0.252792292085794,-7.17996548240719,6.97290213784405e-13,6.22856985700529e-11
"CA12",17.8157169997308,-2.3400146534043,0.326328156513682,-7.17074088366685,7.45929705955447e-13,6.63131508594392e-11
"DTYMK",16.7922664743746,1.44713150466337,0.201873087688467,7.16852117948781,7.58122065402604e-13,6.70776343080626e-11
"PITX1",11.8162392888889,2.44278543218269,0.340900484963326,7.16568482572115,7.73986555174615e-13,6.81582782950703e-11
"C12orf49",14.5332021410063,1.33965025329766,0.187039489927565,7.16239257183854,7.92809934012737e-13,6.94881157656516e-11
"MEIS2",17.3556388515789,-1.63544912115994,0.228830312629549,-7.14699509154432,8.86980481130377e-13,7.73786850571169e-11
"ABCA10",10.0462204019845,-2.18624967251325,0.307110745947038,-7.11876644293742,1.08897257671029e-12,9.41205047898355e-11
"HDGF",113.726984981713,1.29530896651725,0.18206014393543,7.1147310911533,1.12131243343585e-12,9.64690406443039e-11
"THSD4",18.2401757171917,-2.17751580497231,0.306693122119288,-7.09998251648227,1.2477267277042e-12,1.06852340731696e-10
"GFPT1",14.2748589728658,1.28676758027597,0.181304779325684,7.09726232844917,1.2725238063609e-12,1.08478296534026e-10
"KRBOX1",64.2361521396554,-1.78809815590767,0.252022830923664,-7.09498480496507,1.29365698504144e-12,1.09778555698812e-10
"NUP210",26.5902975437969,1.76010932377061,0.248192023032946,7.09172398960208,1.32451481682276e-12,1.11888538983095e-10
"STRA13",39.2241201942386,1.34448303989968,0.189621772643979,7.09034105711051,1.33781887088262e-12,1.12503335587872e-10
"KRT1",355.933146061927,-12.292817508437,1.73981373504307,-7.06559401206974,1.59930366443447e-12,1.3388968659788e-10
"PGR",9.56878704979272,-2.96466409628807,0.419853192530544,-7.06119221916454,1.65080048235199e-12,1.37583902701024e-10
"NDUFB8",559.158417361444,-1.68742354367304,0.239923925149471,-7.033160793038,2.01906456604957e-12,1.66787240635307e-10
"PTK7",78.9745388526609,1.3955290495123,0.198489439405635,7.03074709511567,2.05430567846e-12,1.68950804895021e-10
"RUNX1T1",20.9364851358105,-1.69954931198814,0.242086671056957,-7.02041671508749,2.21207489341897e-12,1.81128185022977e-10
"HOMER3",32.9788162898455,1.32996724956427,0.189581546805418,7.01527797391226,2.29492228981109e-12,1.87091284840539e-10
"CLEC3B",25.7078457308595,-2.5689805123544,0.366397478399939,-7.01145794881876,2.35847381346362e-12,1.91436294015445e-10
"HIST2H3D",58.7700213990616,2.77187468822612,0.395793011417358,7.00334419321824,2.49923822718938e-12,2.01983889451941e-10
"SLC25A10",450.209382481545,-1.5807819833437,0.226204632462624,-6.98828298136157,2.78270691178734e-12,2.23923945414474e-10
"MSLN",17.0393496157276,5.55472111740028,0.795235723323633,6.98499948441036,2.84857027762237e-12,2.28240165291554e-10
"TRAF2",21.4345725649104,1.29405651811178,0.185287185985198,6.98405834829375,2.86772869054483e-12,2.28793277452058e-10
"ATOH8",6.41305741367443,-2.085874969683,0.298893552337476,-6.97865495381403,2.98019400493757e-12,2.36754220758211e-10
"ALG3",35.0653219868102,1.4622288062047,0.20956610432613,6.97741083132963,3.00669525128468e-12,2.3784743070438e-10
"RPN1",69.9744934142697,1.23427966438604,0.177211305083499,6.96501650278165,3.28365256820924e-12,2.58660378885647e-10
"SH3D19",29.3062156008274,-1.1961698241521,0.171933461154013,-6.9571671280473,3.47183010021736e-12,2.71194962932878e-10
"EGFR",34.6476751912444,-1.50586534130616,0.216435995575117,-6.95755499127931,3.46228821472301e-12,2.71194962932878e-10
"ADCY5",8.72467559286047,-2.07635626019652,0.298659527062705,-6.95225188567507,3.59500759331329e-12,2.79436146237754e-10
"EIF4EBP1",25.5400391987933,1.88642888309011,0.271359442404487,6.95177166629864,3.60726933650965e-12,2.79436146237754e-10
"TPI1",219.243152289293,1.54788017385928,0.222845263408305,6.94598642208159,3.75824917317961e-12,2.88735612403663e-10
"FANCA",40.7588906652335,1.89944958602891,0.273441970351702,6.94644492060172,3.74606088036288e-12,2.88735612403663e-10
"SAC3D1",8.1708794978927,1.69601758122375,0.244345562668375,6.94106151428489,3.89164495080141e-12,2.97758686829966e-10
"LPHN3",4.68376849884694,-3.61327164349632,0.520765901819909,-6.93837985718553,3.9662208374824e-12,3.02226027816159e-10
"HIST1H2BM",18.7912461877341,2.6466821865326,0.381988676937825,6.92869277631336,4.24747085473728e-12,3.22341599134514e-10
"RBMS3",17.6342518475837,-1.91610810702274,0.277180538638517,-6.91285223859678,4.75004657005613e-12,3.56181981277609e-10
"CDT1",14.885633473471,2.00928607323122,0.290660204208307,6.91283513924468,4.75061938711901e-12,3.56181981277609e-10
"FLRT2",9.1412276610512,-1.84277126237649,0.266637083696836,-6.91115893118493,4.80710115348648e-12,3.58975085737756e-10
"MROH1",75.3509844394918,1.41039764950956,0.20417467943781,6.90779901500548,4.92230670487573e-12,3.6466088838621e-10
"HIST1H3A",34.3130195697756,2.42728708858769,0.351378968479546,6.90788950485801,4.91916879774724e-12,3.6466088838621e-10
"IRAK1",64.1803703794173,1.65868605300135,0.240322259131698,6.90192435355052,5.13027546515346e-12,3.78565662683597e-10
"TENM2",5.47525176380676,-2.44756340756665,0.355028942834871,-6.89398274975303,5.42516057289109e-12,3.98749302107495e-10
"HSPB6",68.124708281004,-3.01349164846895,0.43722338112168,-6.8923387416701,5.48824914728763e-12,4.00686983797705e-10
"SLIT2",10.4450480454195,-1.68800062576875,0.244935111529027,-6.89162372528489,5.51591166297125e-12,4.00686983797705e-10
"INCENP",17.9154532334266,1.2216435664149,0.177261258490924,6.89176855007745,5.51029767473501e-12,4.00686983797705e-10
"CREB5",23.4458974160405,-1.80196588230508,0.261661609460959,-6.88662691488161,5.71307924721228e-12,4.13401071574442e-10
"SCN4B",5.70804047506268,-1.99831347736653,0.291120401971122,-6.86421653665056,6.68571537319942e-12,4.81913591900618e-10
"STAT1",56.036808345021,1.73549698405744,0.252854454526838,6.86362036731781,6.71369038431473e-12,4.82068791479891e-10
"HMGA1",98.4960302405608,1.76170641236144,0.256796703819625,6.860315518687,6.87086216996297e-12,4.91464083720455e-10
"PLIN5",12.7227618713162,-2.67109558348781,0.389475189442993,-6.85819188459185,6.97375485596228e-12,4.96919959564732e-10
"C4orf48",16.7165858183748,2.62112380614007,0.382517755378279,6.85229317930091,7.26754162907544e-12,5.15884922711823e-10
"MASP1",5.67661108757516,-3.23043864476298,0.47172776358441,-6.84809946359015,7.48375283634315e-12,5.27575568913118e-10
"THRB",9.97868627670145,-1.57589303431829,0.230124436085592,-6.84800389356373,7.48875278600763e-12,5.27575568913118e-10
"HIST1H3C",72.284732497613,3.08735214401639,0.451005954048846,6.84547979089876,7.6219979319752e-12,5.34943907488891e-10
"IER3IP1",125.249126388803,-1.60381689943192,0.234419619279696,-6.84164962113658,7.82863789370091e-12,5.47388916994391e-10
"ADAMTS15",7.74100165010737,-1.93349954231452,0.282654249115961,-6.84051114873313,7.89111056406844e-12,5.49698295226096e-10
"BOP1",49.8436936137387,1.88284906989367,0.275331381487123,6.83848335676089,8.00359600216094e-12,5.55461463807965e-10
"HIST1H4L",28.407286008977,2.60562675218052,0.381103557912745,6.83705701004526,8.08365785788154e-12,5.58940031662187e-10
"CFB",812.375935365047,-1.57231129404729,0.23001563969232,-6.8356712445749,8.16219320893994e-12,5.62287767592988e-10
"CKS2",11.8200996366469,2.18164493697869,0.319939119110282,6.81893774992448,9.17161290686907e-12,6.29503093229186e-10
"EPCAM",38.1701562272122,2.02969362026744,0.297955046272062,6.81208002905959,9.61975630369284e-12,6.57843334921764e-10
"TOR3A",34.6842150437437,1.05789782047542,0.155342501855649,6.81009902530388,9.75315876385975e-12,6.64531828330283e-10
"CDCA4",8.94887945839535,1.45086158803229,0.213124851513619,6.80756644627892,9.92634688942226e-12,6.73872618467724e-10
"PYCR2",37.7055432168929,1.14003395127531,0.167562111906577,6.80364993197826,1.02001226456209e-11,6.89949600257598e-10
"RFX2",24.3960720886127,-1.63350339899373,0.240293796624157,-6.79794244355252,1.06123833222568e-11,7.15243986437587e-10
"MYOCD",3.95857066767709,-5.15131557916511,0.759003203993311,-6.78694839766514,1.14530149271471e-11,7.69123509621973e-10
"POLD1",25.8241315344251,1.39281059859955,0.205959151165135,6.76255748152126,1.3557686017776e-11,9.07198710630321e-10
"CHPF",50.9480233488397,1.76696475670247,0.261374111103676,6.7602898743158,1.37715926129949e-11,9.18220937471438e-10
"HIST1H2BB",13.5671090089838,2.98786586348048,0.442066266596718,6.75886420034445,1.39077671401144e-11,9.2400037273593e-10
"ADCY4",33.8040827430916,-1.02489860480822,0.15171374396692,-6.75547632013942,1.42366759621292e-11,9.42498239492874e-10
"UQCC2",17.083234647103,1.32675803593629,0.196474253460642,6.75283408674241,1.44984707722817e-11,9.56437988861227e-10
"TSPYL2",22.0244122715264,-1.44733594383112,0.214520999618189,-6.7468264011781,1.51113894042437e-11,9.93361016858538e-10
"PKM",245.102425230703,1.35630628241266,0.20133762036101,6.73647716696323,1.62272779442804e-11,1.06297211207639e-09
"TAP1",43.311785046552,1.61593939111846,0.239982321039452,6.7335768073216,1.65542209288781e-11,1.08059702979449e-09
"HIST1H2BE",29.0576772602513,2.05013082229801,0.304797061806665,6.72621583077602,1.74132219670856e-11,1.13270885332237e-09
"CDK2AP1",63.4105472578841,1.41846461315096,0.210923181247752,6.72502948590002,1.75556888160226e-11,1.13801095314696e-09
"CD34",21.3755478396193,-1.3153122958341,0.195658742094581,-6.72248161136743,1.78655290769112e-11,1.15408845099258e-09
"TFPI",48.8538319800886,-2.12435222115562,0.316166976277219,-6.71908320776983,1.82871466637029e-11,1.17725083125748e-09
"PSMA1",388.317505282813,-1.82949198567271,0.272427715155414,-6.71551345144538,1.87405137321478e-11,1.20229089644491e-09
"MAGED1",48.0540087524522,1.38545170935134,0.206330066234735,6.71473496148235,1.88408357451095e-11,1.20458754289537e-09
"F11R",51.9413968616651,1.26882994800611,0.189303626171812,6.70261829456195,2.04717725089329e-11,1.30439426951969e-09
"LIFR",12.6912040358155,-2.16452730288845,0.323043228467148,-6.70042617255657,2.07812571477708e-11,1.31960982888344e-09
"FLG2",15.9771824605968,-6.90109744641318,1.03123564414611,-6.69206644047632,2.20040912711463e-11,1.392523321834e-09
"MRPL12",22.3907288305705,1.6133750292481,0.241166376221354,6.6898837828341,2.2334789979861e-11,1.40867633153387e-09
"DPT",37.1086995910149,-2.80616523354675,0.419768955622119,-6.68502326330413,2.30887963533427e-11,1.451329087948e-09
"LEPR",6.35878294308082,-1.70421082162892,0.255106275218776,-6.68039553385116,2.38298200593638e-11,1.49169640731775e-09
"CHL1",7.03011682756678,-1.94446126677359,0.29108609884566,-6.6800210469844,2.38907936037286e-11,1.49169640731775e-09
"FAT4",5.53712564788199,-1.94290290417246,0.291191742464184,-6.67224588077536,2.51918025196898e-11,1.5676858708003e-09
"MAOA",6.8398021414043,-2.82000247381836,0.422842978796046,-6.66914815955489,2.57292411291982e-11,1.59581130445515e-09
"SOX4",49.8120102174101,1.83678181496904,0.275559426062303,6.66564683058147,2.63502217557441e-11,1.62891486741055e-09
"GFRA1",9.62699970454451,-2.44630289407436,0.367355328625499,-6.65922801018697,2.75269608570212e-11,1.69046326394648e-09
"HLF",8.68629515826239,-2.27351704784167,0.342132538278663,-6.6451354182218,3.02938422938172e-11,1.8542811206009e-09
"ESPL1",7.14860057782223,1.79420439540513,0.270205714872461,6.64014229399999,3.13380470594976e-11,1.91192810638484e-09
"RFX5",19.2038402401503,1.11977175289858,0.168661488784708,6.63916677699875,3.15461301774527e-11,1.91835408561194e-09
"ATP1A2",8.7016718583768,-3.61140299838103,0.544048608031033,-6.63801532633465,3.1793481370627e-11,1.92711851853323e-09
"ASF1B",9.79333180437931,2.27081933412568,0.342235784267868,6.63524809067982,3.2395719025894e-11,1.95726756794309e-09
"PNPT1",242.297311126818,-2.92583752397584,0.441128776426132,-6.63261541829107,3.29790276215703e-11,1.98608215053902e-09
"SEMA6D",7.57960600230542,-2.56012202859511,0.386157705679734,-6.62973181925415,3.36297297972345e-11,2.01875699544878e-09
"HIST1H3D",84.4924855267234,2.42817519663546,0.366401790850168,6.62708332020246,3.42384397833092e-11,2.04870971895705e-09
"C21orf58",13.4302843656468,1.53840925178772,0.232239853181367,6.62422590573336,3.49072578109416e-11,2.08205621748392e-09
"OPN3",11.4133487823223,1.42091964536295,0.214669753988089,6.61909569916306,3.6140284049735e-11,2.14873555071498e-09
"ARHGAP23",36.5181141632059,-1.41054883748201,0.213160843634242,-6.61729806203218,3.6582343178447e-11,2.16811353904262e-09
"SLC7A2",9.05169386900606,-2.09475142147381,0.316645637758293,-6.61544380116429,3.70438698760653e-11,2.18851900859577e-09
"FBXL6",29.1218351249818,1.74865121171238,0.264530778507804,6.61038848324712,3.83312777225982e-11,2.25743414448954e-09
"NR3C2",6.65359368288719,-1.51818984598569,0.229711589913806,-6.60911296010512,3.86629630656819e-11,2.26980772790319e-09
"DNMBP",7.76027698397033,-1.31730232848038,0.199370203699072,-6.60731796446729,3.91344928575151e-11,2.2902879221221e-09
"CYP4F22",4.17771704023838,-3.78969792755338,0.573871127535419,-6.6037438472098,4.00901998815209e-11,2.33888731746285e-09
"CADM3",6.01509616948164,-2.23339140069432,0.338307051379571,-6.60166967134396,4.06552605064342e-11,2.36446435636953e-09
"FOSB",150.822862737766,-2.6623584656163,0.403489145213699,-6.59833975014678,4.15787569742757e-11,2.40320066239242e-09
"UBE2S",33.7711554729825,1.60361331672956,0.243405437313501,6.58823950043542,4.45072299344469e-11,2.56452307298206e-09
"SLC39A4",32.5227696075992,1.54672337615394,0.234831599859706,6.58652147785046,4.50250449637334e-11,2.57997098254567e-09
"MELK",6.41967179324192,2.10488566211951,0.319578974158182,6.58643350259223,4.50517189088804e-11,2.57997098254567e-09
"KIF2C",7.80710286200861,2.41646817838161,0.367136425788024,6.58193523890984,4.64363860098574e-11,2.65113422146186e-09
"TUBA1B",250.9831931192,1.45453001554477,0.221084198635817,6.57907722270444,4.73376883695571e-11,2.6943515371075e-09
"PAMR1",5.34726493758049,-2.07488115054286,0.315840087833581,-6.56940404485999,5.05170359606967e-11,2.86657308313145e-09
"CDCA3",11.8528227708359,1.96783649537832,0.299761034274122,6.5646840995978,5.21432861487950e-11,2.94988790639956e-09
"PRDX1",98.993249973829,1.61958824265853,0.246780184295418,6.56287800125694,5.27790286124097e-11,2.96786652158156e-09
"CXorf36",11.486838175272,-1.27974215403886,0.194992805415363,-6.5630224218418,5.27279152196599e-11,2.96786652158156e-09
"WHSC1",32.9630141079273,1.00273631015254,0.152951228851499,6.55592189537822,5.52991704610577e-11,3.10024088089335e-09
"HIST1H4A",31.5381856532167,2.17225517249393,0.331687629323821,6.54909915368956,5.78851907623496e-11,3.22584664579792e-09
"POGK",25.0522297910561,1.07558328681639,0.164733050911342,6.52925008591782,6.60998035278247e-11,3.67267033351476e-09
"AFF3",23.2598033743914,-2.02314333417606,0.310066928950074,-6.52486010367724,6.80650328995183e-11,3.7706412439202e-09
"HIST1H2AD",67.2052495440347,2.08037932394825,0.318949374862489,6.52260041219763,6.90987729862452e-11,3.81658281917222e-09
"SLC9A4",13.962082299228,-4.16455227358551,0.639056303660964,-6.51672200043724,7.18604268845411e-11,3.9574109425e-09
"ITIH5",27.2522114641079,-1.4342855693281,0.220119618871212,-6.51593700135958,7.22372903682088e-11,3.96646462907085e-09
"HIST1H2BK",156.865165432906,2.05841351112097,0.315985348170667,6.51426885150763,7.30445671914916e-11,3.99902939852773e-09
"GNAO1",4.83982537052588,-2.24041082208718,0.344902382523901,-6.49578238831659,8.26029858800085e-11,4.50910860641485e-09
"CENPM",11.6439272966756,2.24161856671605,0.345259910816229,6.49255386012421,8.43933319191002e-11,4.59340849445388e-09
"COL12A1",59.8740094507508,1.9063957593189,0.293917171030135,6.48616667286661,8.80477615349837e-11,4.76453234810612e-09
"ISG15",54.036113921432,2.84209965690898,0.438303791674495,6.48431455737818,8.91360823022168e-11,4.80948416329504e-09
"NLGN1",2.55357490209021,-3.56841049075361,0.550894583940123,-6.47748334215146,9.32650655559850e-11,5.01776803707402e-09
"CENPA",4.51996778408868,2.68547781873302,0.415110531700968,6.46930784369391,9.84528402454051e-11,5.25147449868991e-09
"TCF19",10.9494773433544,1.74280313785668,0.269389562030361,6.4694531024935,9.83582504457978e-11,5.25147449868991e-09
"SEPHS2",23.6615023572874,1.21928481082522,0.188666350589816,6.46265116706529,1.02884280752041e-10,5.47221264205085e-09
"JAM2",8.23204051419552,-1.38412609005769,0.21438471806948,-6.45627217518887,1.07313534264215e-10,5.6839697844633e-09
"KRTCAP2",91.5147661271232,1.24622003804215,0.193031490972687,6.45604523781294,1.07474494290832e-10,5.6839697844633e-09
"MLF2",93.9904814140235,1.07174747361684,0.166037951750039,6.45483434552536,1.0833734208894e-10,5.71341762558878e-09
"SLC6A9",20.7579969109864,1.57167046818981,0.243893607955965,6.44408224291625,1.16302009658987e-10,6.11617526288344e-09
"ALDH1A2",6.95368753916349,-2.2375038579446,0.348096165535601,-6.42783253444301,1.29436221005486e-10,6.78776632008827e-09
"RAPGEF3",33.6514630610574,-1.48106930006104,0.230469410254142,-6.42631617978213,1.30733339361781e-10,6.82686529031493e-09
"MRPS12",21.5511460238978,1.12391403307829,0.174898116485615,6.42610712832194,1.30913159458608e-10,6.82686529031493e-09
"EGR3",38.8068710336724,-2.3746034502436,0.369737802273253,-6.42239834727168,1.34143828372278e-10,6.97585273504749e-09
"PLOD1",55.5327592092213,1.24619233595244,0.1946129175178,6.40344100405598,1.51913572218908e-10,7.87798466598556e-09
"ILF2",55.442739641896,1.56739419887345,0.24483658849801,6.40179724970391,1.53558499223998e-10,7.9412288698416e-09
"PCNA",23.8505095203967,1.70246949876898,0.266094108818234,6.39799770964458,1.57427648538006e-10,8.11883085788958e-09
"GPR133",11.3118497261585,-1.48692418345887,0.232463259366573,-6.39638361567551,1.59099996192525e-10,8.1824733579015e-09
"MDFI",49.7631661786772,2.40755806036737,0.376621325795273,6.39251655567717,1.63177552714987e-10,8.36912563636289e-09
"MRGPRF",11.3030667578715,-2.20369645591935,0.34486887297377,-6.3899546425199,1.65934967163163e-10,8.46404344800298e-09
"TMEM132C",3.0547597401637,-3.85281270917832,0.603890380495012,-6.37998688771983,1.77103146878411e-10,9.00909713643883e-09
"RNF114",17.2588438742336,1.03899538019155,0.162896060034564,6.37827200959368,1.79097211544452e-10,9.08577674544396e-09
"ARHGAP6",3.92540481813907,-2.00058960163077,0.314021973667139,-6.3708586321777,1.87972846310054e-10,9.51020343567046e-09
"MOSPD2",40.1305679065793,-3.15274834961433,0.495021445348642,-6.3689126587109,1.90372972966725e-10,9.60560279004269e-09
"ACACB",50.3068154093424,-1.26176944125982,0.198179973042482,-6.36678581538281,1.93030427867322e-10,9.71343681362541e-09
"CKS1B",570.558315462594,-1.73818188605239,0.273170371184147,-6.36299565914733,1.97856284824789e-10,9.92951339084404e-09
"SPP2",87.3353731328603,-3.53035518401637,0.554899284116021,-6.36215487219519,1.98942692631511e-10,9.93064472924511e-09
"CERS3",8.14346271721923,-5.78116779987436,0.908639383538361,-6.36244466683992,1.98567583127378e-10,9.93064472924511e-09
"PCK2",16.6637844917564,1.12196626087789,0.176391209614471,6.36066991847336,2.0087570169065e-10,9.98026789951947e-09
"DNALI1",6.04288937353143,-1.91212030906237,0.300620888985603,-6.36057033666062,2.01005984799364e-10,9.98026789951947e-09
"MUC5B",37.064150349564,2.31955274844939,0.364761831103379,6.35908845350651,2.02954517848168e-10,1.00502861902054e-08
"RGS19",13.9835854865053,1.4627385932814,0.230368591990775,6.34955737950586,2.15935314301983e-10,1.06648052452479e-08
"KCNJ15",21.344769081881,-2.6864443477355,0.42323530677436,-6.3474013267228,2.18982340759659e-10,1.07867580993195e-08
"ANAPC11",39.3657866823906,1.3600411601937,0.214349379844496,6.34497361821326,2.22463565690134e-10,1.09294008101819e-08
"LAPTM4B",31.1525982082772,1.64441532360258,0.259234804423828,6.34334316048896,2.24831852396364e-10,1.10167607674219e-08
"SMG5",54.5301563541319,1.31574066238807,0.207940794309991,6.32747733196888,2.49201565422683e-10,1.2178911059885e-08
"SAPCD2",9.84021349192646,1.65447917328499,0.261525849818518,6.32625484032687,2.51182860646294e-10,1.22436888391793e-08
"LRRC59",26.9067205633087,1.31891840499254,0.208548592287656,6.32427383241851,2.54426195772168e-10,1.23694860647672e-08
"IFI6",109.941923649187,2.43366861735634,0.385425365871353,6.31424092146714,2.71490719196074e-10,1.31307260017397e-08
"TMED9",65.5327738265581,1.44273250562314,0.228767799506179,6.30653662245056,2.85348484587859e-10,1.37652993766686e-08
"SCAMP3",34.7109473681822,1.14141529385695,0.18110395067327,6.30254221188238,2.92802759176475e-10,1.4088491523365e-08
"FRMPD1",363.466400619741,-2.68066726329185,0.425386860049918,-6.30171619070999,2.94367819669185e-10,1.41273851552802e-08
"CLPSL1",8.68259002938558,4.03039162079691,0.639792338737661,6.29953092084386,2.98547743055958e-10,1.42912508079787e-08
"BEGAIN",7.56603909155624,-2.22173888679953,0.353109313697185,-6.29192944116116,3.13544008061258e-10,1.4894537115765e-08
"GPRASP1",6.11070774038495,-1.55682614635257,0.247420370797342,-6.29223107756049,3.12935165355351e-10,1.4894537115765e-08
"MCM5",42.3921797635108,1.46973141640898,0.233874749047001,6.28426720882815,3.29403716887348e-10,1.56082182501774e-08
"HHLA1",85.4992259038212,-2.73798983884007,0.435894838904665,-6.28130822957253,3.35735754742927e-10,1.57880372929363e-08
"IFI27",99.3014380991081,1.83558688110973,0.292346152879226,6.27881319125157,3.41167210969802e-10,1.60031423658172e-08
"JMJD4",22.6734767525112,1.38331853920946,0.220415693504566,6.2759530286386,3.47499087872906e-10,1.62592994273165e-08
"UBE2T",4.48854604510855,2.66596489457538,0.424817157355504,6.27555843358839,3.48381606402006e-10,1.62598405247976e-08
"UBQLN4",26.8518065871371,1.02433870110604,0.163292704634534,6.27302183155465,3.54107232123954e-10,1.64858551534217e-08
"SULF1",49.604629876809,1.39228656955101,0.22227628217311,6.26376577806304,3.75789797512794e-10,1.74517903725531e-08
"RPP25",10.5174844532605,1.50407121000436,0.240523895665695,6.25331302672262,4.01835577212795e-10,1.86150580421481e-08
"SAMD1",28.7619548616285,1.28881673192415,0.206228513593576,6.24945944411976,4.11875670199301e-10,1.9032937838987e-08
"MMP1",4.87482143651516,4.84119613501276,0.775157956731297,6.24543177680485,4.22630976479989e-10,1.94817227158146e-08
"MAB21L1",2.71108883642542,-2.9621556993073,0.474580802854904,-6.24162562305102,4.33046436710549e-10,1.99126697708109e-08
"ADIRF",59.7004384893969,-2.14036693269253,0.343216141097508,-6.23620709051807,4.48307538941301e-10,2.05637676768922e-08
"SCARA5",8.18831721214084,-2.3506751338735,0.376988545060891,-6.23540201597855,4.50619337651829e-10,2.06191480750539e-08
"IGF1",19.2948515238151,-1.87125010635998,0.300435308877021,-6.22846267089716,4.71034286829591e-10,2.15005845985859e-08
"EGFLAM",6.99892179652478,-1.99077083456647,0.320618502044386,-6.20915768077188,5.32693522953967e-10,2.42557448293356e-08
"HPSE2",3.70387131847941,-3.63798826899473,0.586205952915711,-6.20598997826592,5.43536421092523e-10,2.46892492588232e-08
"CDR2L",10.3640625360015,1.25107588427868,0.201681753980788,6.20321798866277,5.53201280097262e-10,2.50672686847956e-08
"ATP6V0B",66.9484528194274,1.49354136784579,0.240884891476961,6.20022849373531,5.63812451015372e-10,2.54862340145423e-08
"SPARCL1",47.3869979843599,-2.05964504041135,0.332314802913501,-6.1978732886824,5.7231184575577e-10,2.58079464937548e-08
"PPP1R14A",14.5324913303325,-1.80157662077978,0.290946087687273,-6.1921321407017,5.93557570505679e-10,2.67015091175193e-08
"NACC1",43.1039883856342,1.5117472681599,0.244487501795799,6.1833314875234,6.27627264728655e-10,2.81662822240848e-08
"MFAP4",68.6120601892726,-2.19885324999528,0.355751690256409,-6.18086522206107,6.3751226941285e-10,2.85412867090372e-08
"YIPF6",57.1357521388867,-2.49117878068102,0.403378454779067,-6.17578542226669,6.58353523818582e-10,2.94038323831797e-08
"GULP1",10.5232415332037,-1.46959760974641,0.238120583915897,-6.1716529733753,6.7579701724315e-10,3.01108699639913e-08
"UBL4A",16.4822154452241,1.12774959586907,0.182756718364695,6.17076956710626,6.79584044460066e-10,3.02075107762499e-08
"OPHN1",48.632209359095,-2.74016742116778,0.444709507400386,-6.16170191005322,7.196723090412e-10,3.19134497327557e-08
"LAMA3",18.3728827215703,-1.84583383190449,0.299622478940453,-6.16053187475071,7.25010195780908e-10,3.20739700119284e-08
"FHL1",80.6643753604942,-2.6866128696681,0.436823674196643,-6.15033714600981,7.73184126551544e-10,3.41242895002146e-08
"METTL13",14.8214693677988,1.03972987596002,0.16926135873321,6.14274801845849,8.11058947130776e-10,3.57114610471332e-08
"POMK",14.8360109559954,1.12069467923844,0.182456442267224,6.14225875125352,8.13561858061652e-10,3.57373795956541e-08
"ARHGEF11",28.0680941267557,1.09226245193154,0.177922462162234,6.13898008524405,8.30529771924933e-10,3.63970899344286e-08
"ASTN2",123.275477722518,-2.57660947174561,0.419910012421681,-6.1360991534494,8.45723833376113e-10,3.69761551412146e-08
"MAMDC2",6.57515983570017,-2.08395283596383,0.339772635924662,-6.13337454410515,8.6034269770448e-10,3.7527424821133e-08
"SOCS2",11.4363655931542,-1.53557524828313,0.250432627886528,-6.13169003273371,8.69503907216471e-10,3.78386210811755e-08
"LHFP",21.9395620088217,-1.40824226883952,0.229764917169376,-6.12905697783879,8.84014662579867e-10,3.83806272923338e-08
"SEC61A1",74.6242193803773,1.1499533156273,0.187792335704424,6.12353699800224,9.15205914840938e-10,3.9622376145677e-08
"AL953854.2",4.85941213256695,-3.70323478693089,0.604782620201861,-6.12324935146919,9.16860383252046e-10,3.9622376145677e-08
"JTB",67.2659815308273,1.51087806364094,0.246790664547568,6.1221037935563,9.23478322648649e-10,3.98162050935973e-08
"PPM1G",35.1833387549606,1.01526524290814,0.165929588223676,6.11865101201564,9.43708248146008e-10,4.051761638961e-08
"NMRAL1",43.1689887548056,1.11466140468567,0.182176276785148,6.11858703205498,9.44087156756138e-10,4.051761638961e-08
"TAP2",570.911391337208,-1.57607354547227,0.257726249856434,-6.11530081375187,9.63749923697499e-10,4.12666223062124e-08
"YIF1A",44.2341328508794,1.43003943900195,0.234052759949281,6.10990205504024,9.96923031996549e-10,4.25893731907176e-08
"IGSF10",4.65311271671991,-2.09118743164878,0.342496740490911,-6.10571484169869,1.0234158697867e-09,4.36213490252234e-08
"NRXN1",4.29376577684448,-4.38043420850556,0.71854936072716,-6.09621892095573,1.08606654378646e-09,4.61862786012516e-08
"EXOSC4",20.9922233250903,1.39967030256444,0.229745025050291,6.09227687197166,1.11315939248585e-09,4.72308470416328e-08
"CTSB",349.506121329997,1.725869668106,0.283335629075503,6.0912553558384,1.12028686574417e-09,4.74254773165033e-08
"CMYA5",6.38554580413978,-1.75674951932773,0.28858672738437,-6.08742313012861,1.14742435430584e-09,4.84644010645605e-08
"KDELR3",8.49362032765634,1.39506548365018,0.229236270997987,6.08571007361407,1.15976146195359e-09,4.88749136189879e-08
"PER1",127.265985360654,-1.68833197819962,0.277473193488441,-6.08466697980305,1.16733687237017e-09,4.90833605186456e-08
"THOP1",27.9925999838513,1.03840979564356,0.170679107475866,6.08398890174879,1.17228722620354e-09,4.9180742080885e-08
"C7orf63",11.5320846169894,-1.84528191344883,0.303329774556147,-6.08341833949197,1.17646850491727e-09,4.92454944356514e-08
"SH3RF2",11.3536557291362,-2.11282441544594,0.347495922691939,-6.08014160016202,1.20076459911809e-09,5.01500543645091e-08
"ATP6V0E2",24.4310982974995,1.67699983439308,0.276016377644888,6.07572582722119,1.23428142109035e-09,5.14348210944994e-08
"TMEM132A",77.5324267395294,1.93719417951633,0.318902567492905,6.07456438731692,1.24324745114191e-09,5.15927928666359e-08
"INPP1",11.7006678140201,-1.84245097018193,0.303308127020217,-6.07451896618359,1.24359937811271e-09,5.15927928666359e-08
"RHOJ",14.6377499828142,-1.6257350208177,0.267780265022892,-6.07115322960308,1.26994940031067e-09,5.25691471272727e-08
"TSPAN17",15.6147625697356,1.05433439512144,0.173772132416462,6.06733876404663,1.30047065419877e-09,5.37134660248601e-08
"MRPS34",32.8252102543848,1.2414050295617,0.204652408284238,6.06591947766154,1.3120085539127e-09,5.40703922582696e-08
"FCGR3A",22.2913732677322,2.23484258351559,0.368679659672476,6.06174635590408,1.34651444263289e-09,5.53702161443028e-08
"ZNF423",7.03982587773914,-1.35801023244914,0.224126009221368,-6.05913716648497,1.36853655496298e-09,5.61521075705579e-08
"EGR2",18.0719155415803,-1.84212787799061,0.304722380580533,-6.04526610248033,1.49163602567616e-09,6.10687564985709e-08
"IQGAP3",17.1778277035734,2.69588705387591,0.446109970218763,6.04309975980565,1.511811104519e-09,6.16244574459939e-08
"CYB561",58.0881655250548,1.46481739475107,0.242442197618567,6.04192425716112,1.52286957486298e-09,6.17463085748504e-08
"CECR5",19.4242556628631,1.24631070139415,0.206279927597623,6.04184185979188,1.52364767292338e-09,6.17463085748504e-08
"CHP2",7.00559372366801,-2.24323414760155,0.371290153397437,-6.0417280853671,1.52472270892956e-09,6.17463085748504e-08
"LAMC3",5.86408071547847,-1.91118763237954,0.316402056824735,-6.04037676480154,1.53754778464347e-09,6.21309082067293e-08
"SERTAD4",13.7505934788545,1.65920877901418,0.274706950353768,6.03992282276605,1.54187958940425e-09,6.21713824073175e-08
"INMT",20.6938198966977,-2.38781548570198,0.395601283204554,-6.03591440947706,1.58065022278309e-09,6.35973254507272e-08
"NDUFB2",47.8836163232429,1.0846219061413,0.179771627871383,6.03333195000764,1.60613007657814e-09,6.43451553640285e-08
"IFI30",59.5579974122296,2.13947814513975,0.355004931575205,6.0266152800937,1.67428903056024e-09,6.69321240075571e-08
"PGK1",124.451736269601,1.69874255461343,0.281899042303193,6.0260671364267,1.67997421111712e-09,6.70158943319349e-08
"FAM13C",10.4556850673667,-1.76667624256678,0.293195181376009,-6.02559780919831,1.68485687659123e-09,6.70673625353556e-08
"NR1I3",25.6950063178886,-2.5745418999114,0.427381326175068,-6.02399249155961,1.70166263542215e-09,6.7592212214247e-08
"FAM90A26",11.7755454573416,-3.5179339827526,0.58406406715635,-6.02319879029791,1.71003197564096e-09,6.778043939117e-08
"MRPL11",15.7767102200358,1.32173269382026,0.219594313875961,6.01897503851968,1.75524931620078e-09,6.94253167037126e-08
"TMEM8A",41.2460820353293,1.63990130249827,0.272580116776344,6.01621762398697,1.78539513741439e-09,7.04683759416264e-08
"PLXNB3",30.6707645642526,1.70266762432713,0.283228645564089,6.0116363616259,1.83659930286945e-09,7.23364396313709e-08
"C1orf43",62.5482370663815,1.16762742749674,0.194269602188351,6.0103454907201,1.85128373769868e-09,7.27612970507299e-08
"RERG",26.0427831383359,-1.7935267099287,0.298551117635345,-6.00743592633052,1.88480253750645e-09,7.39230642283778e-08
"PDIA6",41.6027279460761,1.18742620111325,0.197686465088163,6.00661355638935,1.89438311063966e-09,7.41430572170476e-08
"MAZ",102.776278242291,1.52458544226336,0.254050868176617,6.0011030594214,1.95981543206559e-09,7.65435027222437e-08
"MCM7",57.4398034613218,1.12397902714636,0.187783149363945,5.98551590466707,2.15705041930903e-09,8.40709275116497e-08
"PRKDC",37.1606914675085,1.10126410263039,0.184141120628453,5.98054415478685,2.2239343019202e-09,8.64971447553087e-08
"KL",1.80842132302144,-3.18006608391023,0.532460084646001,-5.97240276897836,2.33784482528363e-09,9.05502594257679e-08
"FAM203A",15.0333282141071,1.72136453596505,0.288210802745482,5.97258853439016,2.33518342674428e-09,9.05502594257679e-08
"LAGE3",16.1276129064301,1.15826277466734,0.19396301963481,5.97156497588097,2.34988435889258e-09,9.08281389154566e-08
"CAPNS2",3.43920409701568,-4.211466976882,0.705896896888127,-5.96612195838771,2.4295871539202e-09,9.37147987118516e-08
"GPAA1",101.547565268014,1.48567774048763,0.249358238961764,5.95800542493985,2.55335043589835e-09,9.82855655418274e-08
"FXYD1",19.9983945810677,-2.34057628155261,0.392916470219697,-5.95693094831044,2.57018772864818e-09,9.87301125640596e-08
"AURKA",7.06211235296524,1.79924364911103,0.302250082282012,5.95283096542638,2.6354345816115e-09,1.0082157418874e-07
"PSMA7",63.3097388629188,1.36815243216827,0.229821959564547,5.95309706157134,2.63115144015887e-09,1.0082157418874e-07
"FAM195A",14.5874804060765,1.38320189782117,0.232396751841331,5.95189858232424,2.65049606981637e-09,1.0119041130348e-07
"C11orf84",12.4105807886577,1.18817703284296,0.199678948560371,5.95043714627598,2.6742725679525e-09,1.0188978483899e-07
"C1QB",59.6888748724421,1.84897233469311,0.31080917000476,5.94889891654353,2.69952279794969e-09,1.02642344429578e-07
"GAPDH",832.764920258561,1.82398953164063,0.306659740756911,5.94792628187378,2.71560837249249e-09,1.0304409086598e-07
"LCN10",3.45011780191794,-2.75465492238867,0.463315663972012,-5.94552512810159,2.7557197007473e-09,1.04337938375156e-07
"COLGALT1",58.4465064433175,1.32463289845763,0.222917322486872,5.94226094087254,2.81117450325511e-09,1.05810114518689e-07
"TMEM178A",5.94791098907867,-3.17711694881647,0.534656919861438,-5.94234700944271,2.80969844490874e-09,1.05810114518689e-07
"COPE",86.6506993802978,1.27840129430343,0.215212640814215,5.94017753542192,2.84713573493022e-09,1.06948042324773e-07
"RASD2",9.98236765100992,2.18536333778099,0.368229365310478,5.93478832395228,2.94224850538402e-09,1.10298870174727e-07
"IL33",4.1720718266942,-2.37294385580044,0.399962455019656,-5.9329165175862,2.97600190489869e-09,1.11340640405919e-07
"MEOX2",3.14590802066441,-2.33342821182023,0.393526181897389,-5.92953739588453,3.03789322614189e-09,1.13428857277686e-07
"ACSM2B",11.8684133052596,-2.92621153828036,0.493784527163729,-5.92608997914204,3.10232642516327e-09,1.15441053743247e-07
"NUDT8",17.416951929433,2.16012071213374,0.364516223619499,5.92599333627627,3.10415174776957e-09,1.15441053743247e-07
"FAM126A",13.8891296322255,-1.43690496132949,0.242526503892834,-5.92473374359292,3.1280378931712e-09,1.16098090313346e-07
"GRIK5",2.82263517861753,-2.41309035946491,0.407785902039193,-5.91754238534951,3.26787663963371e-09,1.21047597193099e-07
"BOLA2",5.67102253272892,1.61911374309239,0.273657939084347,5.91656046416891,3.28743656464937e-09,1.21530996486018e-07
"GRIK3",3.06745428871432,-2.84645713878229,0.481167948440171,-5.91572474436381,3.30417390099592e-09,1.21908344975678e-07
"ADH1B",37.8191363917061,-2.6055310821827,0.440590452373834,-5.91372570182694,3.34454690100245e-09,1.23154528786617e-07
"EFNA4",13.8752714478227,1.3903335321551,0.235173262149365,5.91195410332007,3.38072751024747e-09,1.24241736001594e-07
"BTNL9",36.9578531396506,-2.3551921115453,0.39844386516385,-5.91097596791152,3.40086653051243e-09,1.24736301096536e-07
"HN1L",24.812421699479,1.10297684058411,0.186749501652079,5.90618358189246,3.50123798710905e-09,1.28165905845763e-07
"HIST1H3G",31.9260099633691,2.69538824173431,0.456511544093519,5.9043156227001,3.54113651666749e-09,1.2937275465688e-07
"CERS2",62.9800445801206,1.31068247469696,0.222078311817065,5.90189318341281,3.5935381083171e-09,1.31030787000336e-07
"SENP7",77.9329686595945,-2.12239209582202,0.359754324118848,-5.89955965371764,3.64472984038351e-09,1.3263832629653e-07
"HIST3H2A",17.4895166372457,1.85617243239449,0.314821328886826,5.89595514051644,3.72520176352707e-09,1.35303096737912e-07
"TMEM246",1.96880007032297,-3.77961718088719,0.641393789389588,-5.89281848906619,3.79663377935544e-09,1.37629817527741e-07
"DPP3",23.9767288530722,1.27889315569954,0.217061556621258,5.89184550044957,3.81906165761198e-09,1.38174538926275e-07
"FAM90A1",13.4380785877724,-2.74168283758613,0.465365541302095,-5.8914607856759,3.82796505778999e-09,1.38228780781202e-07
"NR2F6",28.1560876637009,1.42851380165471,0.242622292470789,5.8878093480495,3.91348191775513e-09,1.41044003711526e-07
"PDXK",95.4890812115882,1.13059542471228,0.192046295817948,5.88709831604372,3.93034928876329e-09,1.41378980485399e-07
"TSTA3",47.0771865975098,1.1514109769514,0.195667075312451,5.88454125515378,3.99159567728257e-09,1.43305960959978e-07
"EGR1",272.318817156473,-2.2527475832378,0.383021257775622,-5.88152103181042,4.06513279813606e-09,1.45227034644782e-07
"UQCRH",66.1067095757204,1.11966208368412,0.1903738354497,5.88138638400208,4.06844175473891e-09,1.45227034644782e-07
"PALM",24.3388836933422,-1.68172314246133,0.286045767301323,-5.87921002407211,4.12229062107902e-09,1.46868403826191e-07
"ZBTB16",37.9078669181398,-2.01116943188139,0.342484878553333,-5.87228680103085,4.29824295889995e-09,1.52845519618482e-07
"NR4A3",15.6490988233748,-2.36079329724064,0.40205296841671,-5.87184645480289,4.30967817280738e-09,1.52960801916618e-07
"HAL",5.9076226647416,-3.53385114169042,0.601929737802375,-5.87086983705506,4.33514540518966e-09,1.53572731630903e-07
"AOC3",23.8716796714683,-1.96475021729825,0.334752758797993,-5.86925773025183,4.37750502698044e-09,1.54610232914381e-07
"XKR9",13.148629776542,-2.85551470384388,0.486531541780705,-5.86912555225649,4.38099594042035e-09,1.54610232914381e-07
"ITGB2",53.8178577693658,1.41870180119646,0.241823731092628,5.86667733057612,4.44614716416391e-09,1.56546356038599e-07
"MEX3A",17.4692459257724,2.32921848958618,0.39704150994836,5.86643570313119,4.45262815664984e-09,1.56546356038599e-07
"CDHR1",7.29548576973647,-5.90250482289879,1.00707770010217,-5.86102226501486,4.60026283751514e-09,1.61432907732275e-07
"MMP14",114.975952349673,1.51263713324622,0.258216822665834,5.85801156419531,4.68442039443954e-09,1.64077756742574e-07
"KM-PA-2",18.262018161663,2.22056266784703,0.379231162100385,5.85543301755153,4.75768749223095e-09,1.66331962158164e-07
"BGN",140.82023655021,1.85746259479413,0.317571856247675,5.84895216075285,4.94679323482682e-09,1.72297915860041e-07
"PLA2R1",8.23263712352578,-1.56709456309227,0.268001015718273,-5.84734561133018,4.99479049940878e-09,1.73645705462686e-07
"DTL",6.21711950995356,2.21129500367771,0.378265494114654,5.84588083788435,5.03894676962607e-09,1.74793431116951e-07
"TUBB",189.707173583636,1.57557645233006,0.269545704262355,5.84530351408055,5.05645461375145e-09,1.74812872563196e-07
"SHE",5.53705642824021,-1.39939912508487,0.239470782897385,-5.84371549695281,5.10491847720812e-09,1.76162149817003e-07
"OGN",5.40908375920845,-2.08420576093207,0.356875611748113,-5.8401462367317,5.21550213251052e-09,1.79646142641769e-07
"NCAPH",3.84750517039381,2.2578781864138,0.386706325148901,5.83874128654194,5.25966689904219e-09,1.80833740954362e-07
"MME",19.700979140058,-1.54445358226865,0.264717551757065,-5.83434521820457,5.40022109102559e-09,1.85324866816832e-07
"ABHD12",27.8477771625911,1.05780273876109,0.181421496582381,5.83063616323304,5.52164608047697e-09,1.89144239773256e-07
"PEAK1",89.7540050744923,-1.84444473976999,0.316474001298587,-5.82810825597579,5.60592104805512e-09,1.91679377373885e-07
"CKAP4",26.6839785688387,1.17570683254351,0.201830134989287,5.82522938215306,5.70342084381998e-09,1.9465660645937e-07
"KDELR2",57.7145027161895,1.29480936207875,0.222304012004293,5.82449839930801,5.72843871101415e-09,1.95153690321028e-07
"TMPO",26.9159050075007,1.10712111948783,0.190148205414081,5.82241161349314,5.80044772784406e-09,1.97246919182369e-07
"LOH12CR2",19.5117909896444,-2.54926650846546,0.437973267837312,-5.82059841472426,5.86373038014122e-09,1.99036331757921e-07
"FOXM1",25.6236425332316,1.51614176911844,0.260615217297313,5.8175488938883,5.97167977981080e-09,2.01622399235995e-07
"PRICKLE1",17.3541194080588,1.26993039284838,0.218293702541512,5.81753105134528,5.97231703773664e-09,2.01622399235995e-07
"HIST1H4J",246.999838964241,2.27355811423637,0.390777731985262,5.81803395676119,5.95438076572865e-09,2.01622399235995e-07
"PIK3R1",57.8622162248468,-1.71547994527088,0.294925272602184,-5.81665969191065,6.00351882956472e-09,2.02309915215061e-07
"B4GALT2",35.1380280240154,1.23660836455147,0.212701499805271,5.81382061566836,6.10628489699246e-09,2.05402221156671e-07
"COL11A1",22.7440007103731,3.52493018569987,0.606405281909255,5.81282896250787,6.14258140022261e-09,2.0625153266323e-07
"AKR1A1",74.0918089222621,1.08492851601869,0.186655849670748,5.81245387129552,6.15636512464045e-09,2.06343232516899e-07
"ZDHHC12",22.6300696109515,1.42252413591522,0.244925943251213,5.80797655418719,6.32323685645886e-09,2.1155646751475e-07
"LSM2",16.2782761447896,1.15270743579389,0.198490216411889,5.8073765882843,6.34592945789043e-09,2.11935880231407e-07
"AHCY",40.7415416627119,1.23812029699896,0.213220208845312,5.80676805310322,6.3690270868119e-09,2.12327440506592e-07
"GPC3",5.51560694123886,-1.78702654062424,0.307912261359199,-5.80368749440465,6.48721355759342e-09,2.15881978443336e-07
"FBLN5",31.6527355716305,-1.40954419988184,0.242940922955162,-5.80200397173098,6.55270093872389e-09,2.17673263033872e-07
"PLP1",7.80589892320677,-2.15160210721334,0.370911998155193,-5.80084256620108,6.59825279075545e-09,2.18797124956685e-07
"ABCB1",4.07555359515786,-2.08006051845223,0.358653794169142,-5.79963338536793,6.6460056678321e-09,2.19989857824038e-07
"PTN",8.40628552285091,-2.47230162755823,0.426500816456643,-5.79671018709424,6.76284110009486e-09,2.23461027429506e-07
"CYP4F3",3.27866255424033,-4.119922262836,0.711155981698308,-5.7932751307206,6.90268878730334e-09,2.27678969911954e-07
"C1QTNF7",4.5757318553327,-3.20867460095433,0.55420472610498,-5.78969187705289,7.05156609655654e-09,2.32179342956991e-07
"PGP",9.75070312338428,1.19749552844417,0.206844437646771,5.78935330370904,7.0657935606876e-09,2.32238204198023e-07
"CAV1",48.651673193155,-1.53406258543481,0.265149121245536,-5.78565970058118,7.22283027684155e-09,2.36566699014658e-07
"CCNA2",2.97881126425285,2.53750560447652,0.438987945035016,5.78035372764989,7.45437252817596e-09,2.43722733324898e-07
"APH1A",60.7608611031932,1.12937194504202,0.195406501915477,5.77960269474826,7.48772378198866e-09,2.44385166583822e-07
"CLDN7",46.735467919364,1.58874096915228,0.274987319051139,5.77750630332457,7.58158824544419e-09,2.47016877756017e-07
"CFL1",329.518861397419,1.63350540683356,0.282752780322252,5.77715064365367,7.59762577421108e-09,2.47108145607573e-07
"MYT1L",17.2870144701706,-2.51542496087988,0.435441127111867,-5.77672802191157,7.61672567176171e-09,2.47298524462816e-07
"SHMT2",40.0407754917229,1.10342002227461,0.191084453055187,5.77451490496681,7.71750984658121e-09,2.50135748829557e-07
"NXPH3",4.11011165373078,-2.32349008210183,0.402810617205282,-5.76819473682771,8.0125188376995e-09,2.59247338268652e-07
"BUB3",38.3462083307368,1.17796322504611,0.204237212242238,5.76762291314949,8.03974461521394e-09,2.59678187234306e-07
"DMD",97.0453878945411,-1.89118680794449,0.328027144024515,-5.76533632168916,8.14951603315444e-09,2.62769110229638e-07
"NCAPG2",11.3737819107139,1.49054655489635,0.258559208371689,5.76481713524442,8.17464265164632e-09,2.63124833902733e-07
"PDIA4",35.8511377123216,1.30705549783681,0.226751712403396,5.76425855391789,8.20175994261142e-09,2.63543298396924e-07
"CRX",34.9280886137565,-2.14295824299944,0.372013627965903,-5.76042940877385,8.39002138685552e-09,2.69129397373206e-07
"ZSCAN22",19.9196583774073,-2.35214964867705,0.408417015493993,-5.75918622252321,8.45204165025011e-09,2.70653800289055e-07
"SNRPB",51.7971206513309,1.31113355072209,0.227673092427865,5.75884280720396,8.46925242850279e-09,2.70740536965272e-07
"SLC38A6",57.8601405180435,-2.20809607570863,0.383964597069516,-5.75078039111209,8.8832443563723e-09,2.83489382716435e-07
"ARPC1B",104.022083282864,1.57468006090718,0.27391639235205,5.74876168375979,8.98994250623442e-09,2.86404840697765e-07
"E2F3",6.20089637232868,1.4727861608462,0.256322598388559,5.74583033296817,9.14709923606131e-09,2.90915154408907e-07
"SORBS1",36.0352952367095,-1.62045775188666,0.282122385086065,-5.74381132993866,9.25689265242699e-09,2.93906341714557e-07
"MTCH2",25.5068420694182,1.20371856872983,0.209615460520738,5.7425085236532,9.32841817841716e-09,2.95674429495535e-07
"GPD1",20.210858988612,-2.54967647374186,0.444112638639104,-5.74105812785433,9.40867854163449e-09,2.97712914735211e-07
"OPLAH",27.8945975473613,1.4767729890479,0.257254503750831,5.74051364511098,9.43898147601512e-09,2.9816640469666e-07
"LPAR2",22.4482260475872,1.00885895579999,0.175761254597204,5.73993943154316,9.47104184592285e-09,2.98673784157996e-07
"RCC1",17.8834471342588,1.23147668732523,0.21467720912071,5.73641092302808,9.67038727187573e-09,3.03933434307488e-07
"RANBP1",40.7948945858361,1.05965139219726,0.184734307740831,5.73608337918412,9.68909759816566e-09,3.04009685815386e-07
"ADAM33",28.0972608067109,-2.2117384031403,0.385709159664525,-5.73421280703831,9.79662671373111e-09,3.06867825702426e-07
"FBXO48",9.81408267800642,-2.90395944112997,0.506589717599127,-5.7323694900336,9.9037233926793e-09,3.09702867701725e-07
"RHBDD3",27.0640217276191,1.30720920129212,0.228068285724573,5.73165706551054,9.94541941535238e-09,3.1048668071106e-07
"AGTR1",2.64454774049409,-3.63568553568896,0.634486610016723,-5.73012176820112,1.00358565447797e-08,3.1278698803755e-07
"IGF2",127.85136228904,-2.73019751779323,0.477705847604188,-5.71522733390398,1.09557460256627e-08,3.40888037588494e-07
"MORC2",23.9833382534148,1.0473417436221,0.183317539861244,5.71326532319193,1.10828675902934e-08,3.44269642334755e-07
"ABCC9",34.1303243390682,-2.53457005537095,0.443659281250311,-5.71287508790095,1.11083218648204e-08,3.44487144342744e-07
"ABLIM1",44.9499756731973,-1.24625077118474,0.218200806676112,-5.71148562724892,1.11994157301081e-08,3.46736139743596e-07
"FAT2",8.37317748802425,-2.08961466810598,0.365945474486608,-5.71018037875052,1.12856496305759e-08,3.48827471776858e-07
"GRAMD1C",5.54805169761099,-2.56845135966338,0.449881127023901,-5.70917783694207,1.13523224012574e-08,3.49730209420916e-07
"TMEM206",8.07162824157924,1.40167141998898,0.245712483304239,5.70451855412427,1.16672385502698e-08,3.58839664736386e-07
"TSPAN33",9.54611277924455,1.25773729173805,0.220559536947873,5.70248427768191,1.18073805117515e-08,3.62552609825476e-07
"PREX2",5.25913452839016,-1.57922591041927,0.277033253882817,-5.70049222714349,1.19461980056868e-08,3.66212759553641e-07
"INHBA",15.5741423728704,1.99418908503465,0.350039582297381,5.69703880900093,1.21906185824717e-08,3.73092882485516e-07
"PARM1",6.82734557753162,-1.43193445996766,0.251416568506698,-5.69546577010698,1.23035569221476e-08,3.75933067397009e-07
"TPD52L2",46.250542975023,1.05238613811497,0.184907695536221,5.69141341069181,1.25992044847256e-08,3.83923825739415e-07
"FGF7",12.851183445909,-1.9639592607409,0.345079835014642,-5.69131853403594,1.26062084299245e-08,3.83923825739415e-07
"SDPR",7.83372466449998,-2.28771127992408,0.40206506605212,-5.68990313529882,1.27111456799326e-08,3.86489216121598e-07
"TRIM14",26.2616449343557,1.29939113706075,0.228401008274204,5.68907793743528,1.27727167430666e-08,3.87729835571236e-07
"SERP1",52.6718851985995,1.00614154269717,0.176936653180303,5.68645062858677,1.29706861092418e-08,3.93100225606226e-07
"TAC1",2.60736024687184,-3.93287574358185,0.691677874043538,-5.68599327977678,1.30054509232106e-08,3.93515013428555e-07
"PSMB4",85.3221130873113,1.42153545122636,0.250370920947306,5.67771786694645,1.36503611851979e-08,4.12360182793624e-07
"TBX18",9.54281078940797,-1.21938958298779,0.214910280978178,-5.67394718129657,1.39544173419859e-08,4.20864325294886e-07
"SAMD10",10.1054859386529,1.29963874881844,0.229088908880261,5.67307581659366,1.402561176126e-08,4.22329267695101e-07
"CALR",232.618283412221,1.11093036257072,0.195999137875602,5.66803698532498,1.4444279098168e-08,4.34235501584055e-07
"SLAMF8",7.58483240674764,1.50304373563942,0.26523036041455,5.66693697241218,1.45372785542117e-08,4.36328703100609e-07
"KIF20A",5.39590390187656,2.17043469029728,0.383185537997237,5.66418738463176,1.47722908613804e-08,4.42670783452826e-07
"CDHR4",50.7371374198245,-2.17213537735548,0.383534534666137,-5.6634675134178,1.4834426611943e-08,4.43767569560106e-07
"LGALS7",12.7343126275282,-4.83379111268399,0.853797906022429,-5.6615167109077,1.50040892157419e-08,4.47462206978729e-07
"HIF3A",15.1982112716277,-2.13887201070995,0.377892207984544,-5.66000559291085,1.51368061837576e-08,4.50700214744131e-07
"FOXRED2",18.8592736842772,1.32547379385344,0.234297913328866,5.65721552967046,1.53848516512067e-08,4.57356362223533e-07
"HHLA2",10.8777041080689,-2.58402454901531,0.456887116019635,-5.65571770008997,1.55196374999123e-08,4.59898591247402e-07
"GPR17",7.34887764777406,-1.4261624204296,0.252209851672298,-5.6546657910994,1.56149809534657e-08,4.61990617147784e-07
"MEOX1",4.8262253425535,-1.70446890966286,0.301484091934032,-5.65359485048986,1.57126337659547e-08,4.63353162391171e-07
"ARF1",189.0962847638,1.31470059888156,0.232539312237664,5.65367028151304,1.57057362781753e-08,4.63353162391171e-07
"HSPB8",9.21262954554448,-1.87928957045995,0.33243015151528,-5.65318627655699,1.5750045330645e-08,4.63353162391171e-07
"COL5A2",43.456089301436,1.51338975186748,0.267710924282018,5.65307432233587,1.57603116459582e-08,4.63353162391171e-07
"FSIP2",104.357163309447,-3.05654124285656,0.540793791733832,-5.65195327604821,1.58634717732194e-08,4.65652758701624e-07
"KIF26B",11.5142138299613,2.04667127628238,0.362173113700443,5.6510856241394,1.59437641543137e-08,4.6727493406104e-07
"PLEKHH2",9.41427395282423,-1.53377206109034,0.271472126238589,-5.64983257154861,1.60604184876997e-08,4.69956038788191e-07
"ADCYAP1R1",3.90936139401328,-1.90530551815508,0.337573163499415,-5.64412614558557,1.66022317226507e-08,4.85050178450963e-07
"PCSK5",18.6929591411099,-2.57422479091672,0.456203193333299,-5.64271541395374,1.67388904055083e-08,4.87516918846233e-07
"CTXN1",17.2774654377628,1.99556343769652,0.353649936263157,5.64276487303418,1.67340808401649e-08,4.87516918846233e-07
"CCNB2",6.09650275343821,1.80512389549552,0.32000803869108,5.64087046962624,1.69192611023349e-08,4.92002625419767e-07
"TWIST2",14.3417194611142,-2.0627053913077,0.365709386621509,-5.64028561137946,1.69768326702753e-08,4.92909003299175e-07
"UCP2",62.6534231584632,1.78449271835116,0.316575881115085,5.63685620037001,1.73182607900178e-08,5.02041320945408e-07
"RORA",31.1399777509171,-1.3338185102549,0.236659610412471,-5.6360208990888,1.74024269393094e-08,5.02919363049485e-07
"MAPT",10.3595175143901,-1.50354909591282,0.266769676269732,-5.63613195074155,1.73912143642623e-08,5.02919363049485e-07
"ALDH1L1",10.6597568396677,-2.03831284507041,0.361698899810459,-5.63538580332576,1.74666857847394e-08,5.03996223980369e-07
"PI4K2B",36.5747938407552,-2.38527582414899,0.423458381886462,-5.63284593287029,1.77259804239142e-08,5.10688778601934e-07
"UCHL1",14.2753197144215,2.54880603950571,0.452708343633676,5.63012826105136,1.80075658979593e-08,5.18001922571653e-07
"PSRC1",8.95234256653767,1.76526851028912,0.313791979910786,5.62560110934321,1.84863085537108e-08,5.29326525136851e-07
"CHTF18",26.6156120911444,1.50241713612508,0.267337590589006,5.61992472818698,1.9104067344932e-08,5.46177386313226e-07
"FER",15.3617816590974,-1.56713752152164,0.279070528226011,-5.61556080996292,1.95925735392905e-08,5.57581944214962e-07
"SEMA6B",88.4940803122277,-1.86717166726098,0.332494520702982,-5.61564642723519,1.9582873749097e-08,5.57581944214962e-07
"SPTLC3",16.494948824635,-1.96603658773117,0.350184802701268,-5.61428300875847,1.97378942835436e-08,5.60862630714574e-07
"CCL27",4.50662784919189,-4.18705330779481,0.746402671307798,-5.60964405507623,2.02743174431979e-08,5.75229836393712e-07
"AP1S1",17.9547256604854,1.43135847940085,0.255200618335466,5.60875788129675,2.0378387627657e-08,5.77305187588358e-07
"MMP28",6.03332230444571,-1.90435905424006,0.339590719911534,-5.60780652291136,2.04906901775054e-08,5.79607113520982e-07
"CMC2",11.4454097634899,1.05647847117051,0.188419531463714,5.60705391295362,2.05799570284124e-08,5.81251464089911e-07
"TRIM46",6.39836223647299,1.45603980139031,0.259748251732848,5.60558075627723,2.07557817687047e-08,5.85331857764271e-07
"STMN1",38.3617755245473,1.53288578591832,0.2734941477981,5.60482115708716,2.08470106900575e-08,5.87017862100578e-07
"USP5",29.6648828454531,1.05421171783045,0.188213199541046,5.60115720045739,2.12925525598092e-08,5.98660638161263e-07
"CHRDL1",11.4334239683253,-1.83644529801793,0.327884988973155,-5.60088250385958,2.13263260039235e-08,5.98708541604883e-07
"MRVI1",12.5474913601172,-1.19797002082109,0.213939553046053,-5.59957242017427,2.14881151402152e-08,6.01441711473279e-07
"APOBEC3B",6.0137360103456,2.54960478856201,0.455314172874145,5.59966049918406,2.14772005415788e-08,6.01441711473279e-07
"HIST1H2AE",59.1239201192546,1.89316427038418,0.338155851049722,5.59849626882785,2.16219055222142e-08,6.04280470350625e-07
"FOXP4",36.3585002301053,1.39032668317002,0.248362828950893,5.59796604444749,2.16881216327751e-08,6.05225026550492e-07
"C16orf59",6.94054885808766,1.85588632918826,0.331846023816519,5.5926128264065,2.23677707235643e-08,6.23259569609288e-07
"HSPB7",13.0856154026262,-2.61961474321592,0.468793368090942,-5.58799445880331,2.29706972068562e-08,6.39105731974365e-07
"ARHGEF25",15.4858750614361,-1.28995444639295,0.231043832492234,-5.58315897238375,2.36188665601287e-08,6.56161636623575e-07
"CDH6",4.09073408421208,-2.34146172267367,0.419457295306723,-5.58212182472951,2.37601846394774e-08,6.59106815801491e-07
"HIST3H2BB",14.7089292413704,1.98575209820428,0.355895186445701,5.57959807783813,2.41074982837322e-08,6.66759830309623e-07
"EFCAB1",2.83841912353677,-3.27326974517387,0.586783243268317,-5.57832859531251,2.4284059898748e-08,6.70649577292494e-07
"HDAC2",33.5471429708228,1.21430830693375,0.217757231625502,5.57643159710126,2.45502384630287e-08,6.7699911649377e-07
"SEC14L6",7.11361141151988,-3.43272484830668,0.615955094118845,-5.57301154107244,2.5037297718533e-08,6.89411963285093e-07
"THEM6",31.2961455881159,1.52945576553496,0.274477487344001,5.57224485087952,2.5147763989617e-08,6.91433882065036e-07
"TAGLN2",229.269009266271,1.52965202797966,0.274846700021124,5.56547350891277,2.61441500842974e-08,7.1777226165257e-07
"RCCD1",10.8549658204401,1.15584906741485,0.207718522196115,5.56449687391655,2.629098417163e-08,7.20743588105963e-07
"UNG",11.6769499264038,1.04926786013337,0.188619510031464,5.56288084916743,2.65357079513477e-08,7.2594653834015e-07
"TRPC6",4.05347925751362,-2.19531055365794,0.394646198087942,-5.5627307808721,2.65585454864386e-08,7.2594653834015e-07
"C1orf21",7.14188801075502,-1.68913351436643,0.303710959658177,-5.561648207452,2.67238585390569e-08,7.29397244248031e-07
"SLC29A2",12.7089082418177,1.57391463778781,0.28302581210791,5.56102860748165,2.68189226298028e-08,7.30923308869763e-07
"BAX",36.6328937515969,1.12338841361069,0.202071845329694,5.55935148599155,2.70778895254623e-08,7.3583277955001e-07
"MIF",267.313355720356,1.9857944879917,0.357186806480594,5.55954041964199,2.70485951511022e-08,7.3583277955001e-07
"POP7",16.686748292146,1.10261305907165,0.198374861216038,5.55822976919873,2.72524480018211e-08,7.39499929863369e-07
"CAPN11",3.05428375414176,-2.56440239569071,0.461642634187321,-5.55495139699369,2.77689015916651e-08,7.52420353867627e-07
"FAM96A",11.5685285501963,1.08166056939665,0.194751392780059,5.55405819674017,2.79112488042719e-08,7.55181310039061e-07
"HTN1",12.6918026917184,-2.66717177186311,0.480252385702204,-5.55368770935574,2.79705000248779e-08,7.55689240180095e-07
"HIST1H1A",5.51336775415345,2.43272197332396,0.438098157390854,5.55291532795373,2.80944179609415e-08,7.57940301897135e-07
"FUT8",103.399149938428,-2.15210586243516,0.387891794832783,-5.54821187533217,2.88606006603971e-08,7.7748709051797e-07
"POPDC2",6.27627686795662,-1.56064413423183,0.281326645036222,-5.54744515590015,2.89874043641048e-08,7.79777884832094e-07
"SLC12A8",20.7194742230099,1.19058810883083,0.214766340656864,5.54364387449826,2.96241043937672e-08,7.95758856010418e-07
"ADAMTS8",3.13953763680925,-2.1998052254034,0.397004151376165,-5.54101315509686,3.00726622695289e-08,8.06647315962405e-07
"CSTA",8.19424313410461,-2.90005817893732,0.523528537401523,-5.53944622260983,3.03429602272645e-08,8.11565507855015e-07
"MPP4",14.0121573808154,-2.44131908950162,0.441320421004432,-5.53185162822345,3.16867887691902e-08,8.45086656474303e-07
"C2orf91",7.89863921556544,-2.58780056862226,0.467781588382172,-5.53207016456591,3.16473252803083e-08,8.45086656474303e-07
"C19orf48",39.2721370218436,1.12302349264408,0.203038742551511,5.53107982511845,3.18265440458825e-08,8.47603068177717e-07
"ARHGAP24",10.2616008056513,-1.2495761140512,0.225988712864019,-5.52937400374984,3.21375524530064e-08,8.54666619295122e-07
"MMRN1",2.58843297792115,-2.90127717497983,0.524805152313365,-5.52829400052737,3.23359826199882e-08,8.58720426077609e-07
"POLA2",13.5979280808178,1.02334626072111,0.185133404946916,5.52761540260407,3.24612696034173e-08,8.6082307134403e-07
"TONSL",16.3845456190713,1.5921785926641,0.288107798621044,5.5263293818656,3.26999958205232e-08,8.65923719111131e-07
"CTTNBP2",3.63753070994145,-2.08221289889513,0.376906921092417,-5.52447509549599,3.30472106456476e-08,8.73878718900275e-07
"CCDC180",22.9896741716804,-1.77869846679526,0.322328872331962,-5.51827223520768,3.42348806647819e-08,9.04004225078944e-07
"SNCA",4.62086762016164,-2.58499465781182,0.46857198396647,-5.51675035269884,3.45325430615264e-08,9.10576336745248e-07
"SOX5",6.82566689198218,-1.69613167651788,0.307705742675435,-5.51218726621862,3.54401542931729e-08,9.3187639506936e-07
"ACADSB",20.0005984721047,-1.60641130661159,0.291477505231984,-5.5112702619472,3.56253207858117e-08,9.35427726793698e-07
"COL28A1",19.6149216915684,-1.77663819599568,0.32242021999608,-5.51031878837277,3.58184393027194e-08,9.39177588964142e-07
"PCDH11Y",11.3304939200435,-2.45100939844208,0.445016776675664,-5.50767864697474,3.63596355964811e-08,9.52030907364243e-07
"SERPINH1",139.626870983811,1.36832331811648,0.248698655707594,5.50193290841619,3.7564991221151e-08,9.82214035164801e-07
"PODXL2",12.70528902618,1.788673915913,0.325136846090654,5.50129564649306,3.77010409707859e-08,9.83818176933608e-07
"COL14A1",36.0378185207689,-1.72464754622843,0.313506606092323,-5.5011521694077,3.77317378908599e-08,9.83818176933608e-07
"ATF3",57.1603451291736,-1.77343684362752,0.322408874542097,-5.50058321485802,3.78537045193313e-08,9.85621770810873e-07
"CHPF2",29.1446142797407,1.21878724698208,0.221586911609191,5.50026731331332,3.79215892331728e-08,9.86014135646383e-07
"ADAMTS14",4.22414428141493,1.97651150805876,0.359404399479494,5.49940821793287,3.81067996066787e-08,9.89451796741425e-07
"AMY2B",12.2971482152523,-1.35676272763201,0.247004531292664,-5.49286574028249,3.95463435956175e-08,1.02398153756808e-06
"DLG2",6.45587857676747,-1.97938912963514,0.360415351302456,-5.49196676135489,3.97482212102633e-08,1.02778329885652e-06
"RAD51",3.78795780074749,2.21770712601172,0.403913809206134,5.49054544673894,4.00694367519927e-08,1.03465603696121e-06
"ANGPTL1",5.07870874541573,-2.3674820852401,0.431256215152606,-5.48973441322423,4.0253855902175e-08,1.03798236994158e-06
"RAD9A",288.684551255394,-2.04953353453554,0.373483340459802,-5.48761701663139,4.07392138643969e-08,1.049048805013e-06
"C14orf23",59.9505318144174,-3.71423146288977,0.677266661849903,-5.4841492607131,4.15463883275097e-08,1.06836022546319e-06
"FBXO15",9.5957500496654,-2.31004876535874,0.421392079151662,-5.48194633845344,4.20671844021111e-08,1.08026446437828e-06
"TMCO1",24.9067224236907,1.08779868643176,0.198493658108398,5.48026922773378,4.24679108926606e-08,1.08905690721852e-06
"SLC22A3",2.40333539388489,-2.52384537381492,0.460584098598251,-5.47966241452111,4.26138118434079e-08,1.08980445658162e-06
"CLSTN2",5.27915300699468,-1.65005305038299,0.30111284442632,-5.4798494349408,4.25687932965438e-08,1.08980445658162e-06
"FRA10AC1",8.81029954019947,-2.08335682534061,0.380252411077122,-5.47887867282467,4.28029724831848e-08,1.09314458726208e-06
"HIST1H4K",63.3291493737353,2.27315562568981,0.414963828887776,5.47796089066975,4.30255195531219e-08,1.09583004711764e-06
"DMKN",110.598175409458,-2.75128325791346,0.502522814088627,-5.47494199423199,4.37654947288831e-08,1.11164356611363e-06
"FBXO41",7.64012566632727,1.51992465574652,0.277608210779123,5.47507096955372,4.37336302358551e-08,1.11164356611363e-06
"ATP10B",10.1542359216829,-2.15349099677882,0.39340739359467,-5.47394642765046,4.40122168521031e-08,1.11639140816836e-06
"USP17L2",11.5752522079856,-2.64863893040846,0.484161700017449,-5.47056681747649,4.48598537500952e-08,1.13480841417416e-06
"STEAP3",22.232889883206,1.41909042103919,0.259497933893852,5.46860007609802,4.53603928185842e-08,1.14436915341912e-06
"SPTBN4",3.42802933883386,-2.1381044676297,0.391364995504423,-5.46319801768151,4.67632460568029e-08,1.17658091729711e-06
"SYBU",9.05403034955507,-1.83406813195339,0.33583319631066,-5.46124728615808,4.72800922591429e-08,1.18798390630678e-06
"QPRT",24.7259304335429,1.56663380793314,0.286946983429238,5.45966292870781,4.77039387920818e-08,1.19541588363674e-06
"HMCN2",34.3497839653965,-1.66528668599272,0.305010634341265,-5.45976598353451,4.76762579821325e-08,1.19541588363674e-06
"CASQ2",2.4177937572884,-3.50717665335762,0.642835332998107,-5.45579322312693,4.87547030016507e-08,1.22010931680673e-06
"AC139426.2",13.1891954097286,-1.84247573091152,0.337873143256148,-5.45315828643622,4.94829855416707e-08,1.23667718484264e-06
"GIPC1",68.9259933103224,1.23592744486627,0.226694257794182,5.45195743770619,4.98183812899598e-08,1.24339486671425e-06
"SLC17A7",2.35220682019635,-2.97311076041456,0.545580711695541,-5.44944257866963,5.05279330971953e-08,1.25774131065538e-06
"LIME1",17.2058781300327,1.27937154830042,0.234761719715353,5.44965997800516,5.04662104687939e-08,1.25774131065538e-06
"C19orf10",31.313819635257,1.16182959925222,0.213364932279855,5.44526969281124,5.17269517383442e-08,1.28587278562337e-06
"GRIA4",4.36233447593772,-3.06650354728973,0.563423444296013,-5.442626817067,5.25005588512205e-08,1.30336826222531e-06
"AKAP6",10.3708334234632,-1.54936953596927,0.284785865190101,-5.44047203654237,5.31395808053446e-08,1.31748052331339e-06
"LIMA1",36.0075102822383,-1.00042574642748,0.183923955792707,-5.43934444056333,5.34769787544124e-08,1.32408715698425e-06
"TACC1",48.4330948532093,-1.3781337147304,0.253438719583875,-5.43773941485018,5.39608158057129e-08,1.33429731162497e-06
"LSR",74.6004834975268,1.6575039652542,0.304851587069161,5.43708491462818,5.41593310937723e-08,1.33566783644602e-06
"CLEC2B",7.29076993237003,-2.5711069429796,0.472876413155825,-5.43716470403095,5.41350924838042e-08,1.33566783644602e-06
"COMP",27.4924137366238,1.63538404578941,0.300814445329006,5.43652098887993,5.43309418739175e-08,1.33636937265371e-06
"SLX1A",44.8795900737202,1.42534781854451,0.262171539017576,5.43669928431458,5.42766270997434e-08,1.33636937265371e-06
"ITGA7",35.8466411972905,-1.54120931874878,0.283538304322132,-5.43563001984306,5.46031512080234e-08,1.34129767092446e-06
"NDUFA9",29.6582058919589,1.11778917863447,0.205653342597084,5.43530761289128,5.47019784480075e-08,1.34195957377904e-06
"DSN1",6.73379110760641,1.13912162704345,0.209675865932033,5.4327741630155,5.54846114581591e-08,1.3593729807249e-06
"GALNT16",18.3087219968426,-1.69124868478492,0.31136547777262,-5.43171547752633,5.581486542535e-08,1.36567198247164e-06
"EDNRB",5.00475332133753,-1.57864595008617,0.290714522997985,-5.43022733713619,5.62823092499473e-08,1.37350906063695e-06
"DIO3",1.55691717782328,-3.73269731174438,0.687437048606912,-5.42987509810342,5.63935060111051e-08,1.37442606229938e-06
"LYPD6B",4.21597439262698,-2.38911820230231,0.440176781373167,-5.42763340412746,5.71061813029603e-08,1.38998083278353e-06
"NR4A2",20.408184281318,-2.06558436486581,0.380612042364635,-5.42700738534943,5.73067580002866e-08,1.39304669935853e-06
"VIPR2",4.1063942211462,-2.22085561507041,0.409439399808098,-5.42413753075868,5.82350323804613e-08,1.41307565223985e-06
"FILIP1L",27.874994515631,-1.69967970080578,0.3133631669784,-5.42399324462704,5.82820853942197e-08,1.41307565223985e-06
"PHGDH",42.3157247061171,1.26434483500225,0.233139360107804,5.42312904357983,5.8564681243605e-08,1.41808564738892e-06
"GMIP",17.8880053159567,1.04402377250931,0.192615870342194,5.4202375466494,5.95198937511757e-08,1.43934831145168e-06
"HIST1H2BG",61.2463798397869,1.60601788878891,0.296356013227908,5.41921816026668,5.98602359473275e-08,1.44570600892711e-06
"EXOSC2",106.197929170166,-1.89303563510559,0.349756341174498,-5.41244121192682,6.2171269220233e-08,1.49940963962316e-06
"MAL2",14.8648352938438,1.22801214587426,0.226895758947168,5.41223049550343,6.22444946546655e-08,1.49940963962316e-06
"TBC1D8B",330.872113330616,-2.51515613162499,0.464808479922868,-5.4111666208034,6.26154763775655e-08,1.5064024851711e-06
"MPZL1",55.4415561679354,1.16307163355083,0.215006841247911,5.40946337707348,6.32138756538361e-08,1.51884149881785e-06
"HRCT1",9.57647942474211,2.58114414163813,0.477376497432757,5.40693594158709,6.4112060035817e-08,1.53710165460128e-06
"HIST1H2BH",62.8507364601601,2.18013087103035,0.403215557958756,5.40686198237754,6.41385285197061e-08,1.53710165460128e-06
"LRRC8D",12.6068343067789,1.16937993177748,0.216400266934697,5.40378229815381,6.52501321707641e-08,1.56173681730256e-06
"TPD52",42.7041716598401,1.08346205773776,0.200665257006813,5.39935050989405,6.68825881696871e-08,1.59671488304334e-06
"CLN6",28.1692431611001,1.10635235769664,0.205109274020936,5.39396554825557,6.89194380355221e-08,1.64114411822087e-06
"TP53AIP1",3.30817909914945,-2.97588492641282,0.551763045333741,-5.39341108756715,6.9132541679436e-08,1.64412155492152e-06
"ANKRD30BL",10.5233458456881,-4.12679726774584,0.765222971580921,-5.39293437469609,6.93162736069425e-08,1.64639378112978e-06
"AK9",35.3779600904303,-2.63071020232747,0.487962104138707,-5.39121825243149,6.99816159381738e-08,1.66008486397683e-06
"CDC25B",29.319094758939,1.46920468013345,0.27253449096906,5.39089446957466,7.01078386726474e-08,1.66096857890819e-06
"LAMTOR2",26.9676062178164,1.09257546430857,0.202796477824928,5.38754654926392,7.14259801899434e-08,1.68928472380866e-06
"S100P",14.3484030137704,3.26840774913873,0.606676210723728,5.38740054639643,7.14840072745645e-08,1.68928472380866e-06
"KCNK5",9.40104800535936,1.8096688179384,0.335975338794755,5.38631443733407,7.19171038256274e-08,1.69737093719423e-06
"TIMP4",3.85283697928312,-2.69696458016691,0.500834357541588,-5.38494322435328,7.24675193335945e-08,1.70820216974606e-06
"HIST1H4H",116.829610185558,1.58404866789407,0.294336441028724,5.38176198080578,7.37602548845662e-08,1.73429496025185e-06
"ABCD1",15.4139290343817,1.22367304962747,0.227495694548727,5.37888443143863,7.49487988080553e-08,1.76002405653784e-06
"VGLL1",9.961557101119,3.05193347455734,0.567784004189577,5.37516635205935,7.65120089500293e-08,1.79447574759811e-06
"RFWD3",18.1217304751853,1.08522223259515,0.201914638177983,5.37465853089139,7.67279503300927e-08,1.79728244004078e-06
"AKR1B1",152.931644282864,-1.98521052531774,0.369382610903243,-5.37440168193989,7.68373951532706e-08,1.79759063924362e-06
"TPRG1",9.13453141082811,-1.70968990637027,0.318186507193133,-5.37323194956387,7.7337739959514e-08,1.80703162365978e-06
"FANCI",14.286811195632,1.46752387202437,0.273178223785752,5.37203826749866,7.78515814514308e-08,1.81676396764595e-06
"HIST2H2AB",39.489750961042,1.67225008566269,0.311536583772805,5.36774867789592,7.97255411110517e-08,1.85817244319878e-06
"SYNGR2",99.7188488702058,1.20348340415147,0.224246450139869,5.36678909922909,8.01506846754774e-08,1.86575203517018e-06
"LETM2",5.69660472256641,-1.58203495036868,0.294821229165854,-5.36608220121997,8.04652810249758e-08,1.87074262945862e-06
"STK33",26.7651106138763,-2.05413213055385,0.38290061046548,-5.36466141450311,8.11012057804469e-08,1.88318210287956e-06
"KIAA1683",44.9666164309808,-1.52945200912133,0.285295132304961,-5.36094673878437,8.27869257734968e-08,1.91993679163405e-06
"RPGR",5.41280112543378,-1.91769454269664,0.35773861485058,-5.3606025826919,8.29448100239082e-08,1.92121173490861e-06
"SH3BGRL2",3.02705220172293,-1.96493701841768,0.366822993746842,-5.35663535796165,8.47859879343244e-08,1.96142454615353e-06
"SEMA5A",14.0125604938854,-1.4316495945914,0.26751487353589,-5.35166353806243,8.71493270416925e-08,2.01111345678783e-06
"INTU",15.9563279553975,-1.87803864572386,0.350957343009675,-5.35118778145093,8.73787913672228e-08,2.01391932843788e-06
"ALDH6A1",45.0695465028956,-1.72909651988614,0.323226356057458,-5.34949111507099,8.82018908445785e-08,2.030383600712e-06
"KIAA1328",508.443775624737,-2.37882713426602,0.444863097075666,-5.34732404171841,8.92641207326589e-08,2.05001569128767e-06
"EPHB4",64.706331089257,1.21346511264544,0.226973156647533,5.34629350258293,8.97735931833463e-08,2.05894743383279e-06
"AUP1",58.6155965227382,1.01830594600148,0.190507887009669,5.34521673609135,9.03089264490377e-08,2.06774619442634e-06
"PSG9",3.55248702296256,-4.98319078714165,0.932295460304515,-5.34507674800217,9.03787505839571e-08,2.06774619442634e-06
"AOX1",8.47560185720271,-1.52234598572009,0.284904923061305,-5.34334742047443,9.12456380215146e-08,2.08247532545679e-06
"AC140481.2",29.2967986913117,-2.02858677154499,0.37968327279339,-5.34283945832101,9.15017981354622e-08,2.0857717574981e-06
"NAV3",114.727760860647,-2.1355016831024,0.399885742854056,-5.34027962052598,9.28033293921536e-08,2.11028667042889e-06
"PUF60",98.5890223329212,1.32444408639542,0.248009643693908,5.34029268648132,9.27966408153049e-08,2.11028667042889e-06
"LLGL2",64.1950521642524,1.19723269521182,0.224312687687197,5.33733828235945,9.4320964458704e-08,2.14218745192159e-06
"CIDEA",10.7233403425597,-3.52965492648152,0.661482813791834,-5.33597374397136,9.50331540166384e-08,2.15312372856386e-06
"POLH",12.1304090189602,1.27497736239541,0.238950506436036,5.33573827238028,9.51565785462004e-08,2.15330686652002e-06
"ADAMTS5",4.7415982135148,-1.47079480005443,0.276361443306208,-5.32199710082131,1.02634208398446e-07,2.31970706609031e-06
"FH",14.9076863558363,1.19292542539962,0.224196042455927,5.32090313607624,1.03253371445955e-07,2.33072560090838e-06
"HIST2H2AA4",509.658120596505,2.32703359703159,0.437355169396175,5.32069530638992,1.03371407014416e-07,2.33072560090838e-06
"HNRNPA1L2",13.4418245920857,-1.38689211140078,0.26077384860791,-5.31837114344261,1.0470032947688e-07,2.35784131604809e-06
"RBM24",3.74599869757431,-3.60600683684172,0.678214726439602,-5.31691025904442,1.05544089060651e-07,2.37397903454614e-06
"SYTL2",70.0142019542545,-1.86864036294035,0.351685709082442,-5.31338156394151,1.07609384852313e-07,2.4175205846063e-06
"TMED3",45.3261411419048,1.27401827458533,0.239820790043764,5.31237627210235,1.08204891361039e-07,2.42797730386927e-06
"PTCHD4",6.46602057529219,-2.61180900837918,0.491925981061196,-5.30935366077823,1.10014675088219e-07,2.46266662976253e-06
"ADAM32",22.9423537434321,-2.05038919028512,0.386223285988692,-5.30881814916035,1.10338351906011e-07,2.46695412183632e-06
"GREB1",41.3799753487889,-1.49306828330294,0.281409235448519,-5.30568330823698,1.12251698038853e-07,2.50673080225759e-06
"SSNA1",21.9641150051109,1.01752470435368,0.191810528515743,5.3048428166453,1.12770124854977e-07,2.51303215520144e-06
"C1QC",82.9567689916402,1.84034284506642,0.34731824056746,5.2987221231445,1.16615950256825e-07,2.59178949445794e-06
"ABCC10",531.481599101112,-1.87466280607404,0.353864951734781,-5.29767866776216,1.17284124970094e-07,2.60044813428348e-06
"C20orf24",21.3574677163827,1.20494874397913,0.227568563763538,5.29488222824644,1.19093138587352e-07,2.63742562786154e-06
"TCIRG1",129.600377340925,1.5765411520051,0.297777238450507,5.29436420395553,1.19431198840094e-07,2.64177849661814e-06
"GLI3",21.4397553840483,-1.14004120975283,0.215390992544439,-5.2928917606321,1.20397186890294e-07,2.65371320195383e-06
"POSTN",69.1860403867152,1.77866127385982,0.336155383025136,5.29118783656908,1.21524473732172e-07,2.67540141521925e-06
"GPM6A",2.61129416318038,-4.22014665110524,0.797656622401747,-5.29068089273598,1.21861825593132e-07,2.67710741181388e-06
"CCL5",215.805262585126,-2.15266802260667,0.406882311025794,-5.29064047335841,1.2188876212126e-07,2.67710741181388e-06
"GAS7",28.5316315346435,-1.16720276627777,0.220672491886869,-5.28929888948804,1.22786104786367e-07,2.69364722709363e-06
"OAS2",19.6217483430636,1.61872951852876,0.306052974510024,5.28905011010027,1.22953206441583e-07,2.69414719607737e-06
"COL4A6",10.8919007702299,-1.36393250117936,0.257915852415211,-5.28828487433804,1.23468585112608e-07,2.70226848237664e-06
"APOA1BP",41.4813496339574,1.38287969955164,0.261526371222535,5.28772564344929,1.23846542770958e-07,2.70736663582085e-06
"EBPL",95.1102425884827,-1.88074295534157,0.355825246989032,-5.28558041132911,1.25306813745956e-07,2.73608526996872e-06
"EEPD1",9.28590442676835,-1.12549647799811,0.213021838523372,-5.28347931742513,1.26753179928833e-07,2.76443354683572e-06
"ATOX1",49.2470542086313,1.52806124625513,0.289250483368381,5.28283039827815,1.27203142848892e-07,2.7710098878016e-06
"EMCN",4.72974918947374,-1.41833698300612,0.268548199073334,-5.28149876968196,1.28131343406287e-07,2.78797674831233e-06
"PGA3",7.56202600752685,-3.44502927285875,0.65263800178314,-5.27862193658081,1.30159038810706e-07,2.82879987841334e-06
"RPUSD1",17.3229282062091,1.19619749016459,0.22668373035987,5.27694461470868,1.31355565098599e-07,2.84571147331464e-06
"IGFBP6",23.1529724535307,-1.94018232357045,0.367675316720201,-5.27689033051657,1.31394466227287e-07,2.84571147331464e-06
"CNTN4",11.9946297712673,-2.11686885141444,0.401188637068017,-5.27649254197483,1.3167986964712e-07,2.8485880491797e-06
"GOLGA6L4",20.7824579059574,-1.42346041361377,0.269836092386358,-5.27527804388606,1.3255495744105e-07,2.86419965331825e-06
"DAPK1",26.7238851621629,1.04014846324679,0.19721060016115,5.27430301615045,1.33261567250493e-07,2.87613895838088e-06
"TUBB3",586.651819331179,-1.56788242204926,0.297364994151006,-5.27258572087697,1.34514974049715e-07,2.89983839553595e-06
"CCL14",17.0939105230798,-1.95814136485162,0.371451734278741,-5.27159031483269,1.35246706554205e-07,2.91225001690941e-06
"MAML3",7.22056129638013,-1.24304508488811,0.236020669661208,-5.26667891703054,1.38913856909174e-07,2.98776819658684e-06
"CENPO",8.08557314779532,1.18997703588405,0.225970450022458,5.26607366479016,1.39372377542299e-07,2.99418057115901e-06
"CLPS",5.00470194001982,3.45328943380747,0.656117195837662,5.26322043640188,1.41553686432534e-07,3.03405943973476e-06
"HIST1H2BD",97.4224575487812,1.8054674211423,0.343253115652579,5.25987191029515,1.44155784023526e-07,3.08628937148533e-06
"C10orf32",23.1532349957852,-1.57101416645681,0.298899210879753,-5.25599971252123,1.47222519397884e-07,3.14473365519346e-06
"RTL1",2.88319003523331,-2.25559980428531,0.429131857409872,-5.2561928585296,1.47068066128311e-07,3.14473365519346e-06
"PPP1R15A",48.2145599321811,-1.35650025051977,0.258130702219215,-5.25509069187659,1.47951546013417e-07,3.15669418574227e-06
"PENK",4.90100155516926,-3.10245464111477,0.590894421146042,-5.25043820027536,1.51737806789655e-07,3.23009477189975e-06
"REL",47.9888144133345,-2.22296555795981,0.423733564653191,-5.24613989401386,1.5531898455379e-07,3.30256278204407e-06
"ADRM1",46.9204878591366,1.23160771307097,0.234815090473663,5.24501091725666,1.56273073519247e-07,3.3190694078849e-06
"AC009403.2",89.2022851332799,-1.68263551693718,0.320844257944621,-5.24439965893862,1.56792005329339e-07,3.32630675851526e-06
"RAP2A",17.0404646019234,1.39908297799038,0.267231775737872,5.23546638167287,1.64568778327027e-07,3.48337247458874e-06
"OSBPL2",56.7104655406125,-1.90603470723804,0.364148685645911,-5.23422102665894,1.65682099113975e-07,3.50296614763171e-06
"PAQR6",11.5684733223902,1.34368209460974,0.256730846589187,5.23381631954753,1.66045463908788e-07,3.50667733677959e-06
"DGUOK",18.1402061733819,1.08443025974318,0.207298344072719,5.23125384620907,1.68364119811952e-07,3.55162683928738e-06
"CCNE1",3.27363515229844,2.0322422749118,0.388564897792305,5.23012316979303,1.6939713875462e-07,3.56938508285552e-06
"METRN",37.567807579645,2.09700555140466,0.401040083409359,5.22891760239377,1.70505330239286e-07,3.58868546813668e-06
"PAPPA",5.10919131717162,-2.05891145594469,0.393853190206032,-5.22761147337066,1.71713871251156e-07,3.6100520972836e-06
"TRABD2B",3.1929072506863,-2.00348051327677,0.383287584703779,-5.22709472790553,1.72194290761274e-07,3.61608010598675e-06
"HAGHL",18.5672559606202,1.46696823840496,0.280661300571903,5.22682762253195,1.72443128481523e-07,3.61723681530512e-06
"PID1",8.34419601636664,-1.67557900456499,0.320625578875409,-5.2259679668792,1.73246353555981e-07,3.63000692989519e-06
"HIST1H2BC",123.655038558968,1.5463433017576,0.295920952648177,5.2255282632726,1.73658590633498e-07,3.63456527862867e-06
"RIC3",27.8051768680966,-1.87743978582854,0.359316228874453,-5.22503476035459,1.74122395911714e-07,3.64019149974893e-06
"TMEM182",390.300365336229,-2.30870182511447,0.442126966755585,-5.22180730584288,1.77185291435841e-07,3.69594659867677e-06
"TFDP1",38.4611716622704,1.19429221504966,0.228895033063037,5.2176414624111,1.81215812322287e-07,3.77580133955889e-06
"TIMELESS",7.8203096781638,1.30284994197238,0.249732494982821,5.21698204337404,1.81861882361308e-07,3.78503844125224e-06
"KRT23",40.4769629641503,1.98123144149627,0.379815659003566,5.21629741831595,1.82535003966466e-07,3.79481735974382e-06
"ADM2",6.0288469594526,1.61400314322515,0.309541617219202,5.21417170887943,1.84640379728281e-07,3.83431729604814e-06
"KCNJ12",3.63543551111803,-3.54255441237898,0.679522090963106,-5.21330278955025,1.85507729450785e-07,3.84804866790744e-06
"ANKRD20A3",6.8187520063804,-2.96218675612194,0.568327740069834,-5.21211010350815,1.86704676811364e-07,3.86857892496265e-06
"CCDC74A",14.4023337519144,-1.77670736310972,0.340897414723908,-5.21185343851513,1.86963233247552e-07,3.86964146507599e-06
"MOCS1",13.7161258066041,-1.33605389979325,0.256363861941047,-5.21155317944341,1.87266144324672e-07,3.87161865824729e-06
"MRPL14",16.3818575316573,1.26296392347561,0.242383484915619,5.21060221539142,1.88228641439154e-07,3.88721295025172e-06
"RGS5",26.1318600934844,-1.31003700592718,0.251456209991365,-5.2098017621922,1.89042507320609e-07,3.89970670626349e-06
"PMEL",7.05471917493436,-2.23553467290219,0.429264468469051,-5.20782603059394,1.91065931290735e-07,3.93709698815312e-06
"GDF10",2.17639166483833,-2.49894702863513,0.480068648703108,-5.20539517709805,1.93584198556536e-07,3.9802019855198e-06
"SHISA6",2.28244035784324,-3.53757364906782,0.679818257766783,-5.20370497357458,1.95354058679687e-07,4.00336434850832e-06
"RAPGEFL1",20.0289326633366,-2.13382403734145,0.410075108181159,-5.20349563962999,1.95574343638453e-07,4.00348401467794e-06
"KANK2",143.922727058255,-1.20140567367972,0.230990231848106,-5.2011102983339,1.98101486874702e-07,4.05077399612685e-06
"CCT5",47.3278354913562,1.09290204761547,0.210151946874327,5.20053258544895,1.9871827448733e-07,4.0518546242272e-06
"GNG2",9.83214137735156,-1.38806113604809,0.266904158117064,-5.20059764463949,1.9864872226079e-07,4.0518546242272e-06
"OXLD1",14.3553133553291,1.11889087978088,0.215248069948121,5.19814593483022,2.01286080855591e-07,4.09347477504688e-06
"CYC1",54.424682829982,1.35868326740341,0.261403697234446,5.19764365147768,2.01830559513701e-07,4.10008130093719e-06
"SSBP2",368.437804183745,-1.77224247585598,0.341025368111432,-5.19680540386334,2.02742397302137e-07,4.10966103717003e-06
"CACNB4",3.94472840434147,-2.07805660065532,0.399866638928289,-5.1968741534049,2.026674625745e-07,4.10966103717003e-06
"DSC1",5.2386886714443,-4.24862772938398,0.817697454178423,-5.19584316628791,2.03794018815827e-07,4.12649732892915e-06
"IGFN1",2.69413132211589,-2.73559620283354,0.526662397169233,-5.19421211299144,2.0558863647861e-07,4.15832530272933e-06
"PSMB8",24.1526340037949,1.1191198635923,0.215500665468943,5.19311558113767,2.06803705359543e-07,4.17837486510531e-06
"MAGEF1",14.8662813523736,1.08699401052914,0.209378719993152,5.19152094618159,2.08583116202967e-07,4.20977102312777e-06
"PLIN4",38.0603121329239,-2.42737853831776,0.467604901660931,-5.19108873687106,2.09067950130338e-07,4.21133730006198e-06
"FAM153B",8.21715215586325,-3.15932473147163,0.6086100038638,-5.19104962359221,2.0911187943422e-07,4.21133730006198e-06
"PLOD3",53.0328241339209,1.02519944679504,0.197560260951717,5.18929992224296,2.11086172796462e-07,4.24651698269089e-06
"NT5DC2",39.4122909383882,1.16541045997882,0.224777561050208,5.18472775722708,2.16330633001694e-07,4.34570172667072e-06
"ZNF471",36.7966618327156,-1.73145702917252,0.333961714097006,-5.18459738372759,2.16482007917069e-07,4.34570172667072e-06
"VSIG1",30.1308559518466,-1.73866258785399,0.335369326277817,-5.18432203431061,2.16802048864459e-07,4.34745161143995e-06
"CADM2",2.35178092944657,-2.97303636796458,0.573511897768019,-5.18391402085114,2.17277127189667e-07,4.35230331277241e-06
"DDIT4",94.6078932423572,1.62562425210465,0.313644168252209,5.18302081356553,2.18320664529667e-07,4.36851927771099e-06
"MYOC",2.07286643311347,-4.18759837745513,0.808145092782756,-5.18174077260757,2.19824588547449e-07,4.3909830195345e-06
"PALMD",14.6293863769766,-1.86092778699248,0.359137019090215,-5.18166518090139,2.19913713817813e-07,4.3909830195345e-06
"CDCA5",10.826283566607,2.07223944760077,0.399967169930904,5.18102385242959,2.20671268642251e-07,4.39670428418589e-06
"STAP2",76.6296971587234,-1.62364914237807,0.313377391427497,-5.18113044142087,2.20545188311245e-07,4.39670428418589e-06
"CTSZ",108.276598439581,1.28369411740827,0.247805075415837,5.18025756838968,2.21579731189913e-07,4.41009808271268e-06
"PTGS2",6.89986675660991,-2.28716473147922,0.441590078141794,-5.17938433106012,2.2261939727077e-07,4.42607191442813e-06
"SDF2L1",16.3988106404396,1.3001596058202,0.251087195877429,5.17811990084469,2.2413317114023e-07,4.45142784257122e-06
"WNT4",7.41734417432031,-1.48801276296575,0.287483873493465,-5.17598689931237,2.26709365616494e-07,4.4978078073266e-06
"N4BP2L1",11.644053010974,-1.1162897981532,0.215690837621795,-5.17541593542594,2.27403803651804e-07,4.50679576472985e-06
"HOXD8",4.22637455430691,-1.90905485603972,0.369132711782143,-5.17173036987961,2.3193609755434e-07,4.59174443822055e-06
"CCR6",14.7103405798741,-1.74697249444407,0.338154927785255,-5.16618966899538,2.38914355216785e-07,4.72488569654889e-06
"TBXA2R",34.2928256069046,-1.89566621498134,0.367200984341758,-5.16247585332458,2.43704819596157e-07,4.81452410268852e-06
"ZNF829",32.3366950540928,-1.78586855761131,0.34601631829712,-5.16122640226988,2.45337252758255e-07,4.84165028725566e-06
"ADCY7",45.7469342697413,1.07719237271973,0.208721444463581,5.16090895925017,2.45753678371918e-07,4.84474701322633e-06
"VKORC1",39.7055649359822,1.04329081161373,0.20217611372862,5.16030698371287,2.46545233148876e-07,4.85522463887803e-06
"BST2",50.7499565915072,1.86064793776025,0.36064508567548,5.15922166047348,2.47978583192425e-07,4.87830576356099e-06
"PSG5",4.04701759282142,-4.43791722875233,0.860435630331169,-5.15775622523238,2.49926712731213e-07,4.9114545262937e-06
"THBD",10.0139382448893,-1.41797265723875,0.274945860943859,-5.15727951812405,2.50563621498606e-07,4.91879311225813e-06
"ITPR3",26.5073248638019,1.08307128865271,0.210038422086505,5.15653887461903,2.51556276298621e-07,4.93309256535604e-06
"MMRN2",19.3195566605683,-1.15380626401772,0.223788649578256,-5.15578545289114,2.52569954537997e-07,4.94777385232934e-06
"SPRY1",43.5958525345769,-1.07938819626003,0.209479813122591,-5.15270746221429,2.56752324370473e-07,5.01392169840205e-06
"PDZK1",7.49035814630726,-1.75715602538066,0.341224604291809,-5.14955839432368,2.61100476838053e-07,5.09350554032351e-06
"KLRG2",9.25931364700965,2.58764727757775,0.502552481700899,5.14900905238755,2.61866244780362e-07,5.10311161148703e-06
"PDE6A",43.9742612303265,-1.62780516331418,0.316254890862609,-5.14713040128554,2.6450146306706e-07,5.14909052554635e-06
"DNMT3A",34.2242148451053,1.02507997829392,0.199195740956963,5.14609385406185,2.65966392924685e-07,5.17221519740724e-06
"GLDN",4.04099459088093,-2.26781250542546,0.440948127199168,-5.14303693686203,2.70332446478125e-07,5.2516508254944e-06
"PPP1CA",56.5146135745889,1.25378605532774,0.243929513640873,5.1399522616752,2.74808278656988e-07,5.33305171959179e-06
"B4GALNT3",14.7500611895157,1.84257876891428,0.358713753713127,5.13662704549613,2.79713279743152e-07,5.42260355090852e-06
"TMSB10",497.435009650649,1.43383466364086,0.279206955325433,5.13538304219406,2.81569944218932e-07,5.44728423691527e-06
"RDH12",3.91859576274236,-4.70307679710266,0.91581535435956,-5.13539850005198,2.81546800637166e-07,5.44728423691527e-06
"COL1A1",1233.94749871223,1.88630968156528,0.367462319267541,5.13334179494986,2.84642303927414e-07,5.50102191720589e-06
"MARCKSL1",78.6993418704948,1.62452805980009,0.316486799484198,5.13300416462141,2.85153594722861e-07,5.50520419842925e-06
"RRAD",3.30221191333266,-2.06279568357796,0.401886918835305,-5.13277637788282,2.85499044692109e-07,5.50617940636052e-06
"NPR1",6.65907035873962,-1.51728007452278,0.295806957015427,-5.12929137918705,2.90834879557753e-07,5.59752202728216e-06
"TTYH3",76.1958597690945,1.46472196786308,0.285571966081446,5.12908177914541,2.91158846966617e-07,5.5979861112459e-06
"ODF2L",87.2118355160137,-2.02307917245836,0.394723369433286,-5.12530883429311,2.97050426726761e-07,5.69952149698037e-06
"CLIC5",4.74553956428797,-1.94752376712334,0.379999677492792,-5.12506689472198,2.974321255713e-07,5.70098598797804e-06
"TIPARP",11.0394884726099,-1.62093278579768,0.316464421172536,-5.12200638476812,3.02301652363156e-07,5.78837902355668e-06
"CCDC122",17.341604871147,-1.75206987261689,0.34218848550066,-5.12018944779341,3.05228871415571e-07,5.83246448357962e-06
"VOPP1",32.3351468922985,1.02368153951139,0.199983262578027,5.11883607815419,3.07427014992991e-07,5.85329050267819e-06
"HIST1H2BI",24.0373881228802,1.81616775123466,0.354789249790482,5.11900445773705,3.07152702557351e-07,5.85329050267819e-06
"GSG2",9.92102173289129,1.58573306727517,0.309885726939016,5.11715425856716,3.10179932325813e-07,5.89089436072289e-06
"GLIPR1L2",12.7077078436609,-2.10288690075253,0.410965037322352,-5.11694842571989,3.10518483902502e-07,5.89133086989411e-06
"MGAT4B",78.3103275670763,1.22775604866595,0.240187622321609,5.11165411772137,3.19350136170527e-07,6.05273877377418e-06
"PIK3C2G",4.99294176333244,-2.00786490294059,0.393004292781763,-5.10901519351996,3.23842314256956e-07,6.12544292286029e-06
"TMUB1",28.4037710434309,1.1358583713015,0.222374010965603,5.10787374104248,3.25804226603487e-07,6.15631488508147e-06
"NUDT5",15.4818929311556,1.02887535826175,0.201628229797864,5.10283386058199,3.346047340149e-07,6.30983412052945e-06
"SFTPB",5.00723872649935,-2.37421794493072,0.465309820126277,-5.1024453863587,3.35292521991929e-07,6.31642390824149e-06
"RAC3",14.3726930934531,1.40986283958823,0.276540736915477,5.09821032269522,3.42879733602346e-07,6.44634616981088e-06
"TMEM212",103.54608230802,-2.28831271371577,0.44910034542759,-5.09532610476408,3.48141456565143e-07,6.53868496238899e-06
"CFD",133.830207548103,-2.0932109865716,0.410907210546624,-5.09412084491539,3.50363244525012e-07,6.56720021288901e-06
"ZNF780A",22.0111154243101,-1.70123521945367,0.334004364804367,-5.0934520584787,3.51601989766179e-07,6.58380897386639e-06
"MCTP1",10.8603059585034,-1.48475643440055,0.291532255778516,-5.09294050648225,3.52552353250386e-07,6.59498986255656e-06
"HIST2H2BF",91.5647382597601,1.34653564916017,0.264417041892108,5.09246922787076,3.53430090645918e-07,6.60479115342206e-06
"TMEM14A",4.05838493399577,1.41311074412655,0.277513169648015,5.09204931037641,3.54213946705839e-07,6.61282017105131e-06
"LRFN4",31.3291025433459,1.48863986206489,0.292371177939611,5.09160948269795,3.55036768063592e-07,6.62155986311609e-06
"ZNF469",13.5125378659955,1.60060438313898,0.314425626277353,5.0905659379274,3.56996399964216e-07,6.65146286520155e-06
"BLOC1S6",562.157512513409,-2.29832017397111,0.451722597275016,-5.087901707454,3.62046920839878e-07,6.73883745280129e-06
"PDXP",6.22303388480948,1.42644209696997,0.280437510703962,5.08648822830184,3.64754348834648e-07,6.78246906214547e-06
"TMEM26",3.06510279434475,-2.56032115163863,0.503529353780126,-5.08475053622521,3.68109570783746e-07,6.83804734026046e-06
"AADACL2",1.40079187873768,-3.61160532232038,0.711295735260401,-5.07750172436812,3.82430037287707e-07,7.07590323699127e-06
"TPO",6.67863166547235,-2.13633251803474,0.420785255262699,-5.07701372925012,3.83413177591988e-07,7.08706991333151e-06
"WDR78",5.16346124761828,-1.58729377630884,0.312766336083772,-5.07501477359666,3.87465895965284e-07,7.15489694537673e-06
"PPP1R16A",46.4174617448337,1.17051142049258,0.230655391431353,5.07471953388501,3.88067962877743e-07,7.1589335958148e-06
"MRPS16",31.0387297187394,1.06520590655219,0.209930867179392,5.07407948561439,3.89376281414309e-07,7.17597808264928e-06
"TOP2A",7.27070442049518,2.33044303929392,0.459578813069017,5.07082348668659,3.96098022481399e-07,7.29265678669155e-06
"KLF9",13.4892181191775,-1.29790102196891,0.25603580717527,-5.06921682669343,3.9945596067793e-07,7.34723480777958e-06
"F10",4.37049107466712,-1.93986257805841,0.382959522031518,-5.0654506976817,4.07435221253929e-07,7.48662219054095e-06
"ALDH18A1",22.3081840303369,1.15276626751661,0.227676184737833,5.06318334894802,4.12312962331163e-07,7.56880107547736e-06
"ANKFN1",1.91517422282493,-3.7361744519297,0.738225148875798,-5.06102299226639,4.1701291800458e-07,7.64328120630401e-06
"C4orf32",220.058201837533,-2.29761031209014,0.453988625590637,-5.06094246106046,4.17189112926444e-07,7.64328120630401e-06
"C9orf142",35.8703021567224,1.25138394018101,0.247319083413063,5.05979531749679,4.1970677041602e-07,7.6743444631701e-06
"LRRC14",36.8380528302966,1.20185196922421,0.23760428018382,5.05820841398316,4.23213754696429e-07,7.73089783407792e-06
"GPX3",66.8287368964966,-1.75470217989447,0.34694209751364,-5.05762256142895,4.24515593698024e-07,7.74709835654781e-06
"HRC",2.49275797565324,-3.52174517804142,0.696471083108908,-5.05655620664257,4.26895092650111e-07,7.78291453582513e-06
"SULT1B1",101.638699223493,-2.31350617013557,0.45756550448053,-5.05612015652725,4.27871811338814e-07,7.79311106915544e-06
"HGF",4.78886825957744,-1.44494310470785,0.285806525652751,-5.05566869548466,4.28885320773811e-07,7.80395716717961e-06
"BOLA2B",30.5771387615422,1.19135572123082,0.235709978708374,5.05432874653472,4.31907102169558e-07,7.85128889036367e-06
"LUZP2",2.03471190470887,-3.51256363573237,0.695070743929001,-5.05353399839134,4.3370906886521e-07,7.87637607650253e-06
"HIST1H4C",105.88994255977,1.94438225108036,0.384771995967441,5.05333618729595,4.34158700490993e-07,7.87687928033658e-06
"HYAL1",6.8805317001831,-1.64393466864369,0.3255045733272,-5.05041957426261,4.4084069056582e-07,7.9748593528811e-06
"NME1",24.0361184601725,1.20500295633713,0.238592161809995,5.05047168019185,4.40720449640787e-07,7.9748593528811e-06
"MRPL55",36.8792700300768,1.15091081995188,0.227910874660659,5.04982845450222,4.42206990953209e-07,7.9918318626384e-06
"MATN2",27.4920312128896,-1.1693380513796,0.231617184882667,-5.04858070860311,4.45104426303694e-07,8.03641637781785e-06
"PDGFD",4.16696780071977,-1.79457398299507,0.355504450388195,-5.04796488774044,4.46541187347085e-07,8.05456756191567e-06
"YIPF2",49.5917622766972,1.23782391268705,0.245273785481013,5.04670285191513,4.49499613388959e-07,8.10010451965104e-06
"REPIN1",68.2778865993062,1.12275450261632,0.222488542167285,5.04634751830114,4.5033598097944e-07,8.10735046181791e-06
"GPIHBP1",3.21061409725768,-2.15990429049946,0.428133590368249,-5.04493069240765,4.53685790027663e-07,8.15978806746286e-06
"PTPRB",8.46084681984369,-1.1471979146819,0.227427736436174,-5.04423045605018,4.55350225104124e-07,8.18184153269383e-06
"TRHDE",2.53453089096731,-4.34272924708606,0.861337611567213,-5.04184327813622,4.61068839080751e-07,8.26074295278171e-06
"GSTO1",14.3957629582423,1.1402714255329,0.226194601251484,5.04110805131527,4.62844024872414e-07,8.28459741164247e-06
"DNPH1",26.4540443056844,1.22290214597282,0.24263226320579,5.04014647440189,4.65175678716438e-07,8.31835703635745e-06
"RFXANK",26.0989305808343,1.00504595642299,0.199484154275747,5.03822451498439,4.69870091022656e-07,8.39258703532339e-06
"RP11-544M22.13",4.94457352421903,1.95033783725718,0.387423297462752,5.0341263677998,4.80032948813792e-07,8.55944137669979e-06
"KCNJ3",2.52153988415208,-4.17920765809269,0.83045616000145,-5.03242417767772,4.8431618090674e-07,8.62747371562513e-06
"ABLIM3",17.0125509768204,-1.68611474831512,0.335062224217447,-5.03224364445474,4.84772613835276e-07,8.62747371562513e-06
"TCEAL7",1.44689938867499,-3.32477659796405,0.661113213310337,-5.02905785427609,4.92895669165083e-07,8.76368499775517e-06
"C1QTNF5",17.0059485981399,1.46001236693838,0.290346214272138,5.02852214070862,4.94274449683966e-07,8.77798896243828e-06
"TMEM158",8.72155816006872,1.968474101173,0.391472809725072,5.02838013847104,4.94640547886072e-07,8.77798896243828e-06
"DNTTIP2",23.552087944908,-1.86794219638951,0.371669816213815,-5.02581085388683,5.01309807195241e-07,8.87946185059579e-06
"COL25A1",2.78249792402412,-2.73732927762541,0.544697871368814,-5.02540843559121,5.02362214302313e-07,8.88966841593354e-06
"KLF15",4.82134366852216,-1.66877065863253,0.332106831164645,-5.02480076299673,5.03955442743133e-07,8.90941681872307e-06
"CHRNB1",42.8223511142686,-1.68881131042829,0.336194516697706,-5.02331604636731,5.0786867594104e-07,8.96570937187556e-06
"STX8",91.0353364855698,-1.32314588609934,0.263405469535575,-5.02322859290755,5.08100086530845e-07,8.96570937187556e-06
"COTL1",61.0905428513069,1.45303094692032,0.289336034126968,5.02194948273428,5.11496381744576e-07,9.00860938753726e-06
"UCK2",27.0702678542377,1.07585170712831,0.214278969976957,5.02079932176265,5.14568975278016e-07,9.05418303436878e-06
"AC009060.1",371.103092234458,-1.69784028795257,0.338222037635575,-5.01989846617254,5.16987984886266e-07,9.0881814405289e-06
"TACC3",19.3819135970345,1.46269259521012,0.291409063204689,5.0193792160222,5.18387272000669e-07,9.10420694353762e-06
"CTRC",11.3273277437431,-1.76207302443864,0.351199809652013,-5.01729493015555,5.24040893876942e-07,9.1948491050645e-06
"GATM",9.75211313397086,-1.48971115279144,0.297084168546735,-5.01444139577936,5.31877603424498e-07,9.32358965101591e-06
"NDUFS8",79.0675444392137,1.07864801833875,0.215149259912622,5.013487003287,5.34523794695189e-07,9.35241304888892e-06
"PELI2",4.93693560325478,-1.53523645877037,0.306220364706006,-5.01350215634518,5.34481681646977e-07,9.35241304888892e-06
"DAAM2",15.2865490768692,-1.26495596500046,0.252329178903103,-5.01311806466195,5.35550128682078e-07,9.36159677187801e-06
"STRC",6.246340317047,-2.08203964931144,0.415516063612021,-5.0107320309414,5.42233757261915e-07,9.46956222106894e-06
"ZNF571",14.0200861042779,-1.52338771539048,0.304044469614164,-5.01041086957997,5.43139495061986e-07,9.47651517131984e-06
"EPRS",15.0758209410218,1.10200898731759,0.219982505954656,5.00953011029313,5.45630900319397e-07,9.50760231953192e-06
"AP000349.1",8.33640655568577,4.2176577604064,0.841945127589395,5.00942118696279,5.45939776449634e-07,9.50760231953192e-06
"TPGS1",33.7097705740155,-1.5920776411447,0.318027254706818,-5.00610440640502,5.55426380741207e-07,9.66379785839477e-06
"DPP6",6.16063106614528,-4.41791308507929,0.882874919837827,-5.00400791302442,5.61504505126839e-07,9.76045400950927e-06
"CTSD",343.395043625392,1.64816284040309,0.32942726128013,5.00311611734394,5.64109381851532e-07,9.79661213933605e-06
"PSMB9",25.9069342562324,1.41479819888575,0.282845765227446,5.00201301493079,5.67347592440429e-07,9.8436916387271e-06
"GNB4",19.5247921498466,1.11820134436705,0.223651841529353,4.99974127966342,5.74072930687797e-07,9.95113049490295e-06
"ATP6AP1",53.3358255107345,1.06425276875987,0.212991127819105,4.99670000181299,5.83196867999494e-07,1.00999093958094e-05
"FOXP2",3.14084571016059,-1.99479132293497,0.399397622645403,-4.99449974119151,5.89884707097435e-07,1.02062628329954e-05
"BTG2",62.9621709663508,-1.73545087217169,0.34791714960511,-4.98811534338403,6.09711644708732e-07,1.05297934274443e-05
"GAREM",7.25362707591385,-1.4231145506524,0.285322532288157,-4.98773980182943,6.10897687596592e-07,1.05405258130691e-05
"TMEM125",12.83976140868,1.36528715217846,0.273803450207649,4.98637672806185,6.15221287027925e-07,1.06053242913429e-05
"GREM2",1.30475265624117,-2.96473767001296,0.594695854696337,-4.98530071565206,6.18655158971544e-07,1.06546800395201e-05
"NR4A1",227.950630048028,-1.70895871067427,0.342854026782141,-4.98450820809577,6.21196089449663e-07,1.06885804552403e-05
"IL1RL1",3.6658462223127,-2.31275761000268,0.464410288698188,-4.97998788202062,6.35882547207406e-07,1.09211511258648e-05
"FSCN1",63.6112137283874,1.5459240218834,0.310614623331957,4.97698403668282,6.45826455891012e-07,1.10817409053578e-05
"BTNL8",2.39081316303492,-4.70451569889181,0.945964941606955,-4.9732452990277,6.58412619556356e-07,1.12769772426584e-05
"ZNF695",2.41477519014787,2.66910701211263,0.537529187555149,4.96551084835517,6.85204624196256e-07,1.17143636713552e-05
"CNIH2",5.49814262684446,1.5926434975739,0.320806831326639,4.96449371413885,6.88805170120521e-07,1.17651452159012e-05
"RERGL",1.75113757100231,-3.61392257209367,0.72835270998691,-4.96177541806445,6.98517336461311e-07,1.19182948306934e-05
"HIST1H2AG",22.9077264982644,1.34844972900318,0.271775668656019,4.96162785900415,6.99048306797862e-07,1.19182948306934e-05
"GMPS",19.9394517902329,1.12035187479818,0.225961041455596,4.95816388338934,7.11625239890369e-07,1.21216529229136e-05
"JAM3",11.4278733301932,-1.11823845422844,0.225569321618062,-4.95740487317624,7.14410013984502e-07,1.21469221776654e-05
"FRK",21.2651705973774,-1.99623759342238,0.402693231872156,-4.95721664886618,7.15102223473546e-07,1.21476282165856e-05
"DSC3",14.634299723674,-2.59877306093709,0.524289822457065,-4.95674901480642,7.16824782187911e-07,1.21658198715147e-05
"APCDD1",53.5416684777099,-1.81123316247435,0.365878233046445,-4.95037145936044,7.40719667886953e-07,1.255994139853e-05
"OLFM1",7.08459090086888,-1.23546386098348,0.249778291387076,-4.94624194169423,7.56599135090342e-07,1.27943380914869e-05
"PPARG",8.70529626472602,-1.55459486219565,0.314293257206783,-4.94631948522151,7.56297953858105e-07,1.27943380914869e-05
"FAM195B",39.1990295150805,1.0730618229296,0.217007108488008,4.94482337655267,7.62129315440561e-07,1.2876192027113e-05
"SRL",2.51089148184645,-3.37802068373281,0.683466677042925,-4.94248044154558,7.71348456637258e-07,1.30201666699466e-05
"TNS1",153.204932188285,-1.24043654742127,0.251062111987266,-4.94075564649192,7.78203851378328e-07,1.3124017797093e-05
"IKBKE",10.4785158350075,1.30746111783943,0.264708986764012,4.93923962999045,7.84277863034363e-07,1.32026000225325e-05
"CCNF",11.8540095766983,1.37192138108921,0.277897414342193,4.93679073746212,7.94186075588831e-07,1.33453283934905e-05
"SPINK5",7.65155771026728,-5.40543061617009,1.09522722445964,-4.93544215798414,7.99693791395497e-07,1.34257944168728e-05
"LDB3",3.42229521575795,-2.04119914826569,0.413781627224324,-4.93303475545349,8.09617420062157e-07,1.35801865365143e-05
"RGS10",12.8544421027103,1.25997881284159,0.255454194895742,4.93230817116089,8.12635723985894e-07,1.36063644225046e-05
"INPP4B",18.3786596335823,-1.61261369608461,0.32701849078315,-4.93126150824894,8.17002724277416e-07,1.3667225680587e-05
"EPHB6",12.2170677600057,-1.97497880329589,0.400521347492186,-4.93102007087006,8.1801327896783e-07,1.36718799508061e-05
"ARFGAP1",81.75653471326,1.0119389041323,0.205230000533066,4.93075525753485,8.19123059856583e-07,1.36781828304674e-05
"PTH1R",4.23778900659032,-1.61079935664972,0.326713708034282,-4.93030845366518,8.20998815632506e-07,1.36850240080743e-05
"IL20RB",7.00487544053392,-2.5713583513739,0.521523155475604,-4.93047782131351,8.20287296168043e-07,1.36850240080743e-05
"SEMA3A",2.67306707262915,-2.56743631349069,0.520928157428941,-4.92858041339588,8.28292427414992e-07,1.37942830752993e-05
"IL32",57.9767406710064,1.30533145267887,0.264966296544425,4.92640562102591,8.37560387258537e-07,1.39361986361227e-05
"DSCC1",4.08747690547993,1.53429087731487,0.311455243838772,4.92620017696384,8.38441039584842e-07,1.39384290008989e-05
"KCNJ11",14.5264453103136,-1.67870685883164,0.340818884037202,-4.92551010949382,8.41405601641896e-07,1.39752679511144e-05
"TMEM45A",227.108987332466,-1.96999413080668,0.40001281654036,-4.92482752888974,8.44347929481894e-07,1.40116724404422e-05
"GNAL",5.96591872110789,-1.56665617233873,0.318199518736189,-4.92350264563915,8.50087270193108e-07,1.40883343768089e-05
"AP000974.1",29.4348259954606,-1.66820715953284,0.338831447359894,-4.9234130200463,8.50476878390037e-07,1.40883343768089e-05
"ACSM5",4.43972425307915,-2.24732330506714,0.456905784302322,-4.91857048493864,8.71785256664223e-07,1.44029725280216e-05
"ITGA8",3.41933804800884,-2.4112558854495,0.49046085251134,-4.91630651682594,8.81922767889749e-07,1.45318765699327e-05
"IQCJ",2.76365309525637,-3.86337126369265,0.785803518385602,-4.91645961528624,8.81233665926303e-07,1.45318765699327e-05
"RASSF4",25.8301915283993,1.07203734436953,0.218170715343628,4.9137545462095,8.93485981029124e-07,1.47094266136091e-05
"YDJC",16.508311893552,1.13942570809092,0.232101498116227,4.90916998528096,9.14626742486165e-07,1.50309565629174e-05
"SAMD5",4.04550028299624,-1.74387026717037,0.355275850701176,-4.9084964928763,9.17772702821773e-07,1.50693918988388e-05
"DSG1",20.1472958662019,-4.78453539358531,0.974829686052155,-4.90807313527928,9.19755584928289e-07,1.5088679275067e-05
"NTF4",5.30333946160831,-1.91626165559551,0.390728204723821,-4.90433409318374,9.37448161462117e-07,1.53519471283651e-05
"SRSF5",163.602876807718,-1.11332109339491,0.227025141928095,-4.90395505951287,9.39259873171089e-07,1.53681354708423e-05
"COBLL1",19.9432156212518,-1.10292474127432,0.224913263399288,-4.90377812586493,9.40106737283533e-07,1.53685224854171e-05
"USP18",6.87866239959873,1.47361943809159,0.300777270367523,4.89937100729372,9.61439463038649e-07,1.56897843841508e-05
"OAS3",32.946939403531,1.08166986402835,0.220834844137142,4.89809417646344,9.67706548188069e-07,1.57509307337136e-05
"MPPED1",1.37693156901081,-3.55070463799789,0.72491587930195,-4.8980919571206,9.67717475578202e-07,1.57509307337136e-05
"FAM179B",10.713601775061,-1.03616753541845,0.211541823364897,-4.89816868804765,9.673397440386e-07,1.57509307337136e-05
"AMOTL1",22.2885968274981,-1.1016675646531,0.225028323682783,-4.89568400378831,9.7964377452776e-07,1.59311582113752e-05
"GPR75-ASB3",139.367857153088,-1.81455279982671,0.370660603865565,-4.89545633094807,9.80778703456783e-07,1.59357333462443e-05
"SORCS1",2.99532417595446,-4.28986605542809,0.876351792018037,-4.89514153391472,9.82350023872167e-07,1.59473848657996e-05
"IFNLR1",47.0020693096484,-1.55156062881973,0.317012876878497,-4.8943142123984,9.86491190319435e-07,1.60006985508893e-05
"SCRN3",96.9433499496226,-1.81253542960611,0.370414776728031,-4.8932589720548,9.91797598706527e-07,1.60506704670114e-05
"DYNAP",5.1763142540964,-2.60638710269815,0.532656147275163,-4.89318881614583,9.92151358880022e-07,1.60506704670114e-05
"KCNK1",11.4164331538583,1.22947773335667,0.251280872883766,4.8928424963144,9.93899452180365e-07,1.60650293270608e-05
"COL21A1",3.54517160168084,-2.28920945578348,0.468017218412909,-4.89129323819837,1.00175589291667e-06,1.61640283188084e-05
"CDH8",287.882764279273,-1.96141152282034,0.4010310274848,-4.89092211922352,1.00364672992702e-06,1.61805533687458e-05
"CAPG",83.3846529054258,1.33536355726813,0.273081552224352,4.88998083682729,1.00845794727846e-06,1.62440909557736e-05
"DLGAP5",1.32033155413651,2.81930083823885,0.577001248556767,4.88612606175579,1.02839366086294e-06,1.65509321160778e-05
"TMOD1",2.39783679023047,-2.12385573996219,0.434687036917924,-4.88594220573274,1.02935392407619e-06,1.65521174923156e-05
"LRFN5",2.51636514197092,-2.48626900460101,0.508882789738891,-4.88574000680336,1.03041098708825e-06,1.65548560395444e-05
"AARD",11.8840963501481,2.16204402259708,0.442590463326236,4.88497652287511,1.03441178519599e-06,1.66048440394015e-05
"SQLE",11.4307614205673,1.33591201995747,0.273488935810638,4.88470224946301,1.03585267601538e-06,1.66136886671229e-05
"STXBP1",13.173273680829,-1.17215994720721,0.240028337993858,-4.88342316996421,1.04259784919574e-06,1.67075186666396e-05
"BAMBI",13.597529079479,1.89824358358725,0.388845720930159,4.88173967569054,1.05154014882507e-06,1.68363662422087e-05
"GTF3C5",38.8814902097511,1.02707217474705,0.210516265645736,4.87882573632309,1.06719300702387e-06,1.70431362259442e-05
"PROL1",2.11822948434627,-3.91876550468317,0.803462266234883,-4.87734853193164,1.07521354589631e-06,1.71565484515711e-05
"PRDM16",3.71670096634333,-1.80379085381212,0.369889776916477,-4.87656314497015,1.07950142370701e-06,1.71955734464046e-05
"ATP9B",183.656947543968,-1.84202513807441,0.377756775734521,-4.87621998174016,1.08138011031832e-06,1.72108143900534e-05
"ST3GAL4",22.387553643142,1.09706506217545,0.225068290193954,4.87436529255209,1.09158840351251e-06,1.73584871423978e-05
"PRR3",67.4753287456302,-1.5795540604312,0.32413687242728,-4.87310822925759,1.09855999810559e-06,1.74544822167091e-05
"HOXD3",8.46378530408751,-1.00678020884311,0.206666952408541,-4.87151040410614,1.10748329968024e-06,1.75663600014703e-05
"TSPYL5",13.0304919437476,1.44876264793424,0.297428342883029,4.87096365427419,1.11055269465132e-06,1.76000918985106e-05
"MPC2",17.0534629976028,1.04585198354965,0.214869563165871,4.86738078739561,1.13087005230546e-06,1.79068812608063e-05
"STX1B",5.72373044079246,-1.58000697007962,0.324738042677586,-4.86548159572519,1.14178436154007e-06,1.80643832589759e-05
"LRRN4CL",12.0323402002767,-1.73317945912387,0.356301507481637,-4.86436184728517,1.14826677419467e-06,1.81515600401697e-05
"OCIAD2",14.5593350073021,1.3151237754396,0.270478668621777,4.86220884678563,1.16083050112743e-06,1.83346401231371e-05
"DNMT3B",3.47393059548717,1.45631412613339,0.299556852064176,4.86156172392074,1.1646325353043e-06,1.83791418441217e-05
"MACROD2",14.823301896517,-1.21938025134493,0.250890848571783,-4.8602021886663,1.17265926487134e-06,1.84901822769282e-05
"BCL2L12",13.6944581089611,1.2618182610422,0.259778295274708,4.8572890191148,1.19003829751582e-06,1.87325674336618e-05
"GOLGA8G",4.56203964874047,-2.54109210948945,0.523511187894627,-4.85394040900788,1.21032119402074e-06,1.90357930675428e-05
"MYH3",75.4357415065911,-1.78883716524456,0.368604115015418,-4.85300378475086,1.21605369122856e-06,1.91098538396853e-05
"KDELC2",29.9606503701562,-1.48774790097893,0.306577380685071,-4.85276473317906,1.21752095674385e-06,1.91168197993701e-05
"SIGLEC1",14.8575667764521,1.39162634066289,0.286891548064597,4.8507052579658,1.2302324702046e-06,1.93001764590333e-05
"CORO2B",2.95062617454746,-1.69813482598065,0.350413451137096,-4.84608915688078,1.25918946743466e-06,1.97378741960853e-05
"RCC2",46.5367403130254,1.12754149373654,0.232689946780519,4.84568203026009,1.26177462053595e-06,1.97618040191155e-05
"PRR7",6.67778315199587,1.55610733989329,0.321188003249514,4.84484888647733,1.26708080028127e-06,1.9804342752602e-05
"DKK2",2.46814079376337,-2.80909085700759,0.579820904083313,-4.84475609144985,1.2676731260035e-06,1.9804342752602e-05
"ZNF90",168.704304707824,-1.55682810176827,0.321743473662185,-4.83872472702543,1.30674884920588e-06,2.03467008055252e-05
"ST14",54.6257716346692,1.20703172221319,0.249479970452551,4.83819089774488,1.31026266750187e-06,2.03674385841735e-05
"AC005003.1",23.0661762196931,-1.85368209285807,0.383126269017716,-4.8383059131149,1.30950483592022e-06,2.03674385841735e-05
"ARL4A",11.5789685914326,-1.07643469046345,0.222512154728311,-4.83764445037973,1.31386895368596e-06,2.04065054046283e-05
"PGF",31.1631854477386,-1.53030010545062,0.316427272716846,-4.83618271052131,1.32356271113988e-06,2.05399769362182e-05
"ALB",3.66276304883904,-2.74868907838017,0.568388944085351,-4.83592988038032,1.3252463570446e-06,2.05490234548718e-05
"DGKG",3.65935442965726,-2.09536795435433,0.433324429701746,-4.83556386561579,1.32768737174644e-06,2.05521297278547e-05
"NNT",44.5463313765224,-1.62459803445947,0.335965269483416,-4.83561302916063,1.32735924046331e-06,2.05521297278547e-05
"FEN1",10.2394838315801,1.19337172296193,0.246798719591396,4.83540483896229,1.32874929463392e-06,2.05521297278547e-05
"KTN1",26.6630009343121,-1.30349091011519,0.269655994687286,-4.8339029570873,1.33881869397297e-06,2.0690733607435e-05
"SLBP",11.1195126139424,1.13921588217601,0.235705327740237,4.83322075533017,1.34341673200052e-06,2.07274768344775e-05
"RBM6",78.0036900007165,-1.09327763803424,0.226274449088797,-4.83164423750384,1.35410063388041e-06,2.08750658413818e-05
"PTPN13",10.9896367576721,-1.24129627251329,0.256956792952512,-4.83075873671374,1.36013737369965e-06,2.09508289023091e-05
"EXD1",23.2514456548998,-1.61737686403575,0.334855864933753,-4.83006879498952,1.36485885663273e-06,2.09889209180201e-05
"KLHDC3",31.7497784318697,1.06177915810351,0.219866719406417,4.82919452734838,1.37086438356381e-06,2.10639236022656e-05
"KLF4",52.2699168317846,-1.81861583895457,0.376826125128287,-4.82614053984565,1.39204293788775e-06,2.1336658134176e-05
"SBF2",31.7933731363972,-1.37096231553449,0.284099437847013,-4.82564247899972,1.39552655786505e-06,2.13725064058922e-05
"WSCD1",7.90219378352977,-1.65827620315207,0.344054925464734,-4.81980079463226,1.43701637536006e-06,2.19538941993428e-05
"OAS1",18.6663534599107,1.22767050035669,0.254729283741736,4.81951066765216,1.43910758361325e-06,2.19678654770856e-05
"ZZEF1",58.9623958166946,-1.02273117885554,0.21231089772727,-4.81713934519424,1.45630990390555e-06,2.21760600293741e-05
"COL9A3",49.089401683009,2.46719841606361,0.512161840902761,4.81722420341744,1.45569091893624e-06,2.21760600293741e-05
"RANGAP1",41.1486065722001,1.15443268851676,0.239691441150238,4.81632837191364,1.46223820162896e-06,2.22481866228288e-05
"TRIB3",9.8465047363931,1.29410474040504,0.268769650605557,4.81492139268453,1.47257845680809e-06,2.23284939014508e-05
"SPR",9.66706510000373,1.20769768275702,0.250823988001414,4.81492098255853,1.47258148115549e-06,2.23284939014508e-05
"FAM13A",22.4132256788277,-1.24123193135806,0.25779528083695,-4.81479694790501,1.47349641044445e-06,2.23284939014508e-05
"MAD2L1",6.12266822527665,1.5161465363189,0.314870664943903,4.8151406438228,1.47096251178318e-06,2.23284939014508e-05
"PSAPL1",4.64673143572908,-4.6627910232892,0.96830089710111,-4.81543602536011,1.46878815910315e-06,2.23284939014508e-05
"SLC7A5",41.1358442226376,1.81718333074895,0.377517234221095,4.81351092354291,1.48301491017247e-06,2.24545055620517e-05
"ARHGAP42",4.7275059972051,-1.82210978988863,0.378568145379116,-4.8131619422545,1.48560807361451e-06,2.24755406209962e-05
"TMEM88",7.07461883847207,-1.86918493843166,0.388446749591122,-4.81194640037318,1.49467444135179e-06,2.25761141954665e-05
"CPE",34.1009685058451,-1.52919889770458,0.317805244270389,-4.81174846946054,1.49615577698811e-06,2.25802200489823e-05
"MMP7",35.5880696920267,2.7538462553968,0.572340344486455,4.81155361827193,1.49761544235592e-06,2.25839924825061e-05
"GCOM1",3.74166213842155,-1.87673404139512,0.390077053586642,-4.81118800539305,1.50035800998047e-06,2.26070893368243e-05
"PSG6",5.4839099714029,-3.64750307437925,0.758629268349797,-4.80801786400022,1.52434147099965e-06,2.29129878599779e-05
"DPM3",33.8191008628582,1.23313275632003,0.256469078264561,4.80811474297106,1.52360311144995e-06,2.29129878599779e-05
"PHAX",14.083111548897,-1.45568283406615,0.302874970784972,-4.80621700199724,1.53812947069151e-06,2.3083070006704e-05
"NUDT16L1",15.9078104469339,1.12857119000429,0.234853163087956,4.80543321267351,1.54416779943335e-06,2.31550752189728e-05
"AK5",8.75230128773086,-1.60593999135952,0.334586431707435,-4.79977619882616,1.58843034341589e-06,2.3742518880089e-05
"SMYD3",19.0103998007856,1.30258615484513,0.271382829168848,4.7998105069304,1.58815826435399e-06,2.3742518880089e-05
"ZEB1",18.1001162212171,-1.27312965169521,0.265446394127134,-4.79618363580198,1.61717038380393e-06,2.41334563511076e-05
"HES6",6.03004053740599,1.90284372777675,0.396763811786181,4.79591049196343,1.61937582772374e-06,2.41470665557304e-05
"TSEN34",24.9751959298387,1.03854380210037,0.216669959787734,4.79320623457819,1.641367377891e-06,2.44164841257746e-05
"ERI3",32.6867105778057,1.05206455148381,0.219607208702289,4.79066492261663,1.66229525888069e-06,2.47081132070411e-05
"SLC5A6",60.3486127612186,1.16945009105908,0.244150236811845,4.78987899553142,1.66881918128913e-06,2.47656480886223e-05
"LEP",3.679291759186,-3.84687107670214,0.803270131498803,-4.78901296818339,1.67603650850852e-06,2.48529988700124e-05
"MEF2C",23.6371920178127,-1.46686659195429,0.306632619423083,-4.783791739816,1.7201891625059e-06,2.54470772383698e-05
"WRNIP1",18.8133004059254,1.0240181319241,0.21407696316528,4.78341114701583,1.72345094137302e-06,2.54751430122667e-05
"PLA2G4E",5.87808144293671,-2.8534389966664,0.596599099971759,-4.78284160469145,1.72834317198313e-06,2.55272457893616e-05
"C12orf43",18.9555137025322,-1.27028469931011,0.265641410025764,-4.78195285587028,1.73600398155792e-06,2.5620125163403e-05
"CITED1",5.35626333176273,-2.85532271450359,0.59756012090353,-4.77830198940695,1.76781735589989e-06,2.60690222885427e-05
"FAM83H",39.2233882406984,1.48553400590584,0.310920596410519,4.7778565429755,1.77173707646106e-06,2.61062032205616e-05
"NCAM1",11.5357923754395,-1.85732573358775,0.388772942500928,-4.77740483079868,1.77572046090925e-06,2.61213971550262e-05
"AC004824.2",277.086534006632,-1.39986223232858,0.293025942817743,-4.77726381107241,1.77696579285893e-06,2.61213971550262e-05
"NDOR1",12.8830736097978,1.09130191335038,0.228542991179598,4.77503995076705,1.79671582003187e-06,2.63701946888168e-05
"PARP12",30.5898605606134,1.07515386705075,0.225169396536504,4.77486676070763,1.79826273681811e-06,2.63721657766357e-05
"HBEGF",8.97587010070854,-1.68735045833428,0.353533518291274,-4.7728160726873,1.81667685096833e-06,2.6579576904959e-05
"TRIM7",6.33585730979054,-1.83379737525269,0.384251270303159,-4.77239118508548,1.82051471533959e-06,2.66148701806381e-05
"WDR77",19.2127535636424,1.08537813398337,0.227581272089107,4.76918915172599,1.84968921764023e-06,2.70202253553407e-05
"ROBO4",15.2863781969694,-1.01152209982875,0.212148704888604,-4.76798621212363,1.86076515008299e-06,2.71607698099292e-05
"EDN2",8.93447018712943,2.85049143604222,0.597892962726782,4.76756144284107,1.86469136804408e-06,2.71968149609492e-05
"TLE4",19.2193619742383,-1.02578743283555,0.215198819438127,-4.76669637646635,1.87271195672582e-06,2.72924742545779e-05
"VAX2",5.45616539754261,1.97230044903465,0.413883882715238,4.76534731455497,1.88528617069376e-06,2.74424343691965e-05
"SERPINB2",2.89133417570294,-4.09457146472419,0.859364910088626,-4.76464819153708,1.89183436473753e-06,2.75067412424338e-05
"PCM1",38.3552189766918,-1.20324007672431,0.252562661958721,-4.76412493989698,1.89674958710821e-06,2.75567455577613e-05
"NAP1L2",1.02705041759311,-3.25028917654329,0.682473603337039,-4.76251266078365,1.91197197655471e-06,2.77347356878787e-05
"KCND3",3.56883382548312,-1.74572123377614,0.366585320520243,-4.76211440026754,1.91575020540745e-06,2.77679662925091e-05
"SNCG",19.9346541166058,-1.88661101833787,0.396191489060774,-4.76186659842274,1.91810467773527e-06,2.77805246149262e-05
"FAM110D",3.56519170306223,-1.5372747317769,0.322862214418895,-4.76139561436065,1.92258736626631e-06,2.78238632099425e-05
"RIMBP2",1.55927684604482,-3.40238146644856,0.714758290815368,-4.76018468084821,1.93415892986193e-06,2.79696460585533e-05
"FIBP",36.0364257456883,1.1970658362423,0.251487329838677,4.75994491257348,1.93645805454682e-06,2.79812193655841e-05
"DUX4L4",26.0013061053357,-5.56701207293138,1.16986260513894,-4.75868879685252,1.94854585074848e-06,2.81341086524543e-05
"PTGDS",201.823741427081,-2.06689139840711,0.434440244039095,-4.75759653201262,1.95911577727577e-06,2.82430366378079e-05
"ACSM2A",16.8626407001428,-1.8147440932409,0.381483976420852,-4.75706505491304,1.96427882036781e-06,2.82956182850668e-05
"CTPS1",27.4387236034912,1.24886989376789,0.262586160966732,4.75603851006495,1.97428823758821e-06,2.84178774923163e-05
"LRRC17",3.86130118383766,-1.64885618967255,0.346708378545614,-4.75574370769245,1.97717177870406e-06,2.84374575782943e-05
"TCEAL5",1.18121163588208,-3.49764063062017,0.73550112218143,-4.75545247333748,1.98002439248488e-06,2.8456563035643e-05
"PSG8",4.39040577391495,-4.27660347512322,0.899457647875498,-4.75464685327262,1.98793597722652e-06,2.85263464710545e-05
"NME9",5.14191755878713,-2.01487240443896,0.423763932801307,-4.75470479783301,1.98736592111152e-06,2.85263464710545e-05
"AURKAIP1",37.3619184526885,1.02453639741734,0.215527297490337,4.75362707808869,1.99799422721578e-06,2.8648659161207e-05
"CPSF1",111.350953037083,1.23200360553034,0.259197614546133,4.7531440738281,2.0027752399545e-06,2.86731679100542e-05
"GMDS",17.9704186262446,1.16689264989145,0.245631350145719,4.75058517245131,2.02828840031129e-06,2.89275142440118e-05
"TBC1D15",15.6040957356695,-1.41205125094647,0.297220392277209,-4.7508558888836,2.02557456437233e-06,2.89275142440118e-05
"DPP4",4.85877719294905,-1.97205819830154,0.415111829886287,-4.75066730534216,2.02746467844163e-06,2.89275142440118e-05
"LCLAT1",38.1037173895121,-1.92185981465437,0.404676769730288,-4.74912314817395,2.04300514323831e-06,2.91151626100122e-05
"TUBA1C",71.4732396574443,1.1461227939567,0.24141797670121,4.74746251135718,2.05984553775425e-06,2.93327660902625e-05
"SEMA3G",11.7891810672857,-1.36952218522695,0.288535727599891,-4.74645617240875,2.07011554324954e-06,2.94565450281446e-05
"NEGR1",13.3713468019274,-1.6326218087684,0.343989506945502,-4.74613840191078,2.07336869555235e-06,2.94759391662252e-05
"CABP1",2.82213495464889,-2.69520694648571,0.568043010650023,-4.74472336769276,2.08791471782027e-06,2.96195135767375e-05
"CBS",36.0487556125749,1.80714518770134,0.380919646921689,4.74416376867235,2.09369418973017e-06,2.967894975556e-05
"LEPREL1",6.20645768448201,-1.62782274657608,0.343204159122162,-4.7430157919405,2.10559848656296e-06,2.9802439837486e-05
"UNC80",35.9574046331828,-1.60990713260286,0.339469044540112,-4.74242691195555,2.11173025825436e-06,2.98665849934474e-05
"CPEB1",4.34380482802481,-2.37366033553148,0.500762437822063,-4.74009261927693,2.13620547204252e-06,3.01442327721556e-05
"HIST1H2AK",21.8079752267782,1.33671257810461,0.282164416824031,4.73735346628854,2.1652731437569e-06,3.05313325685782e-05
"ZNF493",40.9814252089519,-1.46123246055096,0.30849032971946,-4.73672047314999,2.17204424839697e-06,3.06036936402439e-05
"UBD",5.62402230807122,2.70551491275939,0.571252056435722,4.73611408883186,2.17854978694429e-06,3.06722066157338e-05
"GNG5",37.5746907881314,1.02888385544175,0.217273007788062,4.73544259324367,2.18577569946925e-06,3.07507509671375e-05
"SLC14A2",15.0916345023872,-1.63546263452115,0.345387045609518,-4.73515916508967,2.18883255094237e-06,3.07705684439331e-05
"MTL5",16.5769674389223,1.58102992964934,0.33395023903402,4.73432788736013,2.19782180943488e-06,3.08736910160571e-05
"PAPPA2",1.52688893302843,-4.03349226754596,0.852314830382255,-4.73239714218862,2.21883747648296e-06,3.1098706342688e-05
"CAB39L",5.60388823417917,-1.21761194086483,0.257316289871714,-4.73196602310671,2.22355638332036e-06,3.1141465956645e-05
"SSR2",91.6633148437914,1.11077652426231,0.234933784095246,4.72804083303738,2.26696602115997e-06,3.17018641565809e-05
"PYCRL",13.606134509431,1.17530875532861,0.248605823166079,4.72759945990267,2.27189786567529e-06,3.17470518370449e-05
"CNR1",2.67481223898362,-2.28595717580799,0.483884905691247,-4.72417541634703,2.31050919607213e-06,3.22454023151517e-05
"PRKG1",4.74627702648016,-1.27042523330512,0.26892253084683,-4.72413088373287,2.3110154961526e-06,3.22454023151517e-05
"NR2C2AP",10.8880261848184,1.13848757883789,0.241112257908707,4.7218154261944,2.33748765477061e-06,3.25904085339153e-05
"SHISA9",73.1923862904104,-2.10713777731361,0.446456126894122,-4.71969730144014,2.36195853891171e-06,3.29070178827931e-05
"RSPO3",2.70418883587751,-2.00650223052555,0.425232337520333,-4.71860216987757,2.37470696294796e-06,3.3059958457327e-05
"ANK1",5.00387382619807,-2.95518471193533,0.626612717382379,-4.71612629293635,2.40377260063245e-06,3.3414765957712e-05
"ARPC4",70.9002547106353,1.023519810574,0.217047178255797,4.71565591775515,2.40933305762359e-06,3.34671420035527e-05
"MAGI2",4.11513832311089,-1.94999047499609,0.413551289794273,-4.71523248293129,2.41434917741626e-06,3.35118846045979e-05
"PROS1",6.36141511571169,-1.18572433066658,0.251601253436935,-4.71271233536913,2.44441155092646e-06,3.39039518902273e-05
"HS3ST6",3.44392436436768,-3.77439514684389,0.801271581952659,-4.71050668943716,2.47101688725327e-06,3.42475235843587e-05
"ITM2A",19.9025273745666,-1.69444988179536,0.35973690090831,-4.71024762129489,2.47416004717169e-06,3.42656483090862e-05
"SPINK9",14.3107184916145,-2.28793276558709,0.485761475996148,-4.70999220532103,2.47726265400221e-06,3.42831849425998e-05
"SLC10A6",3.29301757106722,-2.42922519788326,0.515837578634579,-4.70928311255147,2.4858957854424e-06,3.43517308796626e-05
"H3F3A",192.887400931348,1.16181055949272,0.246702692296893,4.70935500815105,2.48501914995983e-06,3.43517308796626e-05
"RBM38",25.0174651786968,1.26829127831012,0.269377677286205,4.70822709248695,2.49880627425127e-06,3.45045964008854e-05
"PRRG3",4.49926296693488,-1.84366619947116,0.391607985038339,-4.70793821860057,2.50234912984824e-06,3.45279792351343e-05
"ADAMTS9",23.3264365676753,-1.55925362626917,0.331372004510558,-4.70544766922061,2.53309478716665e-06,3.49264007249735e-05
"FHOD3",6.31400501296624,-1.23555674900731,0.262592578197576,-4.70522342058605,2.53588084626453e-06,3.49390107150646e-05
"ZNF696",11.5412084329694,1.16312046414273,0.247246804867094,4.7042891606545,2.54751975302204e-06,3.50734854492393e-05
"GYPE",2.05978572533446,-3.70219245875195,0.787386170092836,-4.70187641004089,2.57781521449959e-06,3.54644305375777e-05
"EPPIN",14.2484533356203,-1.78966212284103,0.381055292470702,-4.69659432161968,2.64535107722584e-06,3.63132788681832e-05
"IGSF9",18.9081876893416,1.41321459422141,0.301108972945296,4.69336592794979,2.68746143992441e-06,3.68642304349367e-05
"C1QA",59.3347694116393,1.43190392958667,0.305172134415419,4.69211886704399,2.70389941925373e-06,3.70624803656739e-05
"AP2S1",52.6379594734516,1.2585645091721,0.268384925326148,4.68940089553341,2.74006100442311e-06,3.75030783662574e-05
"POTEC",4.43778580911424,-3.9865337813268,0.85020362128521,-4.68891649191114,2.74655435063948e-06,3.75644125802845e-05
"BDH2",8.9045254076484,-1.11980333051517,0.239106791250197,-4.68327697703672,2.82324606870669e-06,3.8528640977109e-05
"IL20RA",9.00297680322237,-1.7279432778998,0.369055966471732,-4.68206297928029,2.8400219173745e-06,3.86953048167218e-05
"CREB3L2",68.6474291373612,1.2362585911764,0.264056587405286,4.68179416891021,2.84374943534963e-06,3.86953048167218e-05
"PSG4",9.08774264962394,-3.67480737833157,0.784908428803355,-4.68182942554721,2.84326027411943e-06,3.86953048167218e-05
"TSEN15",9.06813060138054,1.00667416032695,0.215121354981021,4.67956405544102,2.87485533590885e-06,3.90900759403367e-05
"CACNB2",6.96690916885606,-1.38369348367338,0.295704953664787,-4.67930437594882,2.87849852653669e-06,3.91111273594713e-05
"BSPRY",13.4098794719183,1.40390956803444,0.300229008097347,4.67612898877257,2.92340764545089e-06,3.96924344239438e-05
"TYMP",121.820544386733,1.68382514753574,0.360164173742186,4.67516002505308,2.93724492179587e-06,3.98513266315458e-05
"PLEKHG4B",12.8360470017181,1.48474360256811,0.317770872182347,4.67237161282711,2.97741630301768e-06,4.03235968523518e-05
"RUSC1",33.0042880786539,1.07193927170533,0.229424590284327,4.67229458872245,2.97853340079239e-06,4.03235968523518e-05
"ADAMTS1",32.4553596565344,-1.37948856412854,0.29529015392844,-4.67163752592592,2.98807928869109e-06,4.03942449243838e-05
"CSMD1",2.46400869898371,-3.36286345363474,0.719836690539861,-4.6717033152515,2.98712217273559e-06,4.03942449243838e-05
"RPN2",63.6063163286872,1.14313227855592,0.244704505248503,4.67148031212193,2.9903676575352e-06,4.03959289424925e-05
"CALU",31.946638844727,1.03928105918301,0.222624195365029,4.66832033903113,3.0367216232823e-06,4.09924482899907e-05
"GLI2",7.50036666084465,-1.02533952793083,0.219663583319479,-4.66777201954126,3.04483484262155e-06,4.10722699977614e-05
"DKK1",6.46389165356395,2.52662675645614,0.541338587140006,4.6673686607208,3.05081641914777e-06,4.11232431256822e-05
"PTGER3",8.64116502881692,-1.19388297441063,0.256036607269316,-4.66293858188344,3.11725808844736e-06,4.18808858424186e-05
"CIB1",28.0781346624671,1.19144965490284,0.255637984780515,4.66069099991454,3.15149553435615e-06,4.22971028978396e-05
"CPD",34.1754071303049,-1.55744779910097,0.334323293927599,-4.65850817872791,3.18509154446936e-06,4.26254294220061e-05
"MYCT1",3.18905296104576,-1.86565718065375,0.400570515830245,-4.65750000792466,3.2007241154039e-06,4.28039530877331e-05
"CAMK1D",33.7576394389376,-1.59790612875921,0.343116227141012,-4.65704039145462,3.20787526862183e-06,4.28447163056131e-05
"MIPOL1",62.6368796147658,-1.8655766886215,0.400821492068292,-4.65438287501721,3.24952487425772e-06,4.33324141982266e-05
"HLA-F",102.585161905633,1.20859548843206,0.259713157273932,4.65357820573293,3.26223791649883e-06,4.34708919793838e-05
"CAPN3",12.9082090500388,-1.01710838058951,0.218644991426478,-4.65187139185633,3.28936211023646e-06,4.37698512017138e-05
"S100A1",74.9997000448309,1.90350392442908,0.409184478405728,4.65194557683503,3.28817870113276e-06,4.37698512017138e-05
"POU5F1",67.4013460579842,-1.65427976167413,0.355643973218003,-4.65150511818202,3.29521094835179e-06,4.38164481444299e-05
"MECOM",6.39106021243796,-1.62459971942768,0.349292347137469,-4.65111741709102,3.30141281587461e-06,4.38212597119398e-05
"PRDM7",9.10061333791403,-1.99182110342463,0.428238309213252,-4.65119785075732,3.30012523767693e-06,4.38212597119398e-05
"TMEM130",6.74496897352589,-1.58420404187712,0.340612687726605,-4.6510423685353,3.30261462395947e-06,4.38212597119398e-05
"PRX",3.36687077817461,-1.45852955071961,0.313848355966884,-4.64724292158953,3.3640093203384e-06,4.4604183239629e-05
"ABHD12B",55.5127120861236,-1.55605737314086,0.334867856400029,-4.64678034454886,3.37155834724572e-06,4.46725498827043e-05
"EPB41L4A",12.8022736224309,-1.31472174925948,0.283076500867739,-4.64440441092547,3.41058911457916e-06,4.50890971845281e-05
"LGALS9",45.6586836286598,1.0733988995648,0.231150872234349,4.64371554902265,3.42198621078081e-06,4.51803822977842e-05
"C21orf90",8.97984089678353,-1.86408802730373,0.401542086912649,-4.64232290476997,3.44513891012265e-06,4.54218208425705e-05
"COX6B1",75.9127390718635,1.00664593329364,0.216916226933974,4.64071290341982,3.47209238466943e-06,4.57448784258247e-05
"KLHL3",9.52245421210479,-1.04476656848608,0.225149444311744,-4.64032488145733,3.47861854132018e-06,4.57985398786364e-05
"C10orf129",1.6566271294469,-3.39257478566128,0.731378047741239,-4.63860625313924,3.50766590823416e-06,4.61484248349708e-05
"RPAP2",40.6314921070244,-1.86226685283768,0.401493557402135,-4.63834803449272,3.51205023274978e-06,4.61735674614125e-05
"SOD2",276.357266105567,-1.77607564147291,0.382949386784275,-4.63788610914637,3.51990642790885e-06,4.62442878976991e-05
"TRIM22",471.542343382275,-1.95701034057723,0.421987525727615,-4.63760234903351,3.52474082989124e-06,4.62752366759772e-05
"RASL11A",5.49049724730157,-1.40834202606761,0.303838784334927,-4.6351621276735,3.56657832363766e-06,4.67916027575485e-05
"MAATS1",3.27455200850556,-1.83359996167453,0.39575916903665,-4.63312060750948,3.60194550685416e-06,4.71231399211354e-05
"IFT20",172.067634197453,-1.42645456646466,0.308000103528205,-4.63134443827884,3.63298907832344e-06,4.74388301702482e-05
"ELMOD1",13.0896740027898,-1.60676554183394,0.346935883663082,-4.63130398870562,3.63369902744951e-06,4.74388301702482e-05
"DHRS2",4.30828162371069,-2.22060223366008,0.479609298921507,-4.63002330991815,3.6562457096863e-06,4.76998261035175e-05
"SLC31A1",43.0655353749129,-1.46531687600988,0.316511915811247,-4.6295788651563,3.66410157806268e-06,4.77689332128856e-05
"PFDN2",15.3880785607468,1.09342356559962,0.236300853714524,4.62725186308718,3.70549782384382e-06,4.82412404974478e-05
"AC079602.1",13.7298300425433,-1.45337257713453,0.314109721332736,-4.62695828377428,3.71075219931972e-06,4.82759810516375e-05
"NME4",53.2222837123645,1.01799904627258,0.22003093872946,4.62661774817162,3.71685592915429e-06,4.83217154187893e-05
"OLFML1",6.94784465064276,-1.06942524035066,0.231182093037965,-4.62589998341712,3.72975261920229e-06,4.84288183953209e-05
"PLXNA4",6.55022894379796,-1.43674436626888,0.310588969092857,-4.62587055317902,3.73028233180521e-06,4.84288183953209e-05
"DUOX2",13.2230324104346,-2.26324126960176,0.489424906274132,-4.6242870777281,3.75888975953526e-06,4.87663050179039e-05
"SLIT3",36.9594787391888,-1.00311497805056,0.216994861619491,-4.62275913154829,3.78669328159402e-06,4.90588319736841e-05
"KIAA1377",2.98377512610443,-1.69571274015361,0.367380365796084,-4.61568689573037,3.91797264967721e-06,5.06541768676066e-05
"DDI1",1.63379129971573,-3.00355588641312,0.650791327616014,-4.61523649587614,3.92647937034947e-06,5.07290265502105e-05
"PAK3",4.70231604959303,-1.46445454617099,0.317376408219382,-4.61425143219439,3.94514605024467e-06,5.09349457897772e-05
"ADRB2",4.42759900614413,-1.33411819762961,0.289189007653324,-4.61330881299933,3.96308803611816e-06,5.11312305088389e-05
"PLCH2",17.3915009814632,-1.41500660642934,0.306803756854406,-4.61209021994094,3.98639888822387e-06,5.13964646714444e-05
"EPHA4",13.5582980692043,-1.44563810474656,0.313589121538861,-4.60997530033074,4.02716814252859e-06,5.18504841743906e-05
"CACNA2D1",7.2460437458148,-1.19125645435355,0.258404731777208,-4.61004117904709,4.02589219206113e-06,5.18504841743906e-05
"KPNA2",22.7584005555714,1.3792032110946,0.299189798741537,4.60979357216006,4.0306898949028e-06,5.18600617835565e-05
"RCN2",13.0267160669222,1.00221054383205,0.217506138569819,4.60773452382514,4.07079941273569e-06,5.23400511269715e-05
"LINC00908",56.8135983017974,-1.69981943653707,0.368955157799643,-4.60711661187872,4.0829105447675e-06,5.24596400277112e-05
"ARHGAP20",1.96797379198712,-2.05033038008976,0.445064498464596,-4.60681628654517,4.08880941238046e-06,5.24993004950005e-05
"AC005082.1",80.9316043129247,-1.48154797172919,0.32171433781681,-4.60516612900482,4.12136714032808e-06,5.28479593897671e-05
"GOLGA6A",6.28508563622754,-2.40386967577658,0.522167264349411,-4.60363917828448,4.15171518297813e-06,5.31972345580087e-05
"FKSG63",16.6216313548515,-2.04093561567413,0.443387458529769,-4.60305219827751,4.16343825904632e-06,5.33108565556487e-05
"RAD54L",7.90982977438863,1.4071345367353,0.305729420750342,4.60254866306883,4.17352005961833e-06,5.33875278789512e-05
"PHACTR2",17.4046437366723,-1.03877986369642,0.225713577698617,-4.60220370563371,4.18044030887145e-06,5.34186448503225e-05
"MLK4",4.84171590193073,1.37743390473611,0.29938418855095,4.60089061951811,4.20688307662455e-06,5.37197675495921e-05
"CSF3",2.51461678682872,-3.8723157650307,0.841810749247902,-4.59998374752323,4.22523904525298e-06,5.39172848501899e-05
"CATSPER2",10.3601655648961,-1.06628869603749,0.231811312894435,-4.59981302346134,4.22870323910963e-06,5.39246316741377e-05
"WDYHV1",5.78805142273549,1.09666062341532,0.238460314680672,4.59892299011632,4.24680719530933e-06,5.41185280063003e-05
"CDKN3",2.53434160669729,1.94571914757667,0.423111336889077,4.59859847264448,4.25342658556659e-06,5.4165907862171e-05
"ITGA11",15.9116044570004,1.36202925279727,0.296197255158119,4.59838580229305,4.25776991982783e-06,5.41842581003857e-05
"C3orf52",6.55155295890967,-1.56939377946886,0.341346306223543,-4.59765859731052,4.27265365012078e-06,5.43366287425782e-05
"CDC6",3.68168789916324,1.62711363604705,0.354246873469932,4.59316301117662,4.36577765332207e-06,5.54831198161128e-05
"SPRY2",16.0622745165468,-1.07558686278913,0.234234455098568,-4.59192419977888,4.3917788997301e-06,5.57376752406942e-05
"KRT81",53.9252046915728,3.25472587569323,0.70878457782083,4.59198179184421,4.39056682617513e-06,5.57376752406942e-05
"KIF18B",13.0594841645043,1.34797450603719,0.293658333953344,4.59028180092908,4.42647981171118e-06,5.61018001390605e-05
"DAB1",2.01123683259777,-3.34176527218102,0.728084001127421,-4.58980731207714,4.43655370971614e-06,5.61913305337114e-05
"GPRC5A",59.1440032462367,2.14854731890814,0.468167571524877,4.58926984607256,4.44799121044269e-06,5.62921735810891e-05
"RP11-1035H13.3",17.5743201907328,1.67132268462202,0.364230200515086,4.58864389130411,4.46134739841644e-06,5.63905853629225e-05
"TACR2",2.70919450395727,-2.85548132699244,0.623555564088653,-4.57935345531848,4.66415438903173e-06,5.86364298241302e-05
"IL4I1",8.85584486194851,1.61021269450574,0.35161741492778,4.57944523264431,4.66210840261351e-06,5.86364298241302e-05
"CHMP4C",6.78804261166368,1.0541221712417,0.230180536105149,4.57954520863645,4.65988062216493e-06,5.86364298241302e-05
"MEX3D",24.5385680723194,1.3848001027692,0.302394535217646,4.5794481761137,4.66204279825735e-06,5.86364298241302e-05
"PLSCR4",14.4544624779014,-1.28483448418803,0.280634102129095,-4.57832627767025,4.68711195870481e-06,5.88424527933431e-05
"PPAP2C",52.9960799868152,1.25685717616432,0.274531008529404,4.57819749724084,4.68999784436737e-06,5.88424527933431e-05
"DAPL1",27.150965862171,-1.37549203888571,0.30056327823333,-4.57638087716726,4.73088890485664e-06,5.92758154125964e-05
"TMEM232",2.63683145459166,-2.54156580106835,0.555513475823356,-4.57516498101393,4.75844855809091e-06,5.95742610925261e-05
"PCP4L1",3.73722991283734,-2.51874758180684,0.550540049640405,-4.57504877883454,4.7610904467325e-06,5.95742610925261e-05
"MAP1LC3C",41.9172677555892,-1.23028136277182,0.269051924877105,-4.57265400845497,4.81585006509418e-06,6.02190923410873e-05
"KRT15",199.608277494588,-1.72872134513279,0.378117261488676,-4.57191861150871,4.83278661056399e-06,6.03904238504814e-05
"TMEM120B",97.8241829020551,-1.23920147918306,0.271071665361562,-4.57149026450323,4.84267792430201e-06,6.04735479389929e-05
"IL15",14.7312323688801,-1.73624457038983,0.379835066337945,-4.57104865838024,4.85289571312771e-06,6.05606350724474e-05
"CDC27",61.5439592928326,-1.93935245978759,0.424294039296454,-4.57077469908213,4.85924489997696e-06,6.05993607466065e-05
"PTTG1",12.7331586834408,1.75165182110345,0.383330956523996,4.56955482277571,4.88761304702091e-06,6.09124485813307e-05
"CCDC78",6.79539566132972,1.21967453028466,0.266988374144513,4.568268315775,4.91770250588031e-06,6.12393327862629e-05
"UTRN",73.6646699393361,-1.26000755858927,0.275890191518669,-4.56706181417111,4.94608189858101e-06,6.15179233608321e-05
"CTSG",3.88482798748275,-1.76773151334878,0.387365862383335,-4.56346747354686,5.03156081992474e-06,6.25394200713549e-05
"GAB1",17.4797165088931,-1.11040921280521,0.243409714317632,-4.5618935789728,5.06943416720049e-06,6.2968241162652e-05
"WDPCP",165.890837583465,-2.06520958956946,0.452732010226435,-4.56166019393358,5.07507340778813e-06,6.2996373304519e-05
"UNC5B",12.0417643004932,1.26648408119474,0.277665822266368,4.56118102997851,5.086670193214e-06,6.30376634662593e-05
"FMN2",2.06774907093816,-3.71608271900815,0.814719532453317,-4.56118034609792,5.08668676269677e-06,6.30376634662593e-05
"TMC6",106.186323376882,1.11431840321715,0.244342641332045,4.56047457432066,5.10381421715598e-06,6.31850846287035e-05
"ERBB4",6.73085930172206,-2.06084891317624,0.452020345286073,-4.55919503329431,5.13500664215828e-06,6.35291179605387e-05
"CALML3",12.5486312909943,-2.49651697803728,0.548023522151108,-4.55549237784161,5.22630108557885e-06,6.45303009038833e-05
"LRRC4B",3.24111315286337,-1.8107369195287,0.39769544157934,-4.55307436348238,5.2867574705306e-06,6.52270245241334e-05
"AL445665.1",9.81288890428926,-2.17632735145098,0.478028960294128,-4.55271025862513,5.29591880390347e-06,6.52270245241334e-05
"MROH6",12.9131357966996,1.47246798427305,0.32342889974725,4.5526790754436,5.29670411798094e-06,6.52270245241334e-05
"GOLGA8N",16.9183225623425,-1.2196049408753,0.26787936913652,-4.55281399536874,5.29330711050892e-06,6.52270245241334e-05
"CLMP",16.9762916390659,-1.1280688474837,0.247837838630988,-4.55164091857381,5.32291269363089e-06,6.55065636634115e-05
"AC073333.1",221.692304935068,-1.61602706079771,0.355312860793309,-4.54818060114571,5.41116902178494e-06,6.65057036516991e-05
"CXorf57",3.88803228224431,-2.41444940566061,0.531083388920325,-4.54627174570289,5.46045270586082e-06,6.70665733984972e-05
"SHARPIN",41.6195576109183,1.09957657684874,0.241947126488978,4.54469781396158,5.50141213631002e-06,6.74808562238973e-05
"MALRD1",1.91639163584479,-2.81647086332324,0.619754072419683,-4.54449754936987,5.50664479428412e-06,6.75006905216614e-05
"CEP55",2.4816372565266,1.87705004329899,0.413154938971472,4.54321095125187,5.54037576587405e-06,6.77806521448903e-05
"MFSD3",26.4572834499078,1.19059896417114,0.262152052281427,4.54163510760161,5.58195947684988e-06,6.82000009642084e-05
"ORC4",57.3904636079153,-1.81013527370689,0.398917997035659,-4.53761245959802,5.68946914401806e-06,6.93773347156585e-05
"C7orf13",5.14607202120779,1.52619402146198,0.336338382893004,4.5376742563084,5.68780266931259e-06,6.93773347156585e-05
"CYSLTR1",85.9817678818043,-2.03313877665239,0.448221196135463,-4.53601657882757,5.73266757106048e-06,6.98584666345484e-05
"CXCL12",96.5200184844917,-1.26540817463879,0.27899409492492,-4.53560916756795,5.74374586831954e-06,6.99478092730968e-05
"CXCL3",6.25722946309609,-2.41781943808145,0.533355806791903,-4.5332204267625,5.80911377713085e-06,7.06977477869986e-05
"PLAC9",19.11920468262,-1.59647135992871,0.352350646514819,-4.53091650524776,5.87283476027602e-06,7.14266789183017e-05
"LRRTM4",133.661672267564,-1.59893812071993,0.353048723389869,-4.5289446322519,5.92790286788827e-06,7.2049491302478e-05
"GRPR",1.1536315603864,-3.30790962169356,0.730535750744057,-4.52805987704835,5.95277154907151e-06,7.22576671323901e-05
"CA4",2.37666649182098,-2.88201921543696,0.636591936495636,-4.52726314961219,5.97525136159946e-06,7.24834097918781e-05
"NKAP",48.5259302655157,-1.24700448932529,0.275541871508723,-4.525644260516,6.02117913101878e-06,7.28984391679569e-05
"TUSC5",5.41623819159057,-2.8055996192827,0.619970878726309,-4.5253732321212,6.02890112696382e-06,7.29446241991494e-05
"CUTA",77.4277443056393,1.08916986455135,0.240745528191141,4.52415408391969,6.06375379703063e-06,7.33187951015317e-05
"BDKRB2",5.76227093042963,-1.41227592109773,0.312353427157865,-4.52140363545286,6.14309241598384e-06,7.42300273877038e-05
"DNAH9",4.23018719729192,-2.42462765558189,0.536504807612994,-4.51930275586811,6.20436192905173e-06,7.48250858226529e-05
"CSRNP1",27.013565773992,-1.32103454922785,0.292334493521154,-4.51891438918501,6.2157520096782e-06,7.49140569843011e-05
"KRTDAP",42.2501339388902,-8.83874778788677,1.95607560842484,-4.51861254739755,6.22461829002616e-06,7.49725153912892e-05
"KIF4A",2.74671054208369,1.77057090027568,0.391884262506493,4.51809646284622,6.23980576443442e-06,7.51069850523702e-05
"PLA2G4F",8.42823066466985,-3.34504937239854,0.74054112260982,-4.51703392326127,6.27118619157584e-06,7.54360663727638e-05
"CDCA2",5.2964298855361,2.21262833392443,0.489874015382771,4.51672933130686,6.28020964578152e-06,7.54959651494496e-05
"ARHGAP22",65.6215732184489,-1.58692951667649,0.351395297117886,-4.51608069229256,6.29946681647075e-06,7.56300617342074e-05
"SPEF2",5.60140133512596,-1.43318802571674,0.317346882360426,-4.51615599641847,6.29722824840057e-06,7.56300617342074e-05
"CDKN2A",42.8387597816301,2.07346013762971,0.459215300651346,4.51522441584315,6.32497498672918e-06,7.58875051588992e-05
"GTF2E1",29.1644927794496,-1.44009387548597,0.318976686283732,-4.514730817051,6.33972399301665e-06,7.60156115771534e-05
"PVRL3",4.42862636024511,-1.54352909969282,0.341982428597641,-4.51347487653775,6.37740073302017e-06,7.63692715104257e-05
"UBXN10",1.33202697953326,-2.82728280400332,0.626527040273089,-4.51262694547225,6.40295871274017e-06,7.65770891788253e-05
"LGALS7B",29.6617836248834,-4.22060293152616,0.935351882630189,-4.51231564281233,6.41236643657337e-06,7.66405051244483e-05
"EN1",19.8958913039022,3.11020948035426,0.689693863192288,4.50955075337119,6.49650515600389e-06,7.75964521800619e-05
"DCDC2",3.12395967732664,-2.90550238773957,0.644512423671091,-4.50806265485165,6.54222585762561e-06,7.80925924143302e-05
"ERCC4",38.0823296539769,-1.4272534708163,0.31664906835302,-4.5073667143246,6.56371360073076e-06,7.82990218607301e-05
"USP2",5.33299536925464,-1.63669544134959,0.363175939549171,-4.50661859202818,6.58688779749624e-06,7.84751807858694e-05
"CCT7",48.0400705447877,1.01942379481284,0.226221653268617,4.50630512191675,6.59662125121006e-06,7.85410217722197e-05
"IL22RA1",1.81980433322871,-3.06032225758962,0.679891763251725,-4.50119037029216,6.7573948545194e-06,8.03527417446005e-05
"CDC20",27.2888160325668,1.8940122367183,0.4208115133386,4.50085650388162,6.76801867791799e-06,8.04278425831005e-05
"TUBD1",23.5767436523423,-1.43831700955018,0.319612112164756,-4.50019556458093,6.78909729230874e-06,8.06270084924376e-05
"COL5A1",94.5267645918119,1.27446365477454,0.283245859714287,4.49949614818766,6.81147139625952e-06,8.08412965650153e-05
"RSPH10B2",26.2417038320563,-2.50201661408528,0.556445515834248,-4.49642695086535,6.91049059639399e-06,8.18603736954819e-05
"USP44",1.98003760816155,-2.98862195830253,0.665000915512927,-4.49416217118642,6.9844387482729e-06,8.26838852197253e-05
"ARL4D",4.68557933559094,-1.72755927879478,0.384491995778436,-4.49309555923835,7.019526676533e-06,8.30286935678282e-05
"PIWIL2",10.9339236584978,-1.40388333784252,0.31246903680831,-4.492871844783,7.02690748498412e-06,8.30286935678282e-05
"ETFDH",13.9164733297085,-1.28766742830519,0.286899312194927,-4.4882206877872,7.18205084618619e-06,8.48081639768817e-05
"HIST1H4D",63.6848190585515,1.54423168585939,0.344074275617471,4.48807654419424,7.18691082908629e-06,8.48119078812971e-05
"GPR89B",6.41549961528446,1.01427227902307,0.226007747246095,4.48777659784667,7.19703398193723e-06,8.48777178829982e-05
"HYDIN",12.5732320475356,-1.8699272036911,0.416813495440471,-4.48624438542961,7.24895907780514e-06,8.54361218582981e-05
"ITPR1",22.9402730866123,-1.04379662412691,0.232691931918525,-4.48574480224087,7.26596674928004e-06,8.55285833810271e-05
"SCRIB",77.4394154846757,1.33680910332109,0.29800594885371,4.48584703917212,7.26248312089994e-06,8.55285833810271e-05
"AC023590.1",36.3221458142584,-1.42307551143487,0.317318896547167,-4.48468568030377,7.30214949697375e-06,8.59003333075003e-05
"LPCAT1",24.1305135187668,1.07711930488256,0.240241548988838,4.48348468204641,7.3433876342294e-06,8.63310476973732e-05
"CCDC36",15.11814694107,-1.35784170663409,0.30292737043823,-4.48240020262867,7.38081618276322e-06,8.66619228402557e-05
"HSD3B1",4.89167777285178,-2.0093382555335,0.448393385041368,-4.48119513482145,7.42262055886224e-06,8.70979907060962e-05
"RIMS2",27.3218766159014,-1.93699058890681,0.432341142960768,-4.48023654570988,7.45603606220144e-06,8.7435136460577e-05
"LRRD1",4.89270716574582,-2.21392730404415,0.494249397227905,-4.47937279531629,7.48626874064064e-06,8.77345581412555e-05
"CH25H",4.46727347219956,-1.82620244962164,0.407828329406307,-4.47787051056537,7.53913060397432e-06,8.82986381716416e-05
"SLCO1A2",28.8656505687511,-1.53504026996693,0.342882272341315,-4.47687265802679,7.57443975171208e-06,8.86010123588426e-05
"TBC1D29",5.21501464891816,-2.44929732046258,0.547132914789129,-4.47660386399266,7.58397806503018e-06,8.8657036002535e-05
"LAPTM5",63.1957767252723,1.42367151294755,0.318038895141168,4.47640692600075,7.59097381346949e-06,8.86832854340813e-05
"CORIN",5.57481337003443,-1.9316608109659,0.431641789116827,-4.47514781856091,7.63584662189442e-06,8.90960128650918e-05
"KCNV1",4.14748263381766,-1.87199696993682,0.418346797697522,-4.47474913215502,7.65010803180092e-06,8.92066626144231e-05
"FGF22",11.6991378490369,-2.1871483135186,0.488891821420045,-4.47368562469662,7.68827543743037e-06,8.95957641332007e-05
"ERG",8.50369212852348,-1.14006222194703,0.254884550021177,-4.47285730677796,7.71812835891214e-06,8.98875473066317e-05
"ADCK5",16.0977611258958,1.4232101236917,0.318212889141569,4.4725093553911,7.73070169903659e-06,8.99778491392232e-05
"ECM2",11.0710812719137,-1.06772977306941,0.238836116668785,-4.47055406846244,7.80172167968086e-06,9.07410705199917e-05
"SLC8A3",1.51704266964425,-3.70554032343869,0.82898248188289,-4.46998628369348,7.82246136182189e-06,9.07629155772859e-05
"SSR4",133.566127179894,1.29144901932474,0.288900451003946,4.47022154114635,7.81386163932589e-06,9.07629155772859e-05
"OIP5",2.18005097643765,1.99477793533617,0.446516713482469,4.46742053568055,7.91684043684531e-06,9.16870310889981e-05
"GALNTL5",9.81879946600556,-2.70755734800936,0.606151018667561,-4.46680326292465,7.93970826093518e-06,9.18605380114493e-05
"SPINT2",168.159909181379,1.53761700836969,0.344254974563283,4.46650628744083,7.9507326625547e-06,9.19085003574202e-05
"SYPL2",2.23866055183918,-3.06011192116225,0.685155836128044,-4.46630059878869,7.95837686667603e-06,9.19399367103804e-05
"C14orf132",13.0432079409828,-1.46420255078461,0.32786778251303,-4.46583235340123,7.97580492937143e-06,9.20842932754701e-05
"PLA2G4D",2.47462088155135,-2.94653934916757,0.659822479100076,-4.46565469122289,7.98242704711931e-06,9.21037889633315e-05
"CWC25",25.3301363753525,-1.52284350952213,0.34110265128263,-4.46447280252988,8.02661432521912e-06,9.24992980478492e-05
"CCDC109B",8.0302937834826,1.05416774253545,0.236170651066349,4.4635848602513,8.05996555289897e-06,9.28263398563052e-05
"LDLRAD2",6.88356413429879,-1.4264576596262,0.319976773285897,-4.45800376376591,8.27264499082769e-06,9.50997594419718e-05
"C2orf68",70.3153973621734,-1.29240275883488,0.289928429660729,-4.45766136265849,8.28586605484025e-06,9.51931282325e-05
"KLK3",2.17155962994165,-3.62672668817118,0.813833292876421,-4.45635085209262,8.33665535171374e-06,9.57177237153406e-05
"GPRASP2",4.34179892032058,-1.15585639256164,0.259402660860236,-4.4558386129447,8.35658813149409e-06,9.58876114485945e-05
"CHGA",3.74084689891038,-2.27005916289841,0.509507155508432,-4.45540192783582,8.37361683633033e-06,9.60239881556824e-05
"ZNF540",3.23415774030423,-1.5139833871452,0.339932048046498,-4.453782442243,8.43705934119535e-06,9.66921183798502e-05
"PARK7",197.213367148149,-1.38523631248468,0.311111254107115,-4.45254324360683,8.48591428938586e-06,9.71327614154167e-05
"SCD",41.5596126040137,1.59274585495443,0.357727986722608,4.45239375746548,8.49182596763193e-06,9.71408694789954e-05
"CLDN3",51.8624490191701,1.71351177959417,0.385010998121357,4.450552810063,8.56495277314558e-06,9.78574683732281e-05
"ISLR2",3.30044279022205,-2.41794748717293,0.543374503381796,-4.44987291844643,8.59211155410503e-06,9.81077251398084e-05
"ENDOU",2.0249549125461,-3.85886418893526,0.867635304055381,-4.44756474396407,8.68492863663591e-06,9.90967320786406e-05
"UTP11L",19.3238117940208,-1.66724546445006,0.374876251487189,-4.44745554789308,8.68934331848169e-06,9.90967320786406e-05
"LHX6",5.24439538130703,-1.52487571007265,0.342946391289095,-4.44639672206731,8.73226189022386e-06,9.95253951334489e-05
"C3AR1",5.90840314408686,1.22389254461751,0.275377044193724,4.44442472756196,8.81273551264951e-06,0.000100320097125399
"C1QTNF4",3.54050480608698,-1.67778619588487,0.377591633725526,-4.44338816337351,8.85531954585722e-06,0.000100743425107622
"FOXN1",1.95724174826301,-4.11759994500793,0.926860723591234,-4.44252285181941,8.89101871124385e-06,0.00010102643233123
"C8orf34",15.3363770956523,-1.4384599582364,0.323787558954348,-4.44260416577406,8.88765818926636e-06,0.00010102643233123
"CSRNP3",2.615713304021,-1.6476502591145,0.370936634668332,-4.44186447258769,8.91827278767505e-06,0.000101274473645441
"DSC2",13.4288670373074,1.45505793084994,0.327694615314799,4.44028636067802,8.98392523370229e-06,0.000101834183477831
"C17orf107",6.88753885378866,-1.30161036094003,0.293150745591813,-4.44007180780773,8.99288662059102e-06,0.000101873907961052
"PKHD1L1",1.38337534593112,-2.93552793917501,0.661281329028584,-4.43915140245571,9.03142687089388e-06,0.000102186489850132
"CWF19L2",5.06635379059839,-1.47174888154959,0.331727591118057,-4.43661884315741,9.13828931000562e-06,0.000103207938976706
"DCTN4",117.307080143007,-1.20958709183637,0.272680416951962,-4.43591478022956,9.16821150277626e-06,0.00010339211035541
"PIANP",4.82397650984743,-2.49230276400966,0.561855326668052,-4.4358443280936,9.17121081732066e-06,0.00010339211035541
"RNPEPL1",41.532083132942,1.0980764706701,0.247540280684764,4.43595065672752,9.16668451531622e-06,0.00010339211035541
"TRAF7",38.5756304091308,1.06268594768579,0.239578300707626,4.4356519123268,9.1794071903677e-06,0.000103422059648144
"FAM104B",7.29509824907162,-1.66547467527195,0.375516470825892,-4.43515745556776,9.20050177731547e-06,0.000103597206080038
"C16orf13",36.6154559926705,1.16337915279435,0.262377622290077,4.43398771069034,9.25059015222884e-06,0.000104098413232044
"NGFR",11.6144632959752,-1.50547083661227,0.339772524573385,-4.43081982129817,9.38755043664249e-06,0.000105576011507035
"TCEB2",80.6337695501575,1.03967727270906,0.234864284863605,4.42671508489613,9.56789751783966e-06,0.000107474776630896
"SURF4",80.4210976332864,1.19214332220089,0.26938043801195,4.42550071935071,9.62188361333394e-06,0.000107951289169069
"CRB3",12.1277851466404,1.18805885630966,0.268514398880613,4.4245629331703,9.66377303152372e-06,0.000108336905813296
"AL590867.1",371.537568804866,-1.88884142236605,0.426998485184139,-4.42353190445513,9.7100284818721e-06,0.00010854881540603
"GPX1",92.7254735487176,1.22236102845853,0.276323563159508,4.42365831737963,9.70434581402809e-06,0.00010854881540603
"IRX6",3.08189496225418,-2.62908756386308,0.594407286132116,-4.4230406073433,9.73214406596908e-06,0.000108665907636111
"FAM182B",8.89153468992805,-2.19470590013134,0.496185248601357,-4.42315829887679,9.72684184051324e-06,0.000108665907636111
"MPV17L2",6.24944867065124,1.00903224880903,0.228141466460557,4.42283581526586,9.74137691762845e-06,0.000108703984264917
"CLK4",16.5175645717767,-1.12142376261192,0.253576260024888,-4.42243198358494,9.75960779851126e-06,0.000108782637883757
"TMEM9",37.0891918375978,1.02090322082571,0.230850334194089,4.422359726659,9.76287325499408e-06,0.000108782637883757
"LONRF3",2.73434049622059,-1.65295800066563,0.373819154211477,-4.42181194313685,9.78766281926391e-06,0.000108959974462038
"SCD5",30.1024958088653,-1.57507353685833,0.356288067029782,-4.42078666846473,9.83422258590761e-06,0.000109278786300297
"CDH5",16.9951568673882,-1.12984178860349,0.255581801831565,-4.42066602749787,9.83971502334346e-06,0.000109278786300297
"AP1M2",21.2318535329267,1.17069828778285,0.264850673945141,4.42022015781368,9.86003962859904e-06,0.000109439405366418
"PSG1",2.92862270924862,-3.95330163063643,0.894433941663234,-4.41989223182331,9.87501345200752e-06,0.000109540478987242
"PLLP",5.43063134668398,-1.70703128786156,0.386415183787418,-4.41760924384552,9.97986329799229e-06,0.000110637807547635
"KRT19",309.394610323489,1.73718594324012,0.393341950863013,4.41647767147297,1.00322258607661e-05,0.000111152299462696
"C1QTNF9B",1.91837603197118,-3.12794714920864,0.708489443137423,-4.41495237438834,1.01032230733833e-05,0.000111872521682677
"KRT13",8.5326925106367,-4.71551980229707,1.06815237119288,-4.41465087703817,1.0117313400283e-05,0.000111962136259563
"NAPB",31.9612525684945,-1.42020675692694,0.321808790077454,-4.41320063564803,1.01853523650472e-05,0.000112648307643996
"RP11-47I22.3",328.323127433577,-1.71342442247119,0.388303482890579,-4.41259091913431,1.02140878784607e-05,0.000112899234223198
"CYBA",101.39625193073,1.34996021549031,0.306077463681539,4.41051817161843,1.0312355126345e-05,0.000113894307085714
"SYF2",11.1032142166602,-1.17269178942393,0.265890274953036,-4.41043505495288,1.031631438652e-05,0.000113894307085714
"PPP1R3C",2.66541815191876,-1.7693636909919,0.401228570138474,-4.40986465739778,1.03435244499058e-05,0.000114127221013765
"ABCC8",4.91729738743349,-2.42587345631576,0.550204282736405,-4.40904139140982,1.03829181458301e-05,0.000114494210788247
"COLGALT2",2.82606983066493,-2.49085836455431,0.565051394271371,-4.40819789103654,1.04234286477399e-05,0.000114873075221167
"GTSE1",9.54654506564749,1.35838060787764,0.308487644952131,4.40335498067816,1.06589543506645e-05,0.000117330199747969
"DDT",36.7281712217879,1.10052789405977,0.250020565811657,4.40174947403649,1.07381504853928e-05,0.000118062739347348
"SIAH1",123.068752454956,-1.39340199690036,0.316642628582806,-4.40055087698331,1.07976406276066e-05,0.000118577148751052
"GPR78",1.76530435640114,-3.92951406461744,0.893007678955086,-4.40031385756434,1.08094418549023e-05,0.000118636960605039
"MYOM2",3.64435423127933,-2.25066431841161,0.511867595103836,-4.39696581682427,1.09774625046881e-05,0.000120198385630511
"PLG",4.89468909739886,-2.2441643065515,0.510625350976772,-4.39493319761476,1.10806823916072e-05,0.000121044622334063
"ADAMTSL3",104.738184712698,-1.62054276592037,0.369046142334788,-4.39116571079141,1.12744571466514e-05,0.000123017440368694
"ECSCR",15.5151402131505,-1.14114185569345,0.259926585535051,-4.39024678196901,1.13222092238091e-05,0.00012346631074725
"ABCB4",3.30207300265464,-2.68999492859009,0.612901082412947,-4.38895444269698,1.13896923560595e-05,0.000124129694451415
"CSE1L",11.8666213829732,1.1772277182065,0.268303958041108,4.38766437439635,1.14574397438209e-05,0.000124778843443701
"RNF187",78.2804599649631,1.04937528311964,0.239259874742136,4.38592256328233,1.15495207309301e-05,0.000125578335775035
"PRDM8",3.6197565233919,-1.49380128073448,0.340707379839715,-4.38441128406797,1.16299865848817e-05,0.000126306119577171
"AGRN",106.468012117598,1.30490529534407,0.297622468534311,4.38443139649464,1.16289122233638e-05,0.000126306119577171
"HHATL",3.23273066086764,-4.84772420575822,1.10615568141743,-4.3824972263817,1.17326660157966e-05,0.000127273179458981
"MIER1",15.5070326693617,-1.27696017583598,0.291370859476251,-4.38259398393979,1.17274547676661e-05,0.000127273179458981
"LCNL1",2.89642478600861,-2.14361603877518,0.489197207365362,-4.38190571512032,1.17645722062322e-05,0.000127545179162688
"ZFPM2",11.5122078027157,-1.31996423341218,0.301399352005573,-4.37945279121826,1.18977691946651e-05,0.000128900612288291
"RFTN2",3.99818537889073,-1.32320072823352,0.302253244827963,-4.37778833106212,1.19889699458861e-05,0.00012975193038826
"CHST11",21.0742439017966,1.20559693928628,0.275398479161339,4.37764559542099,1.19968218439376e-05,0.00012976168424361
"MASP2",3.15127756025454,-1.52732490170434,0.349099241869682,-4.3750450259485,1.21407415619391e-05,0.000131090517189034
"CTD-2021H9.3",25.9710695252097,-1.38676437466994,0.317044102111481,-4.37404249261927,1.21966622017643e-05,0.000131542164439478
"ENPP2",13.2241436901235,-1.43190599635278,0.327420408195257,-4.37329488484071,1.2238523173445e-05,0.000131917430210765
"MYOM3",2.76836898424585,-1.96239534745166,0.4487706894443,-4.37282423654191,1.22649465801868e-05,0.000132125959437685
"SAP30",5.94547833472565,1.11476048335625,0.25512644597135,4.36944307796861,1.24563802792125e-05,0.000133956315341369
"C2CD3",244.082912803701,-1.3059353026179,0.298977464270095,-4.36800581544207,1.25386155584245e-05,0.000134763047703067
"FXYD2",3.28507155218468,-1.50066482724169,0.343653261839995,-4.36679931162824,1.2608047324882e-05,0.000135353441925372
"ERVW-1",65.4515897286619,-1.47233519301793,0.337157360656552,-4.36690805192812,1.26017745371781e-05,0.000135353441925372
"BRICD5",10.749095264282,1.10983728138171,0.254208829246119,4.36584867910778,1.26630124867713e-05,0.000135865390870996
"PCNXL3",34.7997157192459,1.054708190006,0.241660173559825,4.36442701529757,1.2745639312645e-05,0.000136673371813768
"ARHGAP29",16.5528650214559,-1.31493073807445,0.301310249354418,-4.36404251395961,1.2768074683417e-05,0.000136770968630024
"HMGCLL1",1.39063885981563,-2.75254710565753,0.630861443264044,-4.36315633971224,1.2819925886443e-05,0.000137233484159406
"SLC25A39",68.9050727234562,1.11654027692981,0.255965993825501,4.36206489871068,1.28840636442494e-05,0.000137841022449566
"PRRG1",6.53602313329113,-1.87810175071412,0.43074057466851,-4.36016911608448,1.29961963313383e-05,0.000138961047714636
"ADRBK2",8.12377503271681,-1.3307805456962,0.305412807509652,-4.35731741752232,1.3166625312046e-05,0.000140541868468031
"SPP1",109.744303918481,2.23557349150874,0.513092060006456,4.3570611704274,1.3182043639516e-05,0.000140626041546357
"WDR60",19.9422315511482,-1.40276570011814,0.322026487295362,-4.35605689426264,1.32426369020558e-05,0.000141191769460011
"SLC15A3",33.0926548223304,1.1364975495627,0.260952489199288,4.35518953296805,1.32951831296758e-05,0.000141671103794473
"PCSK2",1.33449488669558,-3.34380020761506,0.767888144267477,-4.35454073953032,1.33346181180581e-05,0.000141929296263413
"ZNF578",2.55348540951029,-2.39988421246273,0.551368325277323,-4.35259717042261,1.34534211273437e-05,0.000143030705595888
"RAB3C",1.55207981982784,-3.41430984830949,0.784582299449741,-4.35175487734566,1.35052203121246e-05,0.000143418064850429
"ADH1A",1.92581225555796,-2.78417283381397,0.639771710121297,-4.35182236064502,1.35010632359361e-05,0.000143418064850429
"KHDRBS3",13.1755654055069,1.411124052034,0.324312877985332,4.35111939063308,1.35444272157588e-05,0.000143752650193861
"KCNJ16",2.126216654213,-2.50256594767694,0.575202989594054,-4.35075267853373,1.35671012160865e-05,0.00014391148443359
"DCX",2.12176024815339,-2.70615898233542,0.622092709760924,-4.35008952825604,1.3608196114765e-05,0.000144183548959448
"COX5A",39.564972960166,1.23635130941303,0.284246378174415,4.34957629839842,1.36400820415699e-05,0.000144357534939948
"CD200",12.8664484235862,-1.02295826332087,0.235210395837915,-4.34912011298088,1.36684837278312e-05,0.000144412519929191
"SLC2A4",3.57428530413657,-1.77834625149803,0.408895785894136,-4.34914301601154,1.36670564621698e-05,0.000144412519929191
"TSGA13",24.4934392791662,-1.19518089676088,0.274800877628083,-4.34926157105816,1.3659670648985e-05,0.000144412519929191
"SCML1",4.6456912058624,-1.32259105807558,0.304138609267892,-4.34864570880778,1.36980795276196e-05,0.000144643352206522
"ATG2B",14.0688416137655,-1.04915949240658,0.241322597777909,-4.34753936045444,1.37673369688596e-05,0.000145292489469553
"TIGD5",10.3389272672257,1.1053883763349,0.254369638291451,4.34559872695329,1.3889628189409e-05,0.000146500264784225
"SLC44A2",93.2977120423088,1.10220266885765,0.253645568348856,4.34544421979301,1.38994090350481e-05,0.000146520647812147
"ENO1",193.027238581329,1.23233880758888,0.283643594694763,4.34467349391421,1.39482968853068e-05,0.000146870137931073
"TBC1D32",24.790423707422,-1.49448925843894,0.343972436463325,-4.34479365208753,1.39406643657129e-05,0.000146870137931073
"C11orf31",39.2959333057938,1.11069056262187,0.255766451940845,4.34259674868835,1.40808444096599e-05,0.000148182234658366
"ARHGEF15",14.9808722371323,-1.03723450720292,0.238872550533839,-4.34220886780368,1.41057335420492e-05,0.000148360529293812
"EIF4E3",8.18117168494428,-1.1705191465508,0.269576046686281,-4.34207401191318,1.41143966585286e-05,0.000148368058118283
"F8A1",14.6356300834861,1.01350579712253,0.233444561436996,4.34152670288728,1.41496078005457e-05,0.000148572463121318
"BX088651.1",4.5870142869002,-2.08413482432468,0.480046787519824,-4.34152436493206,1.41497583925064e-05,0.000148572463121318
"HAO2",1.71752817578852,-3.7586437333095,0.865859913739263,-4.34093745843665,1.41876105047138e-05,0.00014888617229483
"PLN",2.64906805239722,-2.30783823923941,0.531691626219587,-4.34055780725476,1.42121472528136e-05,0.000149059874754369
"ATAD2",10.431139678877,1.20165711857518,0.276874413023537,4.34008005814907,1.42430815524346e-05,0.000149300443291635
"EFNA1",43.0059920237603,1.22837243189202,0.283043308227819,4.33987448628644,1.4256412100725e-05,0.0001493563173448
"DUSP3",86.6498543773954,-1.04771220867153,0.241438504117122,-4.33945783628315,1.42834667646295e-05,0.000149506353968179
"NSA2",15.2497852268046,-1.16078163563345,0.267497736147143,-4.33940732490884,1.42867499854963e-05,0.000149506353968179
"GEMIN6",12.180522807092,-1.55983300383366,0.359626137598927,-4.33737384676211,1.44195246630656e-05,0.000150811263829004
"NPTX1",2.05028308638209,-3.24702909964374,0.748878506943776,-4.33585564218565,1.45194212611053e-05,0.000151771038926974
"SLC4A3",13.1592821937459,1.27311348836296,0.293651608767195,4.33545552060053,1.45458586128374e-05,0.000151962302430364
"STOML2",30.0044800485239,1.0209724478945,0.235546711193208,4.33447974171478,1.4610524153633e-05,0.000152467230533357
"PPFIA2",5.60263917604338,-1.99654438837294,0.460650125078558,-4.33418831272965,1.46298904570163e-05,0.000152584036280468
"SP140L",20.1018540308203,-1.42230208868058,0.328290180129745,-4.33245395314128,1.47456509851714e-05,0.000153534053676612
"TMEM160",11.4260522740974,1.14377332020985,0.264017790511267,4.33218275933204,1.47638307024867e-05,0.000153637656290259
"RELN",4.19092243298068,-2.19825764881111,0.507446546750722,-4.33199843981002,1.47761989221752e-05,0.000153680700656317
"TMEM54",32.8947653746811,1.28127378880259,0.295823500373587,4.33121028986712,1.48291969421538e-05,0.000154146034361397
"NOSTRIN",10.2756650265839,-1.25946693460082,0.290834659053932,-4.33052559381263,1.48753854367373e-05,0.00015454010613158
"FIGF",2.88126495965343,-2.38415276583207,0.550620398090749,-4.32993905438123,1.4915061500898e-05,0.000154866119666443
"PAM16",28.4953086774648,1.06910790924556,0.24694297501042,4.32937162598146,1.49535408248034e-05,0.000155179351672182
"APOL4",22.1721842562764,-1.37169825632659,0.316915927756792,-4.32827174713433,1.5028397219238e-05,0.000155782980391979
"BOLA1",9.52781426530697,1.02566908406064,0.236996349939803,4.32778430689401,1.50616859358653e-05,0.000156041406624122
"C21orf62",23.4848568145449,-1.28817660873366,0.297682965127707,-4.32734405269389,1.50918125958053e-05,0.000156266804964554
"MICU3",4.19938521311958,-1.52041934796535,0.351387729207173,-4.32689938090848,1.51222998696489e-05,0.000156495685291838
"SOX17",3.67126358198469,-1.63854076456959,0.378785581238561,-4.32577385657568,1.51997299137406e-05,0.000157209838093974
"ACTA1",1.82899945782932,2.99762154208072,0.693848728893414,4.32028108902279,1.55830576811416e-05,0.000161085328820173
"C19orf57",8.29160646785422,1.26982196754148,0.29414621218062,4.31697541888369,1.58181766089354e-05,0.000163244631902828
"C8orf74",1.72411718761396,-3.57828292735904,0.828875148457884,-4.31703488036336,1.58139176450966e-05,0.000163244631902828
"ZDHHC15",3.1893577655404,-1.70910678160292,0.396001877002182,-4.31590575918786,1.58949786274962e-05,0.000163856077303549
"SCAMP5",8.14113947938111,1.03400775667636,0.239691823488712,4.31390500362672,1.60395889665862e-05,0.000165164416115388
"SLC4A11",14.8244259227388,1.47431465239509,0.342048137538403,4.31025487525002,1.63066493022449e-05,0.000167765640415366
"ARID5B",24.2279322185393,-1.21542258700704,0.281987051563729,-4.31020708315167,1.6310173943644e-05,0.000167765640415366
"BAI3",1.22868045061573,-3.39910367804323,0.788825250096054,-4.30907058011813,1.63942046895872e-05,0.000168444362878318
"GOLGA6L1",5.56691019912565,-2.50695812160105,0.581776943972665,-4.30913969275283,1.638908287928e-05,0.000168444362878318
"TMEM154",6.76944236715733,-1.40104347214607,0.325259200458355,-4.3074676140497,1.65134264730227e-05,0.000169575994953169
"SYNE2",127.837015109775,-1.05938212561545,0.246018631125325,-4.30610527653814,1.66154004652452e-05,0.000170529362993767
"LYST",19.7100624343205,-1.10060120189613,0.255741648024613,-4.30356655006072,1.68070331350781e-05,0.000172117664069541
"RXFP4",3.02223674662611,-2.54046391425974,0.59036660245601,-4.30319720609371,1.68350875103622e-05,0.000172310443383197
"ARG1",2.63775971579345,-2.94303613365424,0.684240764559381,-4.30117041557648,1.69898331829006e-05,0.000173703831156392
"C1orf122",23.6589120743347,1.12025298133708,0.260463125115616,4.30100414728504,1.70025877669776e-05,0.00017373908649245
"STK32B",2.8308754714059,-1.55359620792061,0.361273376760055,-4.30033406240299,1.70540831046512e-05,0.000174074727982905
"MX1",45.7120116011745,1.2667259964229,0.294646636390509,4.29913611755623,1.71465145085429e-05,0.000174922557027315
"PAPSS2",10.1022138495166,1.50737582720098,0.35065131789131,4.29878842682181,1.71734309981671e-05,0.000175101465485954
"PDS5B",11.608789578731,-1.34795568464579,0.313617574061812,-4.29808721235791,1.72278380742326e-05,0.000175464543921358
"LONRF2",3.91903428400299,-1.41264562632838,0.328807912507035,-4.29626408792141,1.73700636121295e-05,0.000176527881096813
"FKSG52",200.225731647034,-1.32162334380003,0.307639542725292,-4.29601257397584,1.73897723114984e-05,0.000176632023549164
"DNAH6",1.05644106277061,-2.78466568981788,0.648281107063349,-4.29546019385348,1.74331317776449e-05,0.000176976148535537
"KRT4",4.49015072617867,-4.61125116903317,1.07382557824821,-4.29422735166709,1.75302764192443e-05,0.000177769000798953
"CNTNAP3B",24.4296583564788,-1.16355625361029,0.271101323178318,-4.29196080627375,1.7710221441094e-05,0.000179496267146462
"PLEKHD1",8.93896234905753,-2.52160360680545,0.58756993563745,-4.29158037854639,1.77405962266105e-05,0.000179609105723748
"CTR9",9.53624705775193,-1.33040811106707,0.310158852902557,-4.28944103518802,1.79123360028431e-05,0.000181249539749094
"DNAH7",3.14971832081194,-1.86350750969634,0.434468702882942,-4.28916397736116,1.79346928410083e-05,0.00018137745430595
"SGK2",3.60891099184478,-1.7735423022718,0.41379182693154,-4.28607378599874,1.81858606565017e-05,0.00018381799274295
"TRPM2",6.19126639292556,1.02791649736784,0.239979726181899,4.28334723821089,1.8410251363105e-05,0.000185936927679086
"RP11-382J12.1",47.8271363843657,-1.70288245143096,0.397564603508836,-4.28328487094076,1.84154148202169e-05,0.000185936927679086
"TBX15",4.69012261998513,-1.40320950695293,0.327630383084107,-4.28290408766121,1.84469702370603e-05,0.000186154858030097
"MS4A4E",38.2170480643592,-1.2978147817632,0.303121420056376,-4.28150139149464,1.85636562518452e-05,0.000187231171564397
"CHAD",6.52000154214991,-1.19852580796965,0.27998525422239,-4.28067474945546,1.86327509945077e-05,0.000187826581164398
"SPATC1",2.94205746914888,1.84279052147518,0.430506381221919,4.2805184820832,1.86458400800131e-05,0.000187857090369005
"F2RL2",6.9508163668847,-1.14691577423155,0.267957629157066,-4.28021317340165,1.86714382667766e-05,0.000188013528048787
"ZNF717",12.7425781909758,-1.47143474076714,0.343785985577602,-4.28008936517569,1.86818283342273e-05,0.00018801674025428
"GPR116",10.8200647897662,-1.04373615510465,0.243889679725485,-4.27954211215272,1.87278201758296e-05,0.000188378057576812
"PEAR1",10.7672136203431,-1.13222474587727,0.264580278762717,-4.27932403417219,1.87461777629209e-05,0.000188461169981675
"OXTR",12.7655679743148,-2.00642386799818,0.469083376291083,-4.27732887032247,1.89149262959502e-05,0.00018986452280905
"C16orf62",111.509652060653,-1.25439338670008,0.293284041726803,-4.27705980630394,1.89377938170909e-05,0.000189978330344584
"TCEAL4",38.6463593728315,-1.22148201796761,0.285738103763034,-4.27483069944565,1.91282590882231e-05,0.000191683021426751
"SLC2A6",6.40354678211599,1.4101204374138,0.329925570412437,4.27405622319914,1.9194859975231e-05,0.000192144150604605
"MYLK",76.0987793752385,-1.07949978794293,0.25259287662045,-4.27367470684852,1.92277495171702e-05,0.000192370233513425
"KCNA1",1.83032368491471,-2.54816698884372,0.596294076854249,-4.27333942722789,1.92566974140083e-05,0.000192556659894012
"ROBO2",2.75038590498119,-3.23745532211003,0.75769599207871,-4.27276289693468,1.93065718682976e-05,0.000192848790909175
"ADTRP",4.25382191222616,-1.90040717325799,0.444827807019373,-4.27223105945628,1.93526891090606e-05,0.000193206071110723
"DACH1",2.40931064632528,-1.64283015477308,0.384714453865039,-4.27025846902389,1.95246562989667e-05,0.000194818711087872
"HCAR3",1.67965163327276,-2.39309293801792,0.560732346934052,-4.26779897950023,1.97411094734947e-05,0.000196638476097247
"PM20D1",7.11302562848529,-5.29784172239326,1.24156158250596,-4.26707929517288,1.98048779254096e-05,0.000196983093228275
"GOLGA8J",7.33674078858667,-1.61394159979266,0.37844304806349,-4.26468819562486,2.00181555160505e-05,0.000198786673047418
"FAT3",3.40595557853677,-1.62997145258498,0.382229818232516,-4.26437544857751,2.00462126484435e-05,0.000198959459826577
"FAM47E",12.0276014788912,-1.39546143836759,0.327250084170524,-4.26420497921228,2.00615215435271e-05,0.000199005603451704
"RGS22",1.49980188189042,-2.85938528229967,0.67087726018032,-4.26215859743273,2.02461667110743e-05,0.0002005176054796
"BAIAP2L2",6.22915000346565,1.52581563492064,0.358006133953992,4.2619818215649,2.02621929187197e-05,0.00020056992555651
"PIDD",92.609315557447,-1.13467505000884,0.266363650642118,-4.25987197304699,2.04544031115672e-05,0.000201937203431966
"SLC47A2",1.83857819038969,-2.86049306361301,0.671481146121914,-4.25997525043489,2.04449541221126e-05,0.000201937203431966
"CDKL3",16.9295119562218,-1.62378385492233,0.381333369109734,-4.25817404522778,2.06103462347287e-05,0.000203285108766774
"EMC6",11.1715310785295,1.19139139724315,0.279804417075296,4.25794349387467,2.06316078925753e-05,0.000203285108766774
"NPIPB9",4.1659626407301,-1.98706720835676,0.466666729106404,-4.2580005910464,2.0626340394217e-05,0.000203285108766774
"DCC",4.00563326545986,-2.68467387375527,0.630815040829202,-4.25588120128887,2.08227255300759e-05,0.000204492089911093
"SLC9B1",3.01174747508823,-3.39391931137714,0.797991366067498,-4.25307773454039,2.10852341212264e-05,0.000206961217565287
"FAM180B",1.20328031021271,-2.85288658185715,0.670911437505294,-4.25225510011467,2.11628591945137e-05,0.000207396020106234
"ADAM22",4.09239869971609,-1.34816884489992,0.317157040076026,-4.25079274474486,2.13015214691922e-05,0.000208535974991269
"LPAR1",17.6779030096716,-1.24734791749076,0.293512921524431,-4.24972062903519,2.14037297873383e-05,0.000209426746016677
"CD1E",3.86337447003702,-2.67903457219397,0.630467068769991,-4.24928549784628,2.1445345320344e-05,0.000209504527360284
"IL6",10.2505060793081,-2.26035980430736,0.532044769595391,-4.24843910414967,2.15265143383507e-05,0.000210187498003488
"ACADL",2.13399759410653,-3.44041126264892,0.809913063539622,-4.24787723217235,2.15805591887774e-05,0.000210605049396385
"TYW3",5.88015614187192,-1.29154462291944,0.304062423261756,-4.24762984213801,2.16043958573454e-05,0.000210617475854194
"KCNC2",4.59735264986077,-2.3848506652689,0.561442680145128,-4.24771886713785,2.15958151834945e-05,0.000210617475854194
"HCAR2",2.63905323674998,-2.0677150137665,0.487181083845713,-4.24424322357584,2.19332356801554e-05,0.000213518275239904
"GLTP",41.3154689114687,-1.38236036800615,0.325784165035761,-4.2431785100863,2.20375996800261e-05,0.000214169676432279
"NIPAL4",3.22346154215176,-2.25265613588741,0.530877041719091,-4.24327284636916,2.20283337176188e-05,0.000214169676432279
"ARMC10",39.6522480640611,-1.49837048276494,0.353143599418904,-4.24294956847726,2.20601023671865e-05,0.000214276821588452
"RASGRP3",79.2950597617464,-1.18909048552015,0.280342058277738,-4.24157007630336,2.21961563574525e-05,0.000215486241829059
"SRMS",2.12773058113549,2.18166414800635,0.514407360322838,4.2411215629519,2.22405632785606e-05,0.000215805132976844
"DDHD1",8.21037987167931,-1.23762519556253,0.291920606869939,-4.23959517223784,2.23923243292678e-05,0.000217052078350519
"FAXDC2",40.1418612115215,-1.09093940149018,0.257378662258666,-4.23865518577364,2.24862720894305e-05,0.000217736625330694
"GNGT1",11.3812370085408,-1.37370481621605,0.324175019437796,-4.23754063036199,2.2598153417138e-05,0.000218465969784917
"PRAME",5.73068505818308,3.11511158440606,0.735281494353619,4.23662448780183,2.26905141758237e-05,0.000219145995420824
"ASB2",5.17053767085089,-1.83897033345686,0.434135069355343,-4.23594052465651,2.2759701907252e-05,0.000219696456984161
"TPH2",16.9496691968052,-1.43808082065784,0.339504017785661,-4.2358285773388,2.27710452763593e-05,0.000219696456984161
"ART5",1.27787248328835,-2.7627773569662,0.652363280763429,-4.23502891476824,2.28522299026704e-05,0.000220252080564251
"TMEM220",4.67834475609906,-1.30236310065069,0.307612564466847,-4.2337773260593,2.29798488855813e-05,0.000221253635299081
"OTUD6A",9.51471468148866,-1.53352491592854,0.362268148430818,-4.23312102532633,2.30470397563569e-05,0.000221671914070803
"DAAM1",14.1917596851658,-1.10124680204593,0.260352897209423,-4.2298234966831,2.33874738021504e-05,0.000224830457472886
"AC021860.1",71.2795103322348,-1.49920768232054,0.354448752198652,-4.22968813691947,2.34015499673267e-05,0.000224849992969646
"SEMA3D",3.73827280155468,-1.54882587231718,0.366236833072085,-4.2290281382275,2.34702992950592e-05,0.000225394556347459
"PRR11",10.0181750003422,1.07318273183294,0.253850285402508,4.22762074161659,2.36175443790076e-05,0.000226570312367998
"TPPP3",20.0111142501063,-1.57305009959102,0.372099620122638,-4.22749719301668,2.36305122018897e-05,0.000226570312367998
"FOS",470.297247052734,-1.51655003225214,0.358714125776302,-4.22773992791651,2.36050408460089e-05,0.000226570312367998
"CCDC170",2.35959712751987,-1.96509787215163,0.464911134999439,-4.22682470737984,2.3701216060465e-05,0.000226679304627469
"NFKBIE",11.2827799407859,1.02928825488234,0.243504393867299,4.22698021393101,2.36848485287691e-05,0.000226679304627469
"ASPM",2.2317781524014,2.07729519740076,0.49159780026984,4.22559904918313,2.38305974879417e-05,0.000227683431168057
"GRIN3A",1.07037726576193,-2.99038336798622,0.707730547157901,-4.22531340493212,2.38608467254923e-05,0.000227855829932592
"GFRA2",2.92862653835794,-1.43451392248964,0.339577643291403,-4.22440626121735,2.39571541186255e-05,0.000228658543067801
"GOLGA8I",4.16463001109982,-1.73277524077985,0.410265159599478,-4.22354957577064,2.4048444052169e-05,0.000229412571287657
"SEC11A",90.5037285093399,-1.11473146500315,0.264073125633028,-4.22129840865462,2.42899126352315e-05,0.00023159774207719
"ITIH3",4.33053102441262,-1.87481661615673,0.444147080467277,-4.22116163452945,2.43046576248131e-05,0.000231620037364796
"RABAC1",56.3725318308717,1.18128542763297,0.279893436437826,4.22048277611316,2.43779683408612e-05,0.00023208173939599
"RP11-867G23.8",39.4009795989366,-1.50041261506383,0.355577882810903,-4.21964550551574,2.44686759324557e-05,0.000232707952614883
"NSRP1",123.086301151387,-1.04152063572488,0.246883479452871,-4.21867286556817,2.45744522277457e-05,0.00023359493311598
"TDRD3",8.79205726981705,-1.20839995578628,0.286651693846456,-4.21556886537556,2.49149346192719e-05,0.000236590495629291
"IGFL4",5.23675777725493,-1.69875801876509,0.403149099459329,-4.21372147685144,2.511970262586e-05,0.000238292544879157
"TSPAN13",9.12654678083658,1.15855300734543,0.274969368230601,4.21338934878675,2.51566856879493e-05,0.000238401099039759
"CMPK2",11.6640188353126,1.53639589341321,0.36463667422983,4.21349798853424,2.51445827588259e-05,0.000238401099039759
"FAM228B",126.779256395195,-1.46723489493575,0.348259668840245,-4.21304855604399,2.51946874123214e-05,0.00023864009096937
"SLC35C1",11.5464455149534,1.03561861918589,0.245872337160717,4.21201763136513,2.53099783192905e-05,0.000239367773679248
"ADAD2",3.84934434753884,-2.4243105724871,0.575644075411498,-4.21147489575757,2.53708752715369e-05,0.00023970084536656
"KCNE4",40.8246809904021,-1.73383617355129,0.4118405564223,-4.20996948094015,2.55405186733964e-05,0.000240816132885676
"TENM1",1.14815733824863,-2.5688040944891,0.610376069448953,-4.20855964554478,2.57003692471596e-05,0.000241956728933547
"NEDD4",1543.85706975458,-1.53534091720625,0.364918623835401,-4.20735149406564,2.58381090847429e-05,0.000242886031471835
"ZNF273",14.615766210496,-1.22072791813738,0.290138626591937,-4.20739538363591,2.58330930234975e-05,0.000242886031471835
"MUC12",2.0848995769389,-2.63118481784411,0.625699723549804,-4.20518775830126,2.60865503910907e-05,0.000245098041897973
"KRTAP5-11",2.24000395293193,-4.15089824823922,0.987205321260542,-4.20469598253282,2.61433323633215e-05,0.000245370082493801
"KCNK7",4.80465660958214,-1.74564261141419,0.415285652931994,-4.20347440151045,2.62848890190717e-05,0.000246465390807157
"DYX1C1",13.3314383216504,-1.56423545052149,0.372185781117553,-4.20283506216868,2.63592658681407e-05,0.000247038722134698
"KCNN2",2.42449597404238,-2.87879147726133,0.685131128524636,-4.20181094889168,2.64788222117056e-05,0.000248034687340859
"DYNC2H1",4.28709932424863,-1.26333072780767,0.300744638805482,-4.20067580531261,2.66119429185339e-05,0.000248978557171351
"SOBP",3.34461434702883,-1.29471617782515,0.308243391266227,-4.20030474134939,2.66555962328607e-05,0.000249190448708702
"PRELP",18.1187972555226,-1.05669616293757,0.25162181878249,-4.19954107338762,2.67456512879421e-05,0.000249907189136432
"PPAP2B",35.2796345347483,-1.02513133651064,0.244131069134104,-4.19910231068347,2.67975228889082e-05,0.000250266610711869
"KANK4",8.2121110574934,2.08735581750578,0.497316607213952,4.19723730763685,2.70190775704018e-05,0.000252209579580916
"RHOD",18.0370821626082,1.22749315809308,0.292538242466678,4.19600920461843,2.71659210991735e-05,0.000253453563718376
"FKSG61",185.851788596537,-1.29573934749878,0.308894503402808,-4.19476336815582,2.73156601914486e-05,0.000254596135853297
"HMGCR",20.059614755292,-1.41004487099477,0.336185533729058,-4.19424612164059,2.73780591548653e-05,0.000255050392396298
"PPIF",34.7922302280407,1.10664693559792,0.263950994777641,4.19262271214466,2.75747835002531e-05,0.00025637133125808
"POU2F3",8.46023743387074,-1.85353427084627,0.44215776968968,-4.19202012925642,2.76481457841081e-05,0.000256797628678365
"FAM189A2",14.499890452412,-1.29941321452966,0.310100416594295,-4.19029819050415,2.78588098032004e-05,0.000258497077642121
"VIT",2.33605840207744,-1.89125945284982,0.451684552788357,-4.18712449025458,2.82510886696525e-05,0.000261876650632444
"TTYH1",42.7046672790431,1.57809625847333,0.376952586966409,4.18645822588281,2.83341052076103e-05,0.000262515836288276
"AREG",13.8498577762393,-2.01225848293681,0.480756427335224,-4.18560911206226,2.8440240935349e-05,0.000263368481161721
"MFAP2",27.7307640183975,1.41526481234221,0.338154008654657,4.18526699704917,2.84831106287495e-05,0.000263504059627415
"CDO1",4.35632414328388,-1.55918194017956,0.372595187820273,-4.18465399218106,2.856007863956e-05,0.000264085244240686
"RBM20",9.14616057003429,-1.41259154634185,0.337583177419584,-4.18442517526911,2.85888592056576e-05,0.000264220501242783
"C19orf35",8.17372491273287,-1.22165533082916,0.292008600123986,-4.18362791476157,2.86893540859999e-05,0.000265018085814712
"NUDT12",2.30299939833812,-1.81513086849655,0.433992976273075,-4.18239687675139,2.8845186571549e-05,0.000266194161198343
"UBE2L6",28.5177131511241,1.108885062689,0.265145770356721,4.18217141912967,2.8873813442636e-05,0.000266326691284867
"ALDH3A2",27.0799565839577,-1.14329671310613,0.273392642012305,-4.18188545489337,2.89101618290831e-05,0.000266530277129458
"CYB5R4",17.4694697851859,-1.33875333857258,0.320412135450361,-4.17822295241993,2.9379558639854e-05,0.000270190630663761
"GCNT1",8.90373718630081,1.41096028218426,0.337872073878487,4.17601924298633,2.96654735494972e-05,0.000272311426544239
"PLCZ1",1.68184124447501,-3.71584337779036,0.890538981667381,-4.17257801655474,3.01172424255947e-05,0.000276158545600897
"SLC7A4",1.04358257737828,-2.75406399148689,0.660083642188707,-4.17229547206314,3.01546242952711e-05,0.000276365577304083
"POLR2J",19.0075656113983,1.06298338160187,0.254815323912323,4.17158342473793,3.02490269570475e-05,0.000276986833793636
"SMOC1",6.59758385059271,1.41901739908234,0.340164653537645,4.17156040266041,3.02520838880081e-05,0.000276986833793636
"DIRAS3",2.17971347531444,-1.92462031396576,0.461435927690538,-4.17093728179855,3.03349350889798e-05,0.000277609266262826
"SLC25A26",8.47052101005497,-1.0156256161784,0.243592454329294,-4.16936402638093,3.05450783815805e-05,0.000279258603479787
"CHN2",9.83056897762053,-1.31743842581744,0.316059895725334,-4.16831886498606,3.06854469745178e-05,0.000280130371426539
"STXBP6",2.85984833805385,-2.63397239693948,0.631886311039944,-4.16842769169116,3.06708026508683e-05,0.000280130371426539
"SCAND1",27.7378670688837,1.00525452309352,0.241378028568945,4.1646479965611,3.1183329702534e-05,0.000284258585066703
"GPAM",9.99753500199433,-1.90395643303988,0.457285166950832,-4.16360855466934,3.13256986229426e-05,0.000285417016882243
"C2orf62",3.77462543632244,-2.19867299855447,0.528187381688851,-4.16267611604868,3.14539369923116e-05,0.000286415744006077
"LRRC3B",2.13169728024559,-4.23298783673171,1.01694138480529,-4.16246983354128,3.14823743500616e-05,0.000286415744006077
"FAM89B",29.1158265777748,1.15653075015735,0.278181434875652,4.15746920952624,3.21792630348537e-05,0.000292338034840722
"KLHDC7B",7.0638463933697,2.09002750462088,0.502830817875931,4.15652229401854,3.23128653463605e-05,0.000293266350583959
"CNTN1",6.93259462008942,-1.42741223832336,0.343447312027986,-4.15613163455781,3.23681377276102e-05,0.000293625249386178
"WNT3",2.92226668304846,-2.01269553439553,0.484423455870074,-4.15482675334233,3.25534104116827e-05,0.000295019232512478
"AC008132.13",3.87575788393589,-2.23128379152274,0.537031108010661,-4.15485017206572,3.25500764594783e-05,0.000295019232512478
"ALX4",4.41386442538379,-1.78651682448995,0.430070625143524,-4.15400801645949,3.26701721276411e-05,0.000295933742576871
"FHL5",1.69929418835126,-2.29154787428178,0.551664584438947,-4.15387889474965,3.26886227161622e-05,0.000295957273272566
"SMOC2",20.6091265497558,-1.03615066523172,0.249519232223589,-4.15258838366115,3.28735724047541e-05,0.00029734337365521
"LAYN",4.55610140776879,-1.16430304942159,0.280394128930611,-4.15238027223359,3.29034908310426e-05,0.000297469864564036
"KLK2",11.5000846716699,-2.05123998147302,0.494102791869557,-4.15144381943615,3.30384371172009e-05,0.000298400862380757
"RNF39",7.04046259748965,-1.24280309587379,0.299441061927004,-4.15040972629448,3.31880645230051e-05,0.000299607338771752
"RP11-195B21.3",1.98858016541913,-3.49876712909646,0.843372514983317,-4.14854298300872,3.34598029411074e-05,0.000301914480960626
"ARSK",8.12601949685371,-1.53214536597974,0.369388063430573,-4.1477933849579,3.35695141780161e-05,0.000302758096709846
"TCTE1",1.25883994824648,-3.42108520373444,0.824932748484544,-4.1471080036757,3.36701256123237e-05,0.000303372381784011
"DARC",23.2866789613418,-1.4587015256498,0.351805877791319,-4.14632505519155,3.37854100278017e-05,0.000304193029331008
"CALML6",4.24975483261002,-2.24179190258183,0.540780218272591,-4.14547689954852,3.39107188307936e-05,0.000304951449832412
"USP33",81.0886431080739,-1.24322927656856,0.299912402321913,-4.1453079864104,3.39357271690507e-05,0.000305029412864231
"TREM2",6.77185264915715,1.57622903213223,0.380268650466151,4.14504069741224,3.3975336284316e-05,0.000305238475982625
"NR5A2",4.07339848754731,-1.23748078656242,0.298611001946818,-4.14412321881834,3.41116302327354e-05,0.000306315548251533
"STC2",53.7956545057402,-1.75524877505659,0.423600353132012,-4.14364332342654,3.41831266932773e-05,0.000306542699366093
"NBEA",4.52098446394416,-1.42508205890308,0.343921762044687,-4.14362281244044,3.41861856596607e-05,0.000306542699366093
"GPLD1",3.15875504418516,-1.67302331303894,0.403899144675215,-4.14218087632807,3.44018858622301e-05,0.000307885334209958
"DUSP1",143.131625025234,-1.37876498035872,0.332843623349239,-4.14238063654305,3.43719266536386e-05,0.000307885334209958
"NHS",3.33025623056701,-1.25553742676939,0.303168500476138,-4.14138482328315,3.45215211191509e-05,0.000308807991266616
"RSPO1",2.28093008172855,-1.77262442090142,0.428502792907828,-4.13678615458339,3.52204059222838e-05,0.000314156597306792
"IL1R1",21.5063300992859,-1.0422580195473,0.252002427751729,-4.13590467697448,3.53558945012843e-05,0.000315214515016465
"ZNF608",10.6146091446828,-1.01289449996516,0.245029469975178,-4.13376603258283,3.56866775550761e-05,0.000317860011104826
"ZBED6CL",4.27165700100983,1.26182719943203,0.305307329575144,4.13297381752333,3.58099533120991e-05,0.000318805921975955
"CNTNAP3",23.4336313775698,-1.31620668641076,0.318476770465288,-4.13281849250043,3.5834170641596e-05,0.000318869462205889
"UNC93B1",39.5058779952642,1.15868093741623,0.280387032423866,4.13243411223325,3.58941677453036e-05,0.000319251175625094
"NXNL2",7.96472600458006,-1.45949921345854,0.353233737271379,-4.13182281152621,3.59897808947906e-05,0.000319949152154689
"RAB43",20.4455084714842,1.01028342560066,0.244523176693059,4.13164690261174,3.60173394717941e-05,0.00032004174707231
"EFNB3",2.76919139380473,-1.55406459654491,0.376188374278807,-4.13108087012049,3.61061523657495e-05,0.00032045066182808
"MMP13",2.19527761606896,2.30552859498545,0.558115547436354,4.13091626917698,3.61320179521189e-05,0.00032045066182808
"ASTN1",2.1655379976489,-2.23326807747964,0.540698925931762,-4.13033570139085,3.62233895973472e-05,0.000321108480718364
"PDLIM3",46.625381886739,-1.08853233590615,0.263630833628493,-4.1290023663928,3.64340654166864e-05,0.000322822765668779
"CYP4A11",3.41856310774075,-1.92798295694094,0.466985998536525,-4.12856694415463,3.6503116661751e-05,0.00032312787337991
"SPRR1B",8.85962897337151,-6.325808884656,1.53250633935442,-4.12775381230775,3.6632399633801e-05,0.000324118610788356
"FGFBP1",3.49521820268505,-3.19509790564273,0.774102189910445,-4.12748852449619,3.6674672737457e-05,0.000324266654436084
"RBKS",4.95817618869615,-1.35563855363245,0.328446097619814,-4.1274308431627,3.66838702752697e-05,0.000324266654436084
"COA6",4.66043905087963,1.13847528794563,0.275860281084545,4.12699966617055,3.67526927137057e-05,0.000324721259002448
"LIMD2",32.1768456509294,1.07989436277527,0.261704212144748,4.12639274670133,3.68497740838545e-05,0.000325271126416775
"C12orf55",48.4255691026624,-1.63390154675348,0.395958357222152,-4.1264479381522,3.68409357394647e-05,0.000325271126416775
"SERPINB13",2.2178279345711,-4.14406407592588,1.00517253157144,-4.1227390778847,3.74393703141013e-05,0.000329851630200074
"PNPO",69.3273121116827,-1.24834913900206,0.302834915399624,-4.12221007394317,3.75254748146331e-05,0.000330454287412446
"WDR72",34.3126668288394,-1.40619969915967,0.341381931364728,-4.11913921026274,3.80290356764594e-05,0.000334573075892469
"COL4A1",83.2218232548999,1.18300670725491,0.28734138641483,4.1170773274791,3.83707358657937e-05,0.000337102714295766
"ASXL3",1.56507332265819,-3.10832525394164,0.755110346735616,-4.11638546257392,3.84860449564689e-05,0.000337879516050022
"INPP5J",8.95699512660157,-1.3922591100151,0.338228278620288,-4.11632970399295,3.8495352222315e-05,0.000337879516050022
"ARHGAP39",13.603291941036,1.05222018416751,0.25572136199215,4.11471367104565,3.87660318422938e-05,0.000339935673303796
"DCN",403.20577368392,-1.13295111721974,0.275454694630112,-4.11302163043943,3.90513779455396e-05,0.000341897560893106
"NAPRT1",46.644217276717,1.2912899574052,0.313965164102921,4.11284468802373,3.90813324198343e-05,0.000341897560893106
"FILIP1",2.20778391825551,-2.12226601327308,0.516108848045748,-4.11205121033879,3.92159281499134e-05,0.000342623379787768
"MYOT",2.12041584363061,-3.14157041250024,0.764013793308746,-4.11192892067421,3.92367109415106e-05,0.000342623379787768
"PKN1",65.6991839272661,1.19639143180301,0.290956668474734,4.11192305051742,3.92377088213749e-05,0.000342623379787768
"MNS1",3.48149704391728,-1.8493263165957,0.449724153956066,-4.11213473932372,3.92017386349269e-05,0.000342623379787768
"SLC25A53",5.72697602458803,-1.10950700023725,0.26983488268216,-4.11179973919143,3.92586763321609e-05,0.000342646203106644
"MORC4",187.306225413822,-1.8225629128759,0.443270428679103,-4.11162756402888,3.92879703028145e-05,0.000342741643730488
"SHANK2",81.8085368823336,1.6010863447285,0.389502300626851,4.11059534732341,3.94640276611699e-05,0.000343956084223334
"ENO2",22.4242963660807,1.21327798960868,0.295239137092934,4.10947546302701,3.96558845825494e-05,0.000345466966528985
"TAS1R1",1.1836722130279,-2.6559441502513,0.646334162415289,-4.10924302736265,3.96958158927661e-05,0.000345653538667001
"HOXA5",4.85981501863569,-1.49339972715097,0.363587008675249,-4.10740673213892,4.00126267256079e-05,0.000348087478257397
"KLHL35",6.31952152322584,1.28685463728991,0.313409729478079,4.10598177482527,4.02601225126231e-05,0.000350077423003335
"WNT2B",4.80432687563834,-1.16785600908488,0.284443740608158,-4.10575394131694,4.02998285663256e-05,0.000350092973662874
"RSAD2",6.81669401174215,1.32598567572453,0.323007060890323,4.10512907076905,4.04089197095735e-05,0.000350717862416563
"C21orf67",5.30802928925641,1.14133908030488,0.27816519150499,4.10309814153871,4.0765422162137e-05,0.000353647614472554
"FFAR3",1.94862710094211,-3.45812071949072,0.843002325561632,-4.10214849310981,4.09331423966524e-05,0.000354937684813332
"EFHC1",18.5849285798862,-1.2095521623413,0.294866426694209,-4.10203418511143,4.09533747667772e-05,0.000354948260687541
"SLC16A8",9.40400008729148,1.21849024802149,0.297096769499473,4.10132446096372,4.10792075608009e-05,0.000355668781424535
"ARTN",6.45628876364121,1.82077745472669,0.443957459504208,4.10124307126195,4.10936612315991e-05,0.000355668781424535
"BHMT2",17.0739651457144,-1.39283214231547,0.339682987155594,-4.10038828844105,4.12457504350972e-05,0.000356819701053211
"SECISBP2L",42.2169395032828,-1.33583501610586,0.325852025977641,-4.09951422612153,4.14018222027432e-05,0.000358003991988426
"METAP2",17.7485158419155,-1.22412700856698,0.298673424681562,-4.0985467986384,4.15752184533138e-05,0.000359170640122589
"SCUBE1",6.51988826276288,-2.079966404983,0.507550430719737,-4.09804874371495,4.16647554703537e-05,0.000359777668767823
"CDCA7",5.26881830018261,1.66241623882449,0.406248707361325,4.09211453156922,4.274574248635e-05,0.000368090528818113
"QSOX1",52.4337673997942,1.03757923031687,0.253564089361959,4.09198018902331,4.27705198626183e-05,0.00036813408728226
"SLC1A5",44.5768337819094,1.09409735037778,0.267568275095678,4.08903989079629,4.33162364079006e-05,0.000372316214318184
"DACT2",1.93296704108389,-2.39086696578656,0.584718648972179,-4.08891861066727,4.33388871194234e-05,0.000372339477051318
"IGJ",106.272050500206,-2.18855555716356,0.535281982257472,-4.08860307222308,4.33978708650706e-05,0.000372674724553819
"7-Sep",32.663179438934,-1.17520744181039,0.287461068358762,-4.08823166392635,4.34673959566003e-05,0.000372757379473483
"POTEM",3.29243666743763,-2.8212816153764,0.690093865800422,-4.08825777940233,4.34625038668565e-05,0.000372757379473483
"GLYATL2",8.37114937854409,2.34764194321098,0.574358521579418,4.08741553403829,4.36205412334818e-05,0.000373727344785623
"PGAP1",4.18623336460995,-1.38939286896741,0.339954731797903,-4.08699376419735,4.36998860313499e-05,0.000374122935734754
"PROM1",35.4633299253479,1.60970888947266,0.393898194907078,4.08661149069849,4.3771918896992e-05,0.000374508686474768
"BEAN1",6.60749330949311,-1.12068958250739,0.274330659467903,-4.08517802815441,4.40430345336738e-05,0.000376483247119577
"PFN2",25.6224346858386,1.26262539097491,0.309104936301447,4.0847791241469,4.41187634332239e-05,0.000376957983768813
"AQP7",12.4613060775575,-1.99408132401405,0.488214121013174,-4.08444008107713,4.41832252684894e-05,0.00037733606245994
"CYP2F1",5.85681945412177,-1.58783924052391,0.388779320562756,-4.084165891914,4.42354218381422e-05,0.000377609094785678
"PNPLA1",1.51120605588618,-3.72513507213211,0.912398138140568,-4.08279556523843,4.44971645910144e-05,0.000379669819812454
"KRT8",185.816239552871,1.00755506893012,0.246860671038628,4.08147261648034,4.47512509315167e-05,0.000381663363928956
"PKNOX2",2.40859429199035,-2.06172978513134,0.505334133413262,-4.07993374840021,4.50485381245291e-05,0.000384023359930061
"REV3L",86.2836024684087,-1.38417982325816,0.339294587186754,-4.07958121211134,4.51169062710907e-05,0.000384430635862616
"CARF",7.34660363502722,-1.15464090816829,0.283263065857583,-4.0762141180411,4.57748714324361e-05,0.000389681292645759
"HLA-C",504.264359672544,1.23976062299687,0.304164376292805,4.07595602781376,4.58256786514452e-05,0.000389936004896915
"AL590452.1",4.61750156434498,-1.695816186835,0.416645864519947,-4.07016205186362,4.69804467115724e-05,0.000399397977986496
"ZSWIM4",20.0324112681526,1.08077567692025,0.265587094962762,4.06938325475411,4.71377522717216e-05,0.00040055288901264
"CENPC",9.00284596767872,-1.14176818176965,0.280614779087678,-4.06880986625762,4.72538873778553e-05,0.000401174544546239
"CHEK2",40.2895474250737,-1.4039194713749,0.345039688835344,-4.06886371858765,4.72429685002896e-05,0.000401174544546239
"PKMYT1",27.9275266245495,1.49679903982773,0.368054709214488,4.06678410126104,4.76663654799114e-05,0.000404235542070828
"TBC1D3C",21.5361573748726,-1.25548672416061,0.308722166611948,-4.06672037171437,4.76793970560803e-05,0.000404235542070828
"SLC16A12",0.851199356819949,-3.19561635360617,0.785906884527678,-4.06615136795335,4.7795898170427e-05,0.000405039320446529
"ADSSL1",8.10839248265943,-1.27607269120474,0.31391281513539,-4.06505446633127,4.80212461857741e-05,0.000406764358004635
"GSTM3",19.5233926472947,-1.13726971548418,0.279829263020131,-4.06415577559649,4.82066240069322e-05,0.000408055672607414
"MYLK3",7.68431413346729,-1.56840529724148,0.385949903672968,-4.06375356572302,4.82898096084396e-05,0.000408483215033964
"CTD-2117L12.1",120.178130814695,-1.43205839578524,0.352440207406581,-4.06326623833016,4.83907816719536e-05,0.000409151948837727
"C2orf27A",10.9451625541798,-1.60822806346512,0.395889594119827,-4.06231456282821,4.85885419755355e-05,0.000410638067062595
"ANGPT4",0.813629545249987,-2.96306348882367,0.729488305791396,-4.06183823003049,4.8687812481999e-05,0.000411290846708796
"OR11A1",2.12541240739238,-2.67951174620614,0.660053365385659,-4.05953804150449,4.91698970926293e-05,0.000414849849785672
"LOR",8.6110440730486,-6.42614045434044,1.58371126097639,-4.05764649951316,4.95697226189115e-05,0.000417561280285029
"TMPRSS13",13.9668789009181,1.12324593850845,0.27697434592717,4.05541507733644,5.00453527528857e-05,0.000421044024580272
"WFDC5",4.74097352352139,-5.27184832186866,1.30047935499843,-4.05377317341191,5.03980854989628e-05,0.00042349040587755
"AC135983.2",4.11509012203435,-4.32360540942507,1.06657067170978,-4.05374488921026,5.0404182433977e-05,0.00042349040587755
"RGPD8",8.97786192980678,-1.19395871395993,0.294554352805877,-4.05344108001282,5.04697155634069e-05,0.000423850256344239
"GSDMA",12.4685071335358,-1.5180022821795,0.374533225565707,-4.05305104743822,5.05539658910219e-05,0.000424176174930107
"PRSS50",2.31268439418461,-1.84180131169939,0.454490051039012,-4.05245683043852,5.0682578065992e-05,0.000425064263213839
"NACAD",3.24429814149909,-1.25178817308749,0.308934408106204,-4.05195452575538,5.07915385771631e-05,0.00042578681351462
"SPATA7",6.6315660284249,-1.1482300025287,0.28341359178929,-4.0514288509578,5.09058062954336e-05,0.000426170626784507
"USP17L11",14.1152312618248,-3.34987532118364,0.8268112028461,-4.05156015019208,5.08772425279691e-05,0.000426170626784507
"DUX4L2",8.54794538144417,-5.01844863600719,1.2388772220212,-4.0508038624035,5.10419792286745e-05,0.000427119099157384
"CDK19",11.0602333584034,1.01489521265719,0.250557123757731,4.05055421069772,5.10964699484255e-05,0.000427383511410016
"CTB-50L17.14",4.18351869308736,-1.51081183480646,0.373163136440086,-4.04866313757397,5.15110229152981e-05,0.000430080181934571
"ITIH4",12.001231391149,-1.08409470731674,0.267810151103292,-4.04799707124847,5.16577926821471e-05,0.000431112799098348
"STMN2",1.61676892550553,-3.17979582785793,0.78590436433464,-4.0460340623633,5.20926563684084e-05,0.000434353640795809
"FRMPD2",5.73827449576266,-1.90014114146671,0.46978651334735,-4.04469069988347,5.23922472295196e-05,0.000436656635503527
"EPHB3",47.9069047821406,1.57827925504119,0.390270337679747,4.04406664473771,5.25319760422391e-05,0.00043762581915777
"PIGL",435.632931558782,-1.04614815073956,0.258708026763023,-4.0437405975727,5.2605119873549e-05,0.000438039689080859
"ACVR1C",1.21310615357183,-3.20710577748645,0.793130812712382,-4.04360255090665,5.26361176609006e-05,0.0004381023988459
"NLRC5",74.4789576806489,1.05745233687908,0.261542505886471,4.04313758979619,5.27406500608132e-05,0.000438776825305402
"YPEL4",5.5016905993099,-1.06598071540131,0.263685233948696,-4.04262574524257,5.28559502395873e-05,0.000439540193774101
"MRPS33",52.6527227009038,-1.14545039615076,0.283351004322967,-4.04251397974634,5.28811587406256e-05,0.00043955403051146
"KLK13",2.90464512760743,-2.86755924703022,0.709517151460303,-4.04156438097136,5.30957990587178e-05,0.000441141732366357
"PET112",10.5997669114618,-1.15655430822073,0.286261915281848,-4.04019622059053,5.34064999385068e-05,0.000443299863063606
"RNF148",2.03795251275831,-2.75646026355121,0.68230645368008,-4.03991527367798,5.34705141097774e-05,0.000443465583258745
"RNF165",9.58566052689714,-1.32042144744052,0.326931058202058,-4.03883759072055,5.37167407202443e-05,0.000445309872338473
"GRIA1",1.95582520053419,-2.96829269157532,0.735182020267143,-4.03749358627777,5.40253213732096e-05,0.000447470596591149
"SYN3",3.49397938393748,-2.52121348292151,0.624486534775351,-4.03725835950726,5.40795013613671e-05,0.000447720714374884
"CAPS2",17.5773574212807,-1.10982075453888,0.274948824716695,-4.03646298791215,5.42630815744961e-05,0.000449041431699586
"SPC24",10.4965377509847,1.29957490410245,0.32206553292827,4.0351256847838,5.45730769491933e-05,0.000451406634277577
"KLRD1",44.4952944239145,-1.47106945704513,0.364788140800634,-4.03266798590665,5.51471672522266e-05,0.000455456850633936
"KY",2.89587689486699,-1.71948229917045,0.426406639098446,-4.03249420038571,5.51879773975246e-05,0.000455472855118315
"TCEAL2",2.74707960595612,-1.92040407551121,0.476243918552111,-4.03239600696567,5.5211048858147e-05,0.000455472855118315
"SYTL4",8.78531274572197,-1.12473766553764,0.278941135779418,-4.03216851610966,5.52645350692939e-05,0.000455712723148696
"GADL1",8.10103932090464,-1.3842902516895,0.343457845652413,-4.03045168195234,5.56697722429807e-05,0.000458649151811212
"GRIA3",2.38124345809691,-1.97147349843445,0.489193324460165,-4.03004987978938,5.57650182589535e-05,0.000459231198004589
"ATP2B1",15.1821321489232,-1.02032872056749,0.253189235483536,-4.02990561039804,5.57992545407033e-05,0.000459309341949199
"GK",12.3930019766138,-1.46215462613196,0.362835298110429,-4.02980259568613,5.58237129403146e-05,0.000459309341949199
"TTC40",2.05178597125178,-2.91837917070501,0.724619644339583,-4.02746350240727,5.63818161573245e-05,0.000463696971736163
"MKI67",9.27805344649853,1.61678832609995,0.401490356563519,4.02696677434184,5.65010129588832e-05,0.000464472660030555
"ITIH1",1.72476915528648,-3.75838454665643,0.933474166849901,-4.02623305510367,5.66775158536355e-05,0.000465718549063169
"GALE",16.2275601537261,1.128312769736,0.28037269609862,4.0243318462762,5.71373022380577e-05,0.000469083683149648
"HAPLN3",49.115906089665,1.64458349437853,0.40868307394804,4.02410473840083,5.71924613886211e-05,0.000469123928674942
"OR5P2",2.15315502641877,-2.41072540323237,0.599589587976994,-4.02062586070936,5.80437279372733e-05,0.00047568847974581
"AC091150.1",1.92149919950065,-2.98474379455505,0.742386702093275,-4.02047044503774,5.80820361190428e-05,0.00047579356397824
"TEAD2",34.9788015964037,1.02200035142214,0.254212139970984,4.02026571798966,5.8132535537301e-05,0.000475825038534613
"FAM227B",28.9593071298105,-1.20378745742844,0.299432140006197,-4.02023462612774,5.81402085115282e-05,0.000475825038534613
"DUSP15",3.32346156965328,-1.78943147729554,0.44522690911952,-4.01914493630745,5.84097332213674e-05,0.000477430520801098
"PCK1",5.4946161353317,-2.72379460042075,0.678073822172143,-4.01695879026171,5.89540285756776e-05,0.000481247380620606
"ZBTB21",11.5155635485599,-1.18687863371874,0.295492298239008,-4.01661444576379,5.90401983299431e-05,0.00048174014974725
"SHANK1",3.18668522430098,-1.7447891042215,0.43444609826317,-4.01612331471458,5.9163306768613e-05,0.000482533758874284
"GRK4",20.2571762487188,-1.5677923057472,0.390400825255939,-4.01585294989933,5.92311809588223e-05,0.000482876383109281
"C12orf4",71.7054564909432,-1.20237490763264,0.299478056592444,-4.0149015300608,5.94706185355197e-05,0.00048440531301903
"CLVS1",2.54099901194679,-2.68848865729412,0.669998899523807,-4.01267622858026,6.00342294483311e-05,0.000488356875630019
"HLA-B",642.506931445547,1.2735595688118,0.317378783040418,4.01274324834,6.00171814686313e-05,0.000488356875630019
"GCSAM",3.04321786545382,-1.40973163796485,0.351376418779702,-4.01202688234093,6.01996428426044e-05,0.000489276069755586
"BANK1",7.19525022013436,-1.48156492045213,0.369456435304684,-4.01012075816275,6.06877021100291e-05,0.000492813706260171
"WLS",24.896604559622,-1.18591435767136,0.295796913998638,-4.00921815457755,6.09201168209404e-05,0.000494485939534842
"AC187652.1",2.76392640634784,-2.73144507472858,0.681628376044999,-4.00723498422586,6.14337340565699e-05,0.000498005376075599
"GSTP1",273.667417774464,1.46849855049168,0.366625482804687,4.00544593697541,6.19005908158129e-05,0.000501494415632472
"FTL",990.929619107982,1.35297949204013,0.337874699232802,4.00438237936219,6.21797188929736e-05,0.000502525182689577
"LONRF1",10.8769070895707,-1.09649994784115,0.273812775251119,-4.00456095167776,6.21327699385814e-05,0.000502525182689577
"ZNF793",28.169049043696,-1.04462181648092,0.260867031539986,-4.00442252251718,6.2169161816691e-05,0.000502525182689577
"TMEM138",64.6944015417134,-1.06971155074299,0.26717812414737,-4.003739281263,6.23490760595329e-05,0.000503675855021817
"NRTN",5.93628796699066,1.75839514190825,0.439527454004999,4.00064916511051,6.31689532491274e-05,0.000509857841853852
"RCAN2",5.0707022288536,-1.06601599042038,0.266492923295024,-4.0001662229516,6.32980071438421e-05,0.000510423738764986
"BMP8A",3.14559695309589,1.37896331505107,0.34473393828845,4.00007995121515,6.33210873094279e-05,0.000510423738764986
"AL162431.1",288.336537506011,-1.38008004855377,0.345008813289218,-4.00012983841334,6.33077400808829e-05,0.000510423738764986
"PTPN5",1.40706370192557,-2.56198536804391,0.640540536920582,-3.99972401490893,6.34163947486e-05,0.000510597157931022
"KRT77",7.32244763251208,-5.05445882548879,1.26473431621381,-3.99645898801902,6.42970145970348e-05,0.000516951320203292
"FRY",9.52318503930302,-1.0153880678318,0.254141953282409,-3.9953579277935,6.45965855566385e-05,0.000518912932769744
"PLAGL1",35.1417533725925,-1.18437328267925,0.296465780530866,-3.99497466641327,6.47011709980482e-05,0.000519529531768844
"P2RX6",1.72397875631902,-2.76778676667269,0.692857802493789,-3.99473998374652,6.47652909567799e-05,0.000519820815508222
"PRDM5",9.27996151775589,-1.00947662221886,0.25271376805549,-3.99454540995648,6.48184979738002e-05,0.000520024296808283
"SPG20",22.2143871315581,-1.22330148427507,0.306399372822064,-3.99250648918749,6.53785432734592e-05,0.000524292106689094
"B4GALNT4",19.7156879055133,1.15013478589912,0.288102152408678,3.99210757810525,6.54886494168517e-05,0.000524949590366339
"TBC1D24",23.995695078858,1.05996729771954,0.265640689740558,3.99022942891306,6.60094125021338e-05,0.000528443277016439
"IL21R",5.24689855534263,1.5215125763733,0.381415104084625,3.98912512923378,6.63174337993432e-05,0.000530153414996613
"RAB1B",75.3892964106197,1.00475163993697,0.251877013938973,3.98905650112405,6.63366209990942e-05,0.000530153414996613
"GATA3",45.8237116615648,-1.42595516799357,0.357572166906375,-3.98788076916215,6.66661518362085e-05,0.000532559002409147
"PTEN",24.6190663397022,-1.15087587510199,0.288812790674458,-3.98485078314702,6.75225426713592e-05,0.000539169524863817
"SEPP1",87.2009060967632,-1.23960132445334,0.311152685277364,-3.98390045500765,6.77932795127095e-05,0.000541099929552276
"GPR97",3.59244524624205,-2.27674127015914,0.572089376151866,-3.97969507050373,6.90037194641166e-05,0.000549586364622693
"CCDC57",405.400773383658,-1.10186512666097,0.276944817164688,-3.97864505261977,6.93091217549113e-05,0.00055154816455347
"MEDAG",7.56554984897793,-1.82050374953314,0.457640955349013,-3.97801754465956,6.94922452140092e-05,0.000552769802258346
"SLC22A11",1.6341826238794,-3.16997438617111,0.797178523728955,-3.97649245659924,6.99392163966936e-05,0.000556088258479503
"CXCR2",3.39316969258058,-2.05578822270913,0.517101778359032,-3.97559689164667,7.02029537006506e-05,0.00055771018835636
"CLIC1",101.28752759826,1.02985437188682,0.259043430303239,3.97560505850799,7.02005443746657e-05,0.00055771018835636
"TEX9",10.9449724123854,-1.42306422109618,0.357996386492934,-3.97507984657903,7.03556477984042e-05,0.00055868549074794
"RHD",5.80879131920385,-1.37262508135022,0.34537227762765,-3.9743348562274,7.05762114387013e-05,0.000560198678294692
"FKSG62",174.769387017453,-1.09645276461226,0.275938634311025,-3.97353841860505,7.08127300571529e-05,0.00056159849508793
"HTN3",3.89097194257054,-1.7944675302567,0.451640241669623,-3.97322329742566,7.09065186772202e-05,0.000562103523220817
"GPR144",3.79223902319228,-3.44895397842878,0.868627051867655,-3.97058089661507,7.16976059325016e-05,0.000567170595404183
"RMDN2",2.66163253344847,-1.80124363282384,0.453875683575577,-3.96858368492858,7.23010672415367e-05,0.000571702085697691
"ZNF441",5.07051222241237,-1.17839228340851,0.296971923635909,-3.96802589612221,7.24704605143872e-05,0.000572798910814181
"SLC1A7",2.9261948298032,-1.43490939610202,0.361654812101403,-3.96762146690223,7.25935151418749e-05,0.000573528706806459
"PRR15L",7.14329719706715,1.22105430810355,0.307803113050624,3.96699791630348,7.27836285892038e-05,0.000574579190839795
"ZNF35",7.0241287747516,-1.10744873442577,0.279167748600067,-3.96696516692654,7.27936265043775e-05,0.000574579190839795
"STPG2",1.41520458060672,-3.1318944091752,0.790371009580104,-3.96256235516415,7.41496321437957e-05,0.000583846260013717
"DERL3",19.5546230860976,1.28670725712796,0.324899546285827,3.96032334251398,7.48483468684132e-05,0.000588355279025855
"EDA",4.83673046150533,-1.49147770059596,0.376614630165355,-3.96022241605727,7.48799885533113e-05,0.000588356273696031
"WDR90",77.8071483107218,1.00108563566631,0.252828671945738,3.95954156608141,7.50937741226861e-05,0.000589539810385377
"HOXC10",8.56236945953833,1.28876631097557,0.325512779851141,3.95918805880658,7.52050022405445e-05,0.000590164853648056
"WDR52",8.96463790103944,-1.093727544302,0.276295128766436,-3.9585480539781,7.54067708924838e-05,0.000591499582265454
"IFIH1",8.9833318318874,1.03773727478363,0.26225107986164,3.95703718486546,7.58851217369204e-05,0.000594502449729991
"FMO2",11.4076226520509,-1.35057198382414,0.341456623698223,-3.95532518653897,7.64306188471185e-05,0.000598129298577966
"SLC16A14",3.646977086294,-1.45517256650348,0.367906078194661,-3.95528275489252,7.64441858914258e-05,0.000598129298577966
"GSTM5",4.37939322592688,-1.98554361465184,0.502029956061452,-3.95503015443324,7.65249992033071e-05,0.000598510770895073
"RNF175",2.21156892993689,-2.34210152103495,0.592211538494834,-3.95483939233546,7.65860823812408e-05,0.000598534893230533
"CHM",9.40456249476968,-1.46180905512575,0.369629193541987,-3.95479870276996,7.6599117390549e-05,0.000598534893230533
"CYP3A5",129.474624667076,-1.20687094077373,0.305245222394832,-3.95377503800094,7.69277421715824e-05,0.000600403017809897
"GTDC1",13.8013676992829,-1.28856203590249,0.326282887243306,-3.94921733955856,7.84071372581782e-05,0.000611693625354337
"FSCN3",2.04182219561194,-2.47112940774052,0.625917142771171,-3.94801362493428,7.88023207797966e-05,0.000614519852396835
"PDGFB",16.3061527851257,1.08536129888438,0.275018843286413,3.94649794143032,7.93026033038841e-05,0.000617904967061858
"CWC27",6.35085169045817,-1.27888503079211,0.324121301238409,-3.94569880444673,7.95675822845206e-05,0.000619710969407474
"RHBDL1",3.50166517901425,1.46424270846967,0.371120250939814,3.94546701442905,7.96445960036834e-05,0.000620052111256366
"PDZD3",1.5978074509219,-2.82267063460462,0.715728084029981,-3.94377515370263,8.02088655962086e-05,0.000623924713256508
"GNLY",9.92780268135771,1.50559005983552,0.381856943736707,3.94281178993994,8.05318531747701e-05,0.000626176246114028
"DUSP23",33.1414970204917,1.14568012328667,0.290638803101367,3.94193793485685,8.08258941603278e-05,0.000628200923430125
"HIST1H4B",61.2074009609968,1.48015281497446,0.375618096462777,3.94057908528147,8.12851463275791e-05,0.000631244757399989
"SLC16A7",4.27369162127331,-1.13575075999163,0.288251908496649,-3.94013266352697,8.14365615653293e-05,0.000632157658155148
"TNS4",41.8254948804313,-1.47802957821848,0.375291399675541,-3.9383518500459,8.20432264879248e-05,0.000636602242436853
"IYD",8.15016619243591,-1.98860375737918,0.504953301010799,-3.93819340005987,8.20974116606383e-05,0.000636758030034257
"DIRAS1",4.99467344279362,1.27739261521639,0.324569851252327,3.93564778209581,8.29725873775265e-05,0.000643011720112513
"PKD1L2",3.08745771159146,-1.32404778739928,0.336627420230854,-3.93327372586366,8.37967203374777e-05,0.000648590784403139
"HSD11B1",2.70431452741976,-2.45945086843458,0.625725507815582,-3.93055874774957,8.47486821223153e-05,0.000655306250542386
"AC037459.4",7.9749881369387,1.38670688527503,0.352806803670861,3.93049927282214,8.47696499576765e-05,0.000655306250542386
"S1PR1",11.7642334428006,-1.09529293675867,0.278874127200807,-3.92755307834629,8.58144861642519e-05,0.000662834357550856
"ZNF285",4.91619531520492,-2.02313808859587,0.515140137962367,-3.92735479048163,8.58852421108127e-05,0.00066310652810867
"DISP1",22.1110009156302,-1.29727968518327,0.330337455060701,-3.92713470818768,8.59638396062814e-05,0.000663438991984153
"MTFP1",5.47941268840566,1.28325165952031,0.326831364530835,3.92634183491664,8.62475604972727e-05,0.00066507877196348
"PDE1C",8.57002615190354,-1.48447228831406,0.378155613959682,-3.92555930287559,8.65284482766671e-05,0.000666969281947605
"WSCD2",2.39821963908687,-2.63052222119361,0.670450855459273,-3.92351236451425,8.7267284412894e-05,0.000672109295670098
"ATP8B1",13.5800815004333,-1.11551822306444,0.284434825279294,-3.9218763805349,8.78620692282276e-05,0.000675853716696243
"C20orf26",2.11744307352431,-3.11901478015517,0.795546012661944,-3.92059633322624,8.83301168003956e-05,0.000678616749350713
"GLT1D1",1.30404761861657,-2.7802118918451,0.709129949672159,-3.9205957852019,8.83303176882657e-05,0.000678616749350713
"SCN2B",0.815041146807061,-2.91405850720611,0.743295625899496,-3.92045695638215,8.83812217178657e-05,0.000678728518408406
"RP11-146D12.2",3.14644251580752,-1.96714181337411,0.501857621829803,-3.9197209084955,8.86515699324019e-05,0.000680524736458886
"SPATA6L",5.93373774543856,-1.14312512883572,0.29174767826778,-3.91819786064076,8.92134636733242e-05,0.000683713527634355
"NLRP12",15.1501437832127,-1.14380617452391,0.291954336451344,-3.91775710005434,8.93766988747587e-05,0.000684668484471989
"RP11-644F5.10",3.60660892558312,-1.21838957917429,0.311187633002609,-3.91528920162478,9.02959073979509e-05,0.0006908747111526
"DCDC1",2.65472332253378,-2.22319544119486,0.567982331628288,-3.9141982371554,9.07050946420371e-05,0.000693721184707985
"PARP15",114.41941790237,-1.62878994070988,0.416174730422325,-3.91371657538414,9.08863079662469e-05,0.000694822474783728
"ARHGAP19",4.93273842842902,-1.09485348299983,0.279815237439415,-3.91277291765389,9.12423275574661e-05,0.000697022296384215
"RP11-192H23.4",78.6191379853977,-1.23677983241495,0.316089180310923,-3.91275598613778,9.12487274285191e-05,0.000697022296384215
"CCDC85A",1.59355102086527,-2.14406340395491,0.548067197448639,-3.91204475278935,9.15179467787986e-05,0.000698444903645614
"ZC3H8",12.5554628285467,-1.55843652584966,0.398375039986718,-3.91198335593923,9.15412221432291e-05,0.000698444903645614
"ALOXE3",1.26634172570988,-3.45552928456891,0.883322575068264,-3.91196758930549,9.15472001296705e-05,0.000698444903645614
"RUNDC3B",2.38639632403966,-1.96691648776881,0.503103246322749,-3.90956826883005,9.24612227304502e-05,0.00070412305527719
"PCLO",3.60406338938934,-1.62376422697547,0.415336048718482,-3.90951912791001,9.24800327569591e-05,0.00070412305527719
"CD300LG",8.54342210636156,-1.23382287898108,0.31583169516433,-3.90658346794205,9.36103166876329e-05,0.000710989016371611
"AC008394.1",56.7665172458677,-1.13391491895708,0.29035669503723,-3.90524805640071,9.41287807990209e-05,0.000713765316302567
"MFI2",42.1999327322822,1.42656387832166,0.365364502127265,3.90449501803203,9.44223371398642e-05,0.00071545451955424
"RFESD",2.57775553666184,-3.01911520892872,0.773243862026291,-3.9044800187836,9.44281930570275e-05,0.00071545451955424
"GRIK2",10.4696294184389,-1.20723476577709,0.309202268839617,-3.90435287007315,9.44778474765475e-05,0.000715540338555645
"HIST1H1C",94.8602954313286,1.21847932262686,0.312098989906001,3.90414375578032,9.45595649184225e-05,0.000715578645100133
"TMEM91",16.9101737807789,-1.54252456738233,0.395132713778399,-3.90381386707307,9.46886141610997e-05,0.000716264885645693
"CLEC1A",2.80682501159569,-1.45534799201843,0.373089057446304,-3.90080588795583,9.58730026092234e-05,0.000724343620279883
"SPARC",751.753114635272,1.33929647319688,0.343374143680216,3.90039989278914,9.60339300885589e-05,0.00072479251069639
"ANKRD20A4",4.89864931736911,-1.38199966691613,0.354366230594836,-3.89991920109406,9.62247953831645e-05,0.000725533402668941
"C7",12.2463311641559,-1.47303576949298,0.377728264533212,-3.89972344620101,9.63026251606394e-05,0.000725827092904311
"NEK10",5.41601180990425,-1.57110611878339,0.403113966511889,-3.89742417604143,9.72212476035822e-05,0.00073186430302874
"TYRP1",5.86679388640148,-5.58258680111259,1.43243749961798,-3.89726379168474,9.72856333346365e-05,0.000732053804403196
"CCDC152",1.62805519841804,-2.70747985339102,0.695019283039498,-3.89554638189391,9.79776097465731e-05,0.000736370368904498
"CGB7",1.96709315296231,-1.70637557226306,0.43824904947007,-3.89362070340234,9.87590270119706e-05,0.000741347919294925
"ALDH1A1",11.7437744861338,-1.38181444790379,0.355194328941556,-3.89030549001573,0.000100118101607303,0.000751247925605601
"TSTD1",36.9019061566958,1.00827417475162,0.259183518218424,3.89019402808597,0.000100164100873093,0.000751291120610598
"CX3CR1",2.85946799957944,-1.46751817604751,0.37730178096662,-3.88950768344596,0.000100447788649881,0.000753116372009895
"TJP3",15.419112976925,1.27410196137732,0.327597113766645,3.88923439137775,0.000100560959826203,0.000753662207545319
"SCXA",8.7205934939239,1.38739533769729,0.356740881501627,3.8890842335124,0.000100623191932013,0.00075382599124348
"POU6F2",20.512709899792,-1.40557107152681,0.361506696262019,-3.88809138547202,0.000101035588137794,0.000756308498373885
"OR5P3",2.96918669442582,-2.07199779031079,0.532902714964814,-3.88813517387991,0.00010101736630258,0.000756308498373885
"TYROBP",58.66922359411,1.32877352366555,0.341796517235478,3.88761574989981,0.000101233716147195,0.000757184393730761
"PPARGC1A",7.03333853221721,-2.39292778173199,0.615691431959637,-3.88656989121275,0.000101670663541492,0.000760148024692074
"C14orf180",1.8026863188554,-3.03304399493695,0.781336587726564,-3.88186607741245,0.000103657961418157,0.000774385947065059
"ST20",4.48209577445692,1.06356052445074,0.27399131334981,3.88173081638129,0.000103715646051696,0.000774506958455649
"SLC16A11",3.34811767746089,-1.25552191778776,0.323512108309801,-3.88091167390077,0.000104065632716496,0.000776809794955723
"NMNAT1",16.8148481769502,-1.0356375446057,0.266939906685954,-3.87966549274361,0.000104600214202026,0.000780488169039816
"TMEM147",40.2667310043577,1.01823525527338,0.262464266068722,3.87951956479579,0.000104662982983274,0.000780644518303935
"CEP44",3.99258209572166,-1.23253840027408,0.31775194267476,-3.87893269793683,0.000104915774326171,0.000782217488376711
"KRT14",237.355200003887,-2.22069080468291,0.572544527764423,-3.87863423191536,0.00010504455870063,0.000782865016519784
"ACER2",4.57873515797288,-1.29605701878532,0.33451739871681,-3.87440839776023,0.000106884037528867,0.000795938610541054
"DHTKD1",24.5841146008676,1.00244117248073,0.258754487926714,3.87410158762018,0.000107018766781294,0.000796624145550228
"EPPK1",51.535255615115,1.2754886777692,0.329319493022437,3.87310409737057,0.000107457902004046,0.000799574162022138
"CELA2A",2.47126126190725,-2.13578720820653,0.551543781911957,-3.87238017769451,0.000107777664602823,0.00080163395237853
"RP11-683L23.1",6.98470509389682,-3.27625346023523,0.846125696055037,-3.87206472455615,0.000107917284089292,0.000802033350582401
"PKIA",1.96200210553087,-2.5127737787306,0.649049291349941,-3.87146833409885,0.000108181712799177,0.000803039521370905
"DSEL",3.02446704741797,-1.45731811648352,0.376436501856462,-3.87135176662334,0.000108233468073154,0.000803104378162844
"RGN",2.20087137587268,-1.80973781021116,0.467538971404665,-3.87077424749005,0.000108490227943495,0.0008040508398083
"DNASE1L3",2.28004699149621,-1.54930302764656,0.400331297168739,-3.87005222575324,0.000108812040792958,0.0008061158688745
"CFH",14.465610358169,-1.15006795972983,0.297214573144361,-3.8694871101466,0.000109064546990855,0.000807666016569726
"PTGFR",2.65386914679525,-2.14580876970881,0.554616441030408,-3.86899596002268,0.000109284452702438,0.000808652971661438
"FGF17",1.59106920297902,-2.63943833133774,0.682382247068831,-3.86797625916476,0.000109742346249924,0.000811719438248745
"CCDC90B",79.9516559078587,-1.21110541255243,0.313201128083849,-3.86686159134202,0.000110244954882032,0.0008147913945735
"C9orf172",5.37178717294157,1.02648430460974,0.265623383546113,3.86443501662398,0.000111346627541183,0.000821957370330705
"NOS1",1.44648848795942,-2.60675012226295,0.674678178178271,-3.86369413829502,0.000111685052753331,0.000823804128744343
"TICRR",8.13953607476368,1.38556063071297,0.358745492228641,3.86223844125657,0.000112352827563889,0.00082774859423451
"RAB6C",1.65289120834411,-3.66714036386234,0.949894061441857,-3.86057826100727,0.000113119001914887,0.000832736059443622
"CHD1",13.6481604908724,-1.20744399385579,0.312772296086083,-3.86045698089408,0.000113175165502473,0.000832821113427541
"SUCLG1",97.2613857968011,-1.43804897129826,0.372775684202891,-3.85767911438013,0.000114468790673162,0.000842008610353532
"DENND2C",5.85738424312835,-1.21478648274984,0.314925437818983,-3.85737808658089,0.000114609810873333,0.00084271388703988
"DENND2A",20.1704267909192,-1.21201505519075,0.314284837790511,-3.85642229422035,0.000115058650483618,0.00084568108105459
"HAP1",17.4355067078914,-1.12023523773272,0.290558682153935,-3.85545263844234,0.000115515694059323,0.000848706215030894
"AASS",31.4940006034547,-1.42487694519326,0.369749450027596,-3.85362830177817,0.00011638023309523,0.000853378857680614
"ACHE",3.62423028422096,-1.76220610675839,0.457266551627192,-3.8537830954124,0.000116306641341907,0.000853378857680614
"1-Dec",2.07074519493126,-3.07810319275169,0.798752211652077,-3.8536396492539,0.000116374836804399,0.000853378857680614
"CMA1",1.73810249255285,-2.00677284697346,0.520839603710901,-3.85295747995258,0.000116699661991021,0.000854378819494267
"PLCL1",2.98162692860577,-1.51732648665904,0.393806513854059,-3.85297457832643,0.000116691509906386,0.000854378819494267
"DDX25",1.74712121481226,-2.16940142142089,0.563087452104464,-3.85269004541487,0.000116827238124535,0.000854977541570736
"SMIM10",1.91091353554093,-2.19010238129368,0.568532612008942,-3.85220185268675,0.000117060463306064,0.00085634866358186
"ZNF536",1.54884229268829,-3.74604851151271,0.972496136254772,-3.85199320784893,0.00011716027344053,0.000856719534411532
"FAM167B",3.68826176886716,1.4310660639901,0.371551387877354,3.85159660461954,0.000117350219165996,0.000857460368536199
"ETS2",32.559914838539,-1.22650208791788,0.318525020617933,-3.8505674861538,0.000117844451605973,0.000860734768009354
"RASSF8",11.2828345817857,-1.01851202391816,0.264584904199518,-3.84947140880766,0.000118372999160576,0.000863999238483138
"AC011239.1",3.20807809844124,-1.91341598608244,0.497062337005372,-3.84944873838181,0.000118383954793501,0.000863999238483138
"HOXA4",2.925904598888,-1.3926445079336,0.361831626234314,-3.84887446801501,0.00011866179381876,0.00086568856147027
"HIPK4",0.939052923252405,-2.43380277063968,0.632376709126324,-3.84865972373043,0.000118765847592421,0.000866109222149573
"ZSCAN30",24.2764895646837,-1.25670963505346,0.326612113891636,-3.84771287286183,0.000119225668532049,0.000869123001103018
"EXPH5",14.6662330727824,-1.3004893053941,0.338100491575986,-3.84645789579344,0.000119837712690352,0.000872562503204442
"CPNE6",2.34785397358271,-2.15949268638613,0.561447671474497,-3.84629377964072,0.000119917969757697,0.000872677947089327
"GRID1",3.23692248941327,-1.14387209468183,0.297435355020216,-3.84578388337219,0.000120167645748132,0.000873942258851531
"FAM205A",1.69416187591057,-2.56197119902823,0.666692928038314,-3.8428054225303,0.000121635901306466,0.000882900715976058
"AQPEP",2.21340621149144,-3.34710395329181,0.87104242572302,-3.84264170658909,0.000121717094758597,0.000883146693372813
"UGT1A6",1.859728147479,-4.17899619845714,1.08770834180214,-3.84201907611857,0.000122026349680906,0.000885046589818504
"SLC26A5",2.21849759072231,-2.00486221686952,0.521882666888004,-3.84159571503793,0.000122237052232372,0.000885886462781892
"NMB",5.025750520468,1.26794376525953,0.330122646366806,3.84082636927215,0.000122620826152378,0.000887978356648079
"APOA2",1.86669582168193,-3.41002703056115,0.888322509322678,-3.83872635757165,0.000123674168300788,0.000895259033736882
"SCGB3A2",58.1075438909599,-1.2152404646224,0.316668442751749,-3.83757994343339,0.00012425279010954,0.000899098968432168
"PRRT4",1.86957143692806,-2.46598731045812,0.642631076706313,-3.83732969014987,0.000124379437625869,0.000899666687732412
"MYOZ3",4.25702454043313,-1.97482340499399,0.514799733715428,-3.83610028455383,0.000125003381188404,0.000903829637260388
"ANKRD35",2.80789243184947,-1.76404926538526,0.459912948257801,-3.83561557044145,0.000125250191555878,0.000904913245416675
"ADAMTSL5",8.84664903290114,-1.37971933189615,0.359777689336477,-3.83492187756475,0.000125604210501477,0.000906769143794304
"NOXO1",3.37242761159556,2.10381332980776,0.548591117124506,3.83493874424199,0.000125595591591739,0.000906769143794304
"UBQLNL",1.29281623266813,-2.43148849656918,0.634081068552539,-3.83466502496236,0.000125735531664092,0.00090736630871161
"SCUBE2",19.591822960471,-1.55035564074591,0.404526166889337,-3.83252251063903,0.00012683598917741,0.0009142475219896
"GHR",7.81108969010608,-1.07451035365574,0.280514064597037,-3.83050438201483,0.000127880855819034,0.000920357631952793
"RSPH10B",25.7353460869755,-1.76647165821975,0.461152335024899,-3.83055993443983,0.000127851985824917,0.000920357631952793
"TAL1",3.02512335740377,-1.75434726657703,0.458017924290681,-3.83030264436472,0.00012798574837021,0.000920757586251808
"EXTL1",10.1458248018888,2.04509619575895,0.534069695866288,3.8292683737498,0.000128524787276246,0.000924279373520895
"PBK",1.97532842864967,2.28547567122659,0.596933519608546,3.82869380953066,0.000128825161132973,0.000926082762106841
"HMGN5",4.78011378765398,-1.71005478780881,0.446691454574558,-3.82826841726247,0.000129047976157028,0.000927327431437856
"FAM179A",4.59541963319325,-1.75966646032655,0.459742813677309,-3.82750182923284,0.000129450422404058,0.000929503821485135
"LCP1",22.0794702676435,1.03643521396439,0.270832434675302,3.82685041105569,0.000129793335632726,0.000931249724414821
"AC002398.9",5.24749534859088,1.07202231077707,0.280217309890339,3.8256819723114,0.000130410559597255,0.000935318761859836
"GRASP",26.0221478559291,-1.09324312106339,0.285793764644882,-3.82528681975207,0.000130619922788169,0.000936405263908812
"KCTD6",6.32229620234872,-1.41794840284309,0.370685425014105,-3.82520678494209,0.000130662366087228,0.000936405263908812
"CASP1",11.9673304604128,-1.3556221957858,0.355014567169129,-3.81849738334816,0.000134267008366555,0.000961131433740496
"CT62",1.52880094043768,-2.59249062327535,0.679000090623985,-3.81810055561689,0.000134483113013186,0.000962309404692664
"ZNF365",2.52614650729335,-2.18975678403339,0.573544573156749,-3.81793654149863,0.000134572527582266,0.000962580274878668
"SULT1C4",3.84213808086403,-1.55523765253321,0.407490675045729,-3.8166214536288,0.000135291493673243,0.000966981966074185
"EPHA2",19.0409304898961,-1.10774307607605,0.290342674982405,-3.81529541306037,0.0001360201107356,0.000970703152646376
"ORC1",1.64440381985046,1.7956927625029,0.470778372636634,3.81430598106276,0.000136566178641995,0.000974227737511428
"CHCHD2",107.154507724223,1.13716666673481,0.298192479256904,3.81353235188436,0.000136994582875671,0.000976537559261511
"KIAA1549L",4.80746583364064,1.4410696253958,0.377979192299758,3.81256337585101,0.000137532948176809,0.000980000995997271
"FIBCD1",4.58574870885598,2.85832777300026,0.749895513466232,3.8116347166664,0.000138050783173453,0.000982191338058379
"EREG",6.32680078910344,-1.82215821063783,0.478204746890218,-3.81041430995278,0.000138734094309477,0.000986301144959491
"SERPINB9",13.6551491703106,-1.36035372582033,0.357107161072943,-3.80937117512034,0.000139320674217633,0.00099009427749105
"HPDL",4.88619105400488,1.63334591298926,0.428942121892294,3.80784686237784,0.00014018203447286,0.000995079240142141
"KLHL13",3.68363157095823,-1.34575634970485,0.353540933011827,-3.80650788648519,0.000140942800225857,0.000998960188844546
"ARIH2OS",12.5914958681812,-1.95250473015094,0.512986493058143,-3.80615231896493,0.000141145475433133,0.00100001703258488
"CTD-2583A14.10",6.84354915036295,1.01156160274462,0.265859574061188,3.80487182497256,0.000141877639772768,0.00100406128010531
"C1orf158",2.62755434111356,-2.01576670477235,0.529882870191687,-3.8041741263369,0.00014227807575894,0.00100613234709987
"OSR2",15.8427028469036,-1.3388833939906,0.352076822864883,-3.80281605331466,0.000143060580194332,0.00101051758291637
"LIPT1",31.0966499382805,-1.07162051917727,0.281807706723985,-3.80266576679133,0.000143147422018604,0.0010107485709778
"ATAD3A",19.8835994284613,1.08662126337793,0.285884263855041,3.80091316928484,0.000144163818027165,0.00101677155978434
"WISP1",8.57073131172475,1.13316563667133,0.298145266314898,3.80071651204581,0.000144278289944729,0.00101681064363086
"TMCC3",4.65428159708418,-1.26351073843547,0.332448800693899,-3.80061752606184,0.000144335940927914,0.00101683308723896
"CCT6B",4.17004709985017,-1.23970818518657,0.326222741639012,-3.80018933982963,0.000144585573250436,0.00101820749415782
"XG",4.21157658456684,-1.78140058609215,0.468938147240658,-3.79879648643288,0.000145400421206944,0.001023173940261
"DPY19L2",6.57588589112433,-1.09300611721549,0.287807684285883,-3.79769608976038,0.00014604723158731,0.0010273382692176
"HMGN4",16.2707116033433,1.07084966219434,0.282136559652161,3.79550124065654,0.000147345458221045,0.00103607998475657
"STEAP4",29.7159548614323,-1.29252350699523,0.340823152334265,-3.79235828946145,0.000149223407058999,0.00104731270164829
"FAM122C",194.845623425267,-1.15807260867046,0.305490300284539,-3.79086539766342,0.000150123299552434,0.00105283691936303
"SCN7A",3.03955389976774,-1.74113726369931,0.459316098156569,-3.79071683027709,0.000150213132691491,0.00105307133842187
"PARP10",73.2638517286879,1.20506831458681,0.317938709926961,3.79025352044626,0.000150493603913655,0.00105385037189198
"RRM2",18.1758724027092,1.37328610225272,0.362453918213291,3.78885710222781,0.000151341930854488,0.00105859966546364
"ESRRB",1.85317473666348,-2.61574885126425,0.690546107149319,-3.78794236066649,0.000151900076369493,0.00106170817137479
"ANKRD30B",2.34821049140176,-2.69491761756607,0.711445548421506,-3.78794641915367,0.000151897595738738,0.00106170817137479
"ZNF214",1.25791365226251,-2.37899437852828,0.62807039663893,-3.78778301168035,0.000151997503893122,0.00106199154198379
"ADAM15",123.066930793632,1.02626876601695,0.270979441793656,3.78725691965379,0.000152319579553465,0.00106384370770057
"NTHL1",11.3184182301385,1.03210342325589,0.272543479621382,3.78693126208594,0.000152519270236132,0.00106453641515318
"KCNE1",3.84453153276083,-1.41255400136736,0.373009735494695,-3.78690920625436,0.000152532803606768,0.00106453641515318
"OR2A1",3.82853037015305,-1.79249794531569,0.473621544805924,-3.78466301833927,0.00015391699066316,0.00107339420944734
"MEIG1",5.17768542767303,-2.020787163333,0.534019159411923,-3.78410985395795,0.000154259681591786,0.00107498096141734
"LY6E",207.479763317601,1.42434832227028,0.376503990393443,3.78308957836503,0.000154893637341583,0.00107899601325747
"PITX2",2.79280288829442,-2.84215563874368,0.751332396215311,-3.78282056392148,0.000155061199521036,0.00107953805715732
"CYP2A7",3.67482268946296,-1.91761683009317,0.506943901613382,-3.78270026326431,0.000155136186902092,0.00107953805715732
"AL117190.2",39.4812340800546,-1.63266064680216,0.431640084531384,-3.78245836128654,0.000155287075744917,0.00107972231548672
"S100A11",263.690026573635,1.34527632473363,0.355860750640632,3.78034476213469,0.000156611343633517,0.00108731021729049
"NKPD1",4.00465731387632,-1.4596055251966,0.386094659955206,-3.78043437680784,0.000156554980777984,0.00108731021729049
"MAGEL2",1.07708020459514,-2.8513513814438,0.754309763082651,-3.78008017527326,0.000156777866128755,0.00108806170362741
"UGT1A8",1.72595533279875,-3.25949643072794,0.862425723465088,-3.779451774272,0.00015717402971901,0.00109000072838938
"PFN1",388.447414415391,1.27107675081627,0.33632375706165,3.77932490384042,0.000157254127020838,0.00109015124298256
"MSMB",5.49382984667438,-2.47734793399144,0.655598380953328,-3.77875846854448,0.000157612204336139,0.00109182272458307
"GLI1",3.49872516648064,-1.5713034486223,0.416144395198741,-3.77586113558465,0.000159455812373699,0.00110228679015098
"C12orf50",216.301098892605,-1.37413537663957,0.363929549814433,-3.77582797917959,0.000159477027167915,0.00110228679015098
"ZMAT1",4.78488797714199,-1.04845439144455,0.277728270518152,-3.7751086322198,0.000159937948576689,0.00110506349444049
"EME2",27.6908961539255,1.0274105954196,0.272163759618324,3.77497208614554,0.000160025581886784,0.00110525992905822
"TG",4.46244697342676,-1.73019799139186,0.458526569103105,-3.77338655593325,0.000161046466388567,0.00111066733690734
"FAM177B",1.30017495587129,-2.99091806077118,0.792936874690923,-3.77194976830533,0.000161976869197721,0.00111625919935484
"SLC16A3",45.1309921977853,1.19698839894824,0.317433376509216,3.77083346468292,0.0001627032289506,0.00112085113700323
"UPK3BL",75.7731820492595,1.48915813468626,0.395001697207838,3.77000439545633,0.000163244672335446,0.00112333755541115
"IL2RB",8.05689486692368,1.19793511315506,0.317818686940658,3.76924064688096,0.000163744956325117,0.0011251213064533
"AC018755.1",16.3887345177198,-1.13925272541485,0.302246116905849,-3.76928821146686,0.000163713757661857,0.0011251213064533
"C11orf96",30.4915352548017,-1.6103977885702,0.427232119540061,-3.76937433988783,0.000163657278359159,0.0011251213064533
"PTPRH",2.44590738016175,-1.97272124558375,0.523543917250786,-3.76801483234268,0.000164550927568975,0.00113024329167961
"SERPINB4",1.86440309270733,-4.19278644686967,1.11333996901507,-3.76595340467197,0.000165914735005738,0.0011387728631699
"GSPT2",2.25179091941824,-1.61054083096713,0.427675911933227,-3.76579738542438,0.000166018386533233,0.00113906551201357
"PACRG",1.10003329743103,-2.34131215903592,0.621802022459906,-3.76536594360608,0.00016630533253703,0.00114039673261184
"COL1A2",654.960738554194,1.31436462054879,0.349070974207068,3.76532200517224,0.000166334581547059,0.00114039673261184
"LCE2B",3.50277655585102,-5.26916338085988,1.39991028047471,-3.76392934200975,0.000167264163430158,0.00114592831819362
"PLEKHB1",18.7192695919518,1.36041419476846,0.361705453831257,3.76111053996748,0.000169160648322181,0.00115807119307913
"NKG7",7.76762194253558,1.46794914589503,0.390347688981519,3.760619538251,0.000169493054869818,0.0011599214961014
"KIR3DX1",12.1753962811663,-1.59221111562724,0.423458332254183,-3.76001838752698,0.000169900868574791,0.00116170664309689
"UTP15",7.58914013968494,-1.11636105631935,0.296907701953424,-3.7599599100143,0.000169940588263839,0.00116170664309689
"NRXN2",13.5284982058478,-1.14175405221673,0.30372630215469,-3.75915435744917,0.000170488633493172,0.00116502646364715
"PDK4",18.2114526033511,-1.27492596757184,0.339215246423687,-3.75845714782357,0.000170964310929078,0.00116699551032356
"ATXN3",44.1093768266317,-1.34161620237871,0.356991037104165,-3.75812293009263,0.00017119277629984,0.00116801282764137
"CENPF",8.19567386832681,1.43880997806466,0.382860162112013,3.75805612714468,0.00017123847604341,0.00116801282764137
"HSD17B10",26.6546740840062,1.05718380134632,0.281334868786725,3.75774181815958,0.000171453648142127,0.00116905338099539
"CDH22",1.20643914438689,-3.03103571326031,0.806751786497228,-3.75708583977301,0.000171903542440013,0.00117126541380022
"RECK",5.11119051002682,-1.00953414281303,0.2688260127168,-3.75534395875797,0.000173103583738188,0.00117858162100957
"PSG11",5.08252466908208,-3.54476458885719,0.943907605537991,-3.7554147970201,0.00017305462753561,0.00117858162100957
"NTN3",2.83365498965123,1.26262544404592,0.336337244127113,3.75404587536172,0.000174002996470629,0.00118384181527339
"ASPA",2.51514408359747,-1.48258955321772,0.394967256109758,-3.75370244060363,0.000174241688837409,0.00118503391216961
"PTPRQ",1.27679592400192,-3.61879910090944,0.964153152922942,-3.75334467344595,0.000174490669896791,0.00118629508969526
"NCAM2",1.73875724763303,-1.85298743562647,0.493759933404593,-3.75281044545205,0.00017486307833384,0.00118796172103874
"PER3",11.4622738048013,-1.10826640425834,0.295354717233013,-3.75232335762561,0.000175203276853642,0.00118983993291402
"GPRIN1",2.45076641714647,1.57862154166329,0.420816697137379,3.75132819681804,0.000175900266443042,0.00119413893608187
"SLC45A2",1.54844388011765,-3.42711320691199,0.914229781656613,-3.74863439769153,0.00017780005106497,0.00120615884932119
"ZNF347",84.5387817065026,-1.08688339727806,0.290010830813394,-3.74773381473264,0.000178439473041131,0.00120879481037936
"MYRIP",1.84868806162723,-1.70050552763952,0.453763797634189,-3.74755662859297,0.0001785655310774,0.00120915484210518
"DSG3",5.82738151320018,-1.47539422072139,0.393800049901464,-3.74655671346553,0.000179278485877525,0.00121266306262591
"PPHLN1",39.9413417400939,-1.31958941562636,0.352257163288124,-3.74609675303329,0.000179607342715791,0.00121444747597287
"SLC25A27",11.6965826020789,-1.07104890182677,0.285970334998359,-3.74531470836973,0.000180167781713628,0.00121728620727375
"DOC2B",4.0138954791345,-1.69655000054395,0.452988558103134,-3.74523808647211,0.00018022277984384,0.00121728620727375
"TMEM221",2.47340421094823,-1.71232594514021,0.457323138127929,-3.74423641049453,0.000180943222479149,0.00122126862634245
"RPS17",66.3130382263044,-1.85891184004916,0.496899971566541,-3.74101820571392,0.000183276242648554,0.00123433772511034
"KRT6C",2.93654666794458,-3.11419743242851,0.832963599348696,-3.73869570634724,0.000184977462814518,0.00124534592617535
"AMH",6.67428283148015,1.81910895078421,0.486577053628631,3.73858351358386,0.000185060018196102,0.00124545258821306
"CACNA2D3",1.81892700333272,-2.56593033878712,0.686881462566723,-3.73562321684852,0.000187250863365094,0.00125974283537404
"ZNF781",1.29371784457334,-2.45567742752695,0.657458764198747,-3.73510486322244,0.000187636983866569,0.00126188575353205
"GINS1",4.76751124217056,1.44004549342708,0.385595766663068,3.73459881546207,0.000188014659602683,0.001263515363615
"C15orf37",3.97554215115633,1.03768968842793,0.277867251270646,3.73447998525458,0.000188103449006272,0.00126365717506229
"AKR1E2",9.1244435508683,1.26953691406997,0.340006086555873,3.73386525791309,0.000188563400193249,0.00126629140942725
"CCDC141",4.06504616879919,-1.45187372671375,0.38889452101824,-3.73333551450485,0.000188960612497679,0.00126850257990621
"TEF",10.0047111290794,-1.10294245745692,0.295577661748727,-3.73148109681758,0.000190357296183331,0.00127696024521977
"KIF11",2.84153372236105,1.18084602689329,0.316612603662267,3.72962419447112,0.000191765568936107,0.00128548344936021
"NTRK1",3.86402577064519,-1.60088877306965,0.429552177609266,-3.72687849466768,0.00019386585785199,0.00129723358431498
"MCM6",8.68927195831769,1.04788128258046,0.281227770519557,3.72609461947709,0.000194469428464245,0.00130070649634957
"ESR2",3.41232820667448,-1.1906352034298,0.319694178651229,-3.72429428791296,0.000195862344833679,0.00130918514704617
"ENPEP",2.59673626138382,-1.4967165447587,0.401903999246871,-3.72406482036358,0.00019604055595126,0.00130951586131772
"FAM26F",3.64974093889594,1.90848271004058,0.512475056824051,3.72404995058291,0.000196052109506831,0.00130951586131772
"MLX",48.9287573995506,-1.13140405596442,0.303827420455626,-3.7238378756853,0.000196216957586301,0.00131014820499952
"TNFRSF10C",5.80808771740493,-1.8777676079451,0.504380629173974,-3.72291777148604,0.000196933673892988,0.00131399383770843
"AC069368.3",1.29354013235749,-2.98225649740069,0.801157813813735,-3.72243326593086,0.000197312068066884,0.00131557821383595
"ARR3",2.521784845613,-2.21595541161907,0.595368615480316,-3.72198895608787,0.000197659670161125,0.00131695516853606
"LMO4",37.3703248805848,1.21813346558197,0.327339632277464,3.72131372271304,0.000198189035172256,0.00132001109440986
"CEACAM3",1.99125958529967,-2.86500396046242,0.770062871667502,-3.72048058135632,0.000198844031620794,0.00132390129326983
"DACT3",11.9577656858651,-1.07750030981166,0.289698785764421,-3.71938151887137,0.000199711200611986,0.00132872715759985
"CTSO",5.35426852649598,-1.03192939928107,0.277562308943008,-3.7178297125816,0.000200941639532275,0.00133456707513484
"NDC1",5.39154498975714,1.05381699178179,0.283519434150231,3.71691272219241,0.000201672072148093,0.00133843438141939
"PPP1R1A",5.8384452276942,-1.4191705585997,0.381832963498279,-3.71673138326648,0.000201816813541641,0.00133891900924268
"HOXA7",4.44294444607007,-1.51482176523952,0.407608649544478,-3.71636315110685,0.000202111030018409,0.00133991861484861
"ADRA1A",12.1141674777299,-1.25672153299893,0.338317771563483,-3.71461873608112,0.000203510296761609,0.00134871626916666
"TNNT3",5.57334375529213,-1.84429651334377,0.496633481492744,-3.71359681147619,0.000204334246228478,0.00135369625366907
"MAB21L3",2.02123051720682,-3.51637217997933,0.947055301757813,-3.71295337606225,0.000204854636910521,0.00135666236838684
"USP17L22",6.71328455094143,-4.09613007551303,1.10394089090648,-3.71046141080035,0.000206881831792734,0.00136911624166556
"PRUNE2",8.04952052907072,-1.34635059338916,0.363057082391537,-3.70837165472838,0.000208596343100964,0.00137820338298464
"KIF23",9.0204618556994,1.1175986522839,0.301408084754608,3.7079252641607,0.00020896430368162,0.00137996271150766
"SPINT1",71.9750317149804,1.10622797722518,0.298367223293657,3.70760556408843,0.000209228207596903,0.00138121690510134
"GRIK1",1.16379161799734,-2.29134229419848,0.618160998469069,-3.70670796098944,0.000209970829257862,0.00138562934302405
"PTH2R",4.97566832022119,-1.69281482481049,0.456792409671867,-3.70587336603626,0.000210663542122039,0.00138970942327786
"ELOVL4",2.61532248604509,-2.95483184688476,0.797499795062909,-3.70511925542461,0.000211291298294477,0.00139286625983743
"GRIK4",1.6262248703254,-2.84774931970996,0.768731073801373,-3.7044805612291,0.000211824350163577,0.001395887325522
"LRRC58",27.7375353649009,-1.5450068377683,0.417172874797151,-3.70351700963193,0.000212630917152488,0.0014002139655449
"CADPS",5.17479308334302,-1.85865588254591,0.501905216646388,-3.70320096484554,0.000212896098525337,0.00140146588976358
"CALB1",72.2155825707897,-1.222500772087,0.330289531627773,-3.70130038957676,0.000214497361078371,0.00141001804013102
"CCBE1",3.23078035877106,-1.47146618800442,0.397607324836185,-3.70080251567465,0.000214918692591674,0.00141229041604856
"POM121L7",6.74147577162504,-1.69410044701753,0.457847078541094,-3.70014471298079,0.000215476557425098,0.00141545807549935
"BAZ1A",16.5846873153366,-1.16658639591851,0.315297108762004,-3.69995906559069,0.000215634245847379,0.0014159956861501
"NDUFAF2",6.91047928947213,-1.2413135503711,0.335509598712877,-3.69978550578935,0.000215781765099987,0.00141646616478609
"KRT5",235.892247581046,-1.77373186658473,0.479613675850312,-3.69825122988843,0.000217089969187992,0.00142455277144838
"COL3A1",525.588886455311,1.29567406572268,0.350392781423021,3.69777613699878,0.000217496565888429,0.00142661316600645
"MAP6",2.15772277529994,-1.49478422307062,0.404246386192148,-3.69770584012126,0.000217556788452534,0.00142661316600645
"ASIC2",1.78453532210768,-3.9657427546578,1.07299104600024,-3.69597003576198,0.000219048808682209,0.00143538863084878
"LCA5",1.76336917166309,-2.06611277234117,0.559057220423095,-3.69570894867888,0.000219274056946231,0.00143636048039621
"FAM19A2",4.75429256647037,-1.76961651023361,0.478846171204706,-3.69558454603807,0.000219381459601218,0.00143655996818489
"CENPN",3.78965900272437,1.00965112580411,0.273212273981892,3.69548231157077,0.000219469760399176,0.00143663427661017
"CYP4B1",9.18423225687495,-1.67278693839965,0.452872092931838,-3.69372934324619,0.000220989015231219,0.00144505916824926
"TEAD4",14.4912264765068,1.09514719822693,0.296564236210572,3.69278242117278,0.000221813791116151,0.00144892990425032
"LRP4",6.02502214853598,-1.28315777294953,0.347580376136048,-3.6916864732527,0.000222771977103259,0.00145417134284641
"SYT7",19.4021838881532,1.0905809272696,0.295433599425818,3.69145868780386,0.000222971616768355,0.00145496578589599
"PRSS8",43.7082797572761,1.1080335832008,0.30054046964113,3.68680325988669,0.000227088784466861,0.00147924651682199
"TMEM187",8.01482782997171,1.05178681138338,0.28556456002,3.68318397531445,0.000230338794831644,0.00149884801697872
"SLC26A10",5.91298129229705,-1.00313003140824,0.272364760119063,-3.68303899142357,0.000230469891041067,0.00149917853513787
"PLA2G5",1.42582838165591,-3.14624702907671,0.85427736191546,-3.68293386824883,0.000230564988492118,0.00149927473708093
"EYA4",1.59705391971535,-3.78676860342035,1.02833525820428,-3.68242610880904,0.000231024841046444,0.00150174190720615
"PADI2",42.9016548943392,1.42470279486833,0.386905795907873,3.68229892117609,0.000231140163311018,0.0015019685725212
"CNTD1",2.15880063362206,-1.88885133387443,0.513097363066833,-3.68127273659054,0.000232072593188097,0.00150750286785963
"C6orf25",4.51012475570565,-1.29089022175898,0.350730404095855,-3.6805768951989,0.000232706867911449,0.00151057180703715
"PRIMA1",3.42998629129154,-1.23026461054375,0.334321380421389,-3.67988612930793,0.000233338124963923,0.00151414301527684
"GAL3ST1",2.31854745554064,-1.85956231915664,0.505413769921521,-3.67928701160118,0.000233886930153925,0.00151662242699553
"HLA-DRB5",70.3280469782458,1.30849138066795,0.35564532850032,3.67920305936697,0.000233963928959618,0.00151662242699553
"ZNF582",2.73555357308487,-1.57882280762411,0.429289987625085,-3.67775362374152,0.000235297069977504,0.00152367707228929
"BCO2",6.11550268769375,-1.1118695413923,0.302336536437678,-3.67758906843698,0.000235448872030177,0.00152413141190408
"DUX4L7",14.8028582262153,-4.80948921965419,1.30804479811327,-3.67685359598649,0.00023612846831836,0.00152694228439053
"RAD51AP1",3.88581247219985,1.39024081157068,0.378117041094292,3.67674730434587,0.00023622683673661,0.00152704945118967
"IL6ST",42.167524337876,-1.08013069313035,0.293863213171174,-3.67562404791776,0.000237268715944474,0.00153272306504062
"ARHGEF35",22.6889123843379,-1.0250627889975,0.278911052506809,-3.67523186974627,0.00023763349612312,0.00153454850886286
"MANSC1",9.78636256166141,1.00682502051918,0.273987268105684,3.67471462261825,0.000238115412520637,0.00153659752379805
"PRIMPOL",4.26132018527601,-1.44026319921669,0.391986219142834,-3.67426998420034,0.000238530412550943,0.00153821218373525
"LGALS9C",2.88125179315508,-3.62158855098063,0.985920266727082,-3.673307744249,0.000239430836717284,0.00154348559760876
"SNX22",12.4312962694281,1.2052920677667,0.328330957546442,3.670966870665,0.000241634662320163,0.00155500775968808
"CTAGE5",14.1450755159874,-1.08770882661378,0.296349926810578,-3.67035294497989,0.000242215787348976,0.00155821038387941
"KRT7",320.582530621896,1.2982143910646,0.353731137938775,3.67005969174616,0.000242493835214224,0.00155892472782863
"SERPINA12",1.61288189880665,-4.14882937465748,1.13106674743376,-3.66806767511344,0.000244390504497676,0.00156841743845552
"MLIP",3.81815619940539,-2.11158640246325,0.575685599649637,-3.66795070737979,0.000244502305031543,0.00156859571568174
"MS4A10",8.49971493720714,-1.71453031244608,0.467458580964538,-3.66776947148638,0.000244675629362853,0.0015691684385349
"CAPN15",47.7698306501876,1.02092130507234,0.278431252569034,3.66669077430241,0.000245709624573871,0.00157525857869835
"CHRNA2",1.86252711797767,-3.86781635560522,1.05519313037315,-3.66550562572126,0.000246850384680006,0.00158148587220008
"ACKR4",2.53214199309635,-1.51883177639348,0.414476769956141,-3.66445573428447,0.000247865101491608,0.00158643617104867
"RP4-583P15.15",3.83853799120003,1.00328791022815,0.273787903495328,3.66447128386469,0.000247850044368663,0.00158643617104867
"TNNI1",4.48031174111238,-1.76072992390105,0.480575677317303,-3.66379325256304,0.000248507399876117,0.00158937466539473
"CPB1",2.56456948955013,-2.49903908895791,0.682304467410042,-3.66264506290573,0.000249624307482392,0.00159542492173529
"ABCA5",17.8280664541427,-1.02215832887206,0.279174260698786,-3.66136307234611,0.000250876933141029,0.00160178572667916
"ARRDC1",67.5496644013273,1.03961602112708,0.284098426440588,3.65935156400626,0.000252854254395011,0.00161220494375015
"PDE3A",2.63318860616349,-1.39087097951393,0.380117102482917,-3.65905919630763,0.000253142866680691,0.00161349408605729
"THAP8",5.6807272696402,1.02362199559197,0.279870042551252,3.65749040612132,0.00025469678964142,0.0016217767948931
"ZNF585A",9.25229503557168,-1.10555771994356,0.302358046746353,-3.65645211642409,0.000255730154072329,0.00162720730960338
"RPL17-C18orf32",3.34666768321,-2.06377075288124,0.564438381664543,-3.65632604004555,0.000255855899731771,0.00162745274006557
"PTPRCAP",19.4252186046429,1.08201681984681,0.295970794172013,3.65582294318527,0.000256358254424476,0.00163009272883193
"CLDN19",2.84475722359321,-1.56358932756302,0.427747689755306,-3.65540098757162,0.000256780300598401,0.00163181570070241
"ACER3",13.3026084299658,-1.39479933723916,0.381595110707106,-3.65518136397125,0.000257000229063536,0.00163195145455345
"MCF2L2",8.74946140267145,-1.38028082537997,0.377747751001049,-3.65397496536291,0.000258211455535565,0.00163797134332092
"SYNPO2L",3.50592514150692,-1.53235409523069,0.419483199996669,-3.65295700815398,0.00025923764817213,0.00164280639977105
"WNT6",6.66537402003742,1.75166010582156,0.479578630718356,3.65249824246289,0.000259701374276222,0.00164518661566433
"ZNF442",1.92781318225853,-2.25850780840759,0.618408541362092,-3.6521290657355,0.000260075107391759,0.00164643681922576
"FOXP3",3.78401096319762,1.16002677702171,0.317793743870564,3.65025051435305,0.000261984668131892,0.00165515795917235
"MS4A2",1.47939778211213,-2.39514310431686,0.656315980107913,-3.64937496101046,0.000262879158278922,0.00165918172699705
"TFF1",7.86495406169212,-2.62832572062934,0.720214311449917,-3.64936613844574,0.000262888186215505,0.00165918172699705
"CCNDBP1",40.9731808547962,-1.07127265609236,0.293590465193237,-3.64886732744288,0.000263399081609552,0.00166184435774543
"TSGA10",7.07034147077044,-1.17420203396283,0.321850881048905,-3.64827969442286,0.00026400214505564,0.0016650865020418
"NPM3",13.6878731949694,1.2754316791429,0.349705958286825,3.64715455633387,0.000265160441375704,0.00167182718002128
"CEL",2.75225011778209,1.78687388881517,0.490152326709527,3.64554811115709,0.000266822488411988,0.00168003677442274
"HOGA1",8.26687965095017,-1.12575949688873,0.308831370105983,-3.64522391783709,0.000267159084744948,0.00168158899295463
"PYGM",5.1187143981831,-1.2852679720589,0.352612871990137,-3.64498313633556,0.000267409335637302,0.00168259686114351
"GAN",6.47769539326162,-1.07812567360803,0.295800623498479,-3.64477147092143,0.000267629506845482,0.00168341484612477
"LRRC7",2.13489899282486,-2.5628914118779,0.703290426659769,-3.6441437487642,0.00026828345373325,0.0016858242335059
"AWAT1",1.61058205034415,-3.51221303711938,0.963830134688455,-3.64401662773768,0.000268416067822091,0.00168609003034005
"SATB2",4.69957070017129,-1.27240662463509,0.349273812130353,-3.64300608990465,0.000269472460145628,0.0016921565282404
"IFFO2",28.0835773061846,-1.22501290200852,0.336308431817388,-3.64252806683625,0.000269973530761554,0.00169416330950839
"FAM161B",3.60892425816126,-1.0353706480756,0.284370091987829,-3.64092665595761,0.000271658523390152,0.00170416430550092
"TOMM6",48.2265072325941,1.10035154204304,0.302236507504595,3.64069698637022,0.000271900986674506,0.0017044685251482
"TXNDC5",66.8516219110028,1.03303092860907,0.283743275439925,3.64072391498062,0.000271872547518193,0.0017044685251482
"ACR",3.66154271519491,-1.96060165680451,0.538569861656026,-3.64038502038704,0.000272230655546003,0.00170447185829286
"DFNB59",3.24544998536177,-1.46921493932586,0.403609439725269,-3.64018973472457,0.000272437213551766,0.00170503866570497
"METTL21A",117.056579023767,-1.18274483584845,0.324981784701939,-3.63941885830068,0.00027325402203405,0.00170769739923091
"ZNF80",2.88521039271347,-1.89961614852508,0.521949117363027,-3.6394661573953,0.000273203838638923,0.00170769739923091
"POU3F1",1.59892044015628,-3.02445611002425,0.831041280107738,-3.63935725266518,0.000273319397337937,0.00170769739923091
"HOXD10",1.57826326787502,-2.31552680112626,0.636478352040215,-3.6380291548077,0.000274732331413059,0.00171537722245833
"TSPAN11",6.38415747015253,-1.01281094690297,0.278457606697607,-3.63721773994431,0.000275598943587969,0.00172021286454156
"G0S2",30.7643947302303,-1.94093433141981,0.533757076266458,-3.63636271578135,0.000276514903360567,0.00172242239293479
"CDKN2D",5.55404639535859,1.07213811292686,0.294861043532745,3.63607921915192,0.00027681923339105,0.00172242239293479
"ZNF583",5.45618957963126,-1.30205375920318,0.35805339376387,-3.63647931252918,0.000276389829253399,0.00172242239293479
"COL11A2",3.30859369916236,1.56318955870123,0.429869662500461,3.63642679413217,0.000276446159523652,0.00172242239293479
"TRPM1",2.81110028485302,-4.2009742372171,1.15553200676153,-3.63553256217513,0.000277406949102939,0.00172515334203956
"USP6",5.43239021582737,-1.42585396540397,0.392234937606482,-3.63520387578142,0.000277760885427594,0.00172677921080511
"RP11-770J1.5",1.75367774421019,-3.30618109833118,0.910113617606082,-3.63271248157741,0.000280457463357897,0.0017418031881
"CYP2E1",4.05812769074531,-1.32634383795235,0.36529443217239,-3.63088982787019,0.000282445742118339,0.00175182045169677
"ASTL",1.49026765045153,-2.08893529067782,0.575492152295269,-3.62982411201681,0.000283614410977917,0.00175731743728733
"MST1R",22.3083988673334,1.04843359477788,0.289093350153462,3.62662646588491,0.000287148214197695,0.00177756579121334
"GEM",48.9692746267346,-1.05909246225524,0.292398630783068,-3.62208420545235,0.000292238954896798,0.00180536368265001
"MIA",47.5356435938176,2.12894235689103,0.587911840722626,3.62119319501078,0.000293247422301163,0.00181039554462315
"C8G",2.33894680572254,1.38605986488822,0.382848066702147,3.62039144360252,0.000294157649589721,0.00181541459841009
"LMF2",61.9419895462883,1.11292407131479,0.30742626364302,3.62013335531772,0.000294451219485012,0.00181662584817108
"RBM11",1.09234507341402,-2.86870963954622,0.79255210643703,-3.61958490331026,0.000295075983372334,0.00181987893411897
"NR1D1",8.33127388932856,-1.07005092314689,0.295645938515364,-3.61936622069064,0.000295325439667886,0.00182021480130728
"PDE7B",2.60430456486456,-1.47730751476613,0.408159305107247,-3.61943852873318,0.000295242934369395,0.00182021480130728
"KCNA7",4.68033006265065,-1.66737833279164,0.460738103312874,-3.61892867293281,0.000295825153581826,0.00182269300073238
"FKSG68",8.56184893948207,-1.5586044845547,0.430723832096514,-3.61857034231961,0.000296234985062459,0.00182461594725538
"UBQLN3",1.84236184397747,-2.89593298174903,0.800388501742371,-3.61815915076848,0.000296705930130611,0.00182691392137479
"PNN",29.7518466548216,-1.0523103044792,0.291038971460877,-3.61570238926115,0.00029953434627734,0.00184250632970401
"PLIN1",20.8529782197642,-2.03278781267025,0.562201044487491,-3.61576669521018,0.000299459991499277,0.00184250632970401
"CLEC3A",2.0356407912194,-2.74162433844991,0.758360080176328,-3.61520128777408,0.000300114345465546,0.00184485831922828
"LPPR1",1.1870330769647,-3.51598757280844,0.972693883174671,-3.61469074045473,0.000300706359321766,0.00184788907905795
"SERPINB3",2.75651812660556,-4.92451796935557,1.36284865764347,-3.61340046213983,0.000302207401874677,0.00185528115277815
"C3orf72",2.28703384903669,-2.00232414579488,0.554391351887222,-3.61175212957183,0.000304135194741097,0.00186650228488545
"CCDC74B",5.81533517204237,-1.25864269754601,0.348934097864092,-3.60710720233551,0.00030962975846498,0.001896482270598
"METTL24",2.04329499359433,-1.73079564980655,0.479978767725274,-3.6059837771766,0.000310972564619022,0.00190221061889663
"PAX8",10.6373467379575,-1.16599413927403,0.323381790693988,-3.60562707248224,0.000311400065291711,0.00190420170944348
"CORO1A",45.4878035946973,1.09129026338429,0.30268338219119,3.60538545421359,0.000311689950591409,0.00190490886728228
"MAPK15",37.363295252566,1.44093209352623,0.399663792976149,3.60536060271093,0.000311719780895997,0.00190490886728228
"CCDC38",2.07238420826803,-2.80071892157112,0.777033452626407,-3.60437367542487,0.000312906594359874,0.00190966106901095
"PSAP",311.594692118011,1.05475384074002,0.292618527011735,3.60453540488816,0.000312711819829907,0.00190966106901095
"MAP3K7CL",21.6919170434904,-1.10380910065111,0.306315529372659,-3.60350356023979,0.000313956444934863,0.00191479160439575
"SLC30A10",1.59411322706781,-3.79867375046413,1.05426354493069,-3.60315384965138,0.000314379321797428,0.00191551813271416
"CALCRL",11.5276442079247,-1.14882978174324,0.318991868844945,-3.60143907712476,0.000316460586882705,0.00192694151875839
"RAB38",4.58668930531218,-1.61674799964355,0.449130514971045,-3.59972868854787,0.000318549374517589,0.00193713298790517
"SEL1L2",1.60114869669267,-3.80202973503468,1.05633354019324,-3.59927010775323,0.000319111599763916,0.00193897335982008
"ASCL2",2.88334867316827,1.80332268576349,0.501030448097994,3.59922773677577,0.000319163593911142,0.00193897335982008
"DUOX1",75.9998695682267,-1.09346147968068,0.303825121671922,-3.59898310470003,0.000319463941187043,0.00193953571317753
"RP11-196G11.1",2.25596988051493,1.55309409031843,0.431528472524267,3.59905357167619,0.00031937739816921,0.00193953571317753
"AL163636.6",1.79863826668892,-2.88662548623494,0.802275264481187,-3.5980487172338,0.000320613573196729,0.0019458825741254
"CLIC3",12.8280596824664,1.44421387524244,0.401428137927045,3.59768969534694,0.000321056327913745,0.00194793649197975
"TAF12",14.305891344804,-1.03886760498625,0.288771888123659,-3.59753718319486,0.000321244582831018,0.00194844545707351
"ADAM21",1.46944766178112,-2.66322847970072,0.740756854734522,-3.59528023625942,0.000324042573781675,0.00196413987335393
"SCEL",3.08628005296276,-4.7911940138418,1.33282578202778,-3.59476390571646,0.000324685879045475,0.00196740041411879
"MLXIPL",40.2266791644193,-1.38642186974437,0.386041801005364,-3.59137758173786,0.000328934676084481,0.00198679230223732
"SLC18A1",2.13342334103434,-2.31600622347458,0.644864735912374,-3.59146049473124,0.000328830027244814,0.00198679230223732
"LRRC2",3.38854972120244,-1.62718046306854,0.453081323069921,-3.59136512633832,0.000328950399390196,0.00198679230223732
"PTGDR2",1.41947326778456,-2.12655505484923,0.592281606121019,-3.59044588397148,0.000330112765536779,0.0019931679236113
"MNX1",4.45082557864478,2.08536989506758,0.581119440516835,3.58853920497463,0.000332535993078997,0.00200650111661015
"C16orf89",4.83312530869853,-1.58157668914472,0.440773854995495,-3.58818171999082,0.000332992175120254,0.00200860449671083
"ASB4",1.65617595452024,-2.54264418457985,0.708965672030726,-3.58641367965931,0.000335256971495935,0.00202117570638545
"IGFL3",1.56984359879869,-2.80027201960654,0.781237321596482,-3.58440635412054,0.000337845751387629,0.0020340028131673
"ADH4",4.47811652739972,-1.12274036708299,0.313240751311841,-3.58427299890258,0.000338018395937613,0.0020340028131673
"LYPD3",41.9454447537945,-1.78090367031796,0.496977349508189,-3.58347049836448,0.000339059074678125,0.00203926993078799
"SMIM22",25.8832165322145,1.25013552682865,0.348886804716163,3.58321240565604,0.000339394404581608,0.00203970745425761
"PGBD3",2.36200463032098,-1.88030352381073,0.524843429068924,-3.58259896126812,0.000340192674797428,0.00204345464793861
"MAG",3.30292151155969,-4.15181418064172,1.1597086349062,-3.58004938109092,0.00034352928181966,0.00206018251278228
"SIAE",13.6933293373408,-1.00520459730863,0.280794182111058,-3.57986262304772,0.000343774889470528,0.00206094555345923
"GRHL3",6.92149585239782,-1.89381905760595,0.529031540080775,-3.57978478431889,0.000343877304570438,0.00206094555345923
"AGMO",1.35497133384891,-3.01621135498858,0.842742659747218,-3.57904197693433,0.000344856078693834,0.0020661483097353
"C17orf50",0.92294487614182,-2.77472618591291,0.775318065790318,-3.57882307706128,0.000345145013002919,0.00206721599222056
"CCDC68",1.31967119404852,-2.63752060292077,0.737426992366421,-3.57665318766934,0.000348021406824454,0.00208377538293962
"CHI3L2",12.5327799249948,1.40633267770383,0.393236626997026,3.5763013441636,0.000348489915988136,0.00208591158755451
"FEZ1",12.1916039556648,-1.20341001423629,0.336642064163706,-3.57474642162093,0.000350567499255582,0.00209671475814785
"PHGR1",2.14112048395402,-2.23357923789326,0.624830104894969,-3.57469849867224,0.000350631714335936,0.00209671475814785
"SLC39A2",1.58678975675574,-3.31537035436854,0.927600045226982,-3.57413776705592,0.000351383893070841,0.00209986744549921
"SSUH2",14.5399691462306,-1.02620187878942,0.287150435856185,-3.57374306512763,0.000351914260390253,0.0021023639447122
"RLTPR",9.32011454906367,1.01595075071565,0.284394416949771,3.57233015194908,0.000353818957996608,0.00211231047672676
"TRPV4",7.56022870090804,1.14149423692145,0.319555731215297,3.5721288195341,0.000354091150498824,0.0021126646496205
"BHMT",2.19502701675462,-2.61633807508272,0.732593492180005,-3.57133676863165,0.000355163870026874,0.00211838795192706
"CREB3L4",28.7815786316421,1.13779397796977,0.318669264217412,3.57045409058813,0.000356362911495824,0.00212486080955463
"BMP2",2.30009918017976,-1.48418588778257,0.415704045352618,-3.57029455059458,0.000356580036268661,0.00212522468735823
"RHOXF2B",1.38455335857791,-2.7537734938332,0.771312844068716,-3.57024197769986,0.000356651612057065,0.00212522468735823
"DLK1",6.40351961161473,-1.97989092829007,0.554846637617093,-3.56835708114431,0.000359226713788235,0.00213852153052059
"EXOC1",9.80982187221653,-1.12871302158882,0.316320535380476,-3.5682571801138,0.000359363680243401,0.00213865493989928
"TRIM16L",24.1831874898569,-1.00358605827233,0.281318096124195,-3.5674422374495,0.000360482809529599,0.00214463147581519
"CCDC3",9.18364260760791,-1.07452434213722,0.301243852575152,-3.56695857177421,0.000361148549122081,0.00214654003933783
"RP11-113D6.10",2.88580621912008,-1.84152453460375,0.51624999431702,-3.56711778184138,0.000360929278262201,0.00214654003933783
"ADC",14.1517326442227,1.01860754356102,0.285947689669191,3.56221637859508,0.000367737095115708,0.00218083984393747
"UTS2B",5.14741081263595,-1.86188930643125,0.522811915550343,-3.56129853022059,0.000369025214332635,0.00218778397153889
"KLHL28",8.918850429568,-1.06284327799893,0.298459332142411,-3.56109916339217,0.000369305565172727,0.0021887509829237
"TPK1",4.55823321931729,-1.25249613341568,0.351783635023823,-3.56041614423269,0.00037026754119924,0.00219236432814736
"CR769776.1",3.73849005677145,-1.77658266579212,0.498998508623293,-3.56029654415923,0.000370436228842537,0.002192667709658
"WARS",57.7177263665243,1.1097312464524,0.311721222800096,3.56001184803531,0.000370838062170397,0.00219435048578737
"ANXA13",2.50512704260947,-2.13241004843282,0.599288844237362,-3.55823417862293,0.000373356377953626,0.00220785246120248
"LILRB4",11.9044083298757,1.09875968033054,0.309254178173536,3.55293398724585,0.000380960050777421,0.00224712265022549
"MMP16",4.44796869146243,-1.13381792932266,0.319287603920711,-3.55108659215038,0.000383644172634984,0.00226009878792128
"FMN1",11.9727685619366,-1.00331671983399,0.2825624795021,-3.55077829725278,0.00038409381842681,0.00226188892149443
"C5orf60",1.94296224168719,-2.98281773801665,0.840506904202124,-3.5488319288087,0.000386943972025775,0.00227523055551156
"MPP2",4.76190532222488,-1.36285075004126,0.384164638879275,-3.54756948483626,0.000388803179059646,0.00228544286834525
"SMYD1",2.25569051597975,-2.42997178586535,0.685045324461572,-3.54716936105686,0.000389394183209962,0.00228758457653387
"NGF",1.91218842702991,-1.91011262128746,0.538491155989758,-3.54715690321158,0.000389412597580195,0.00228758457653387
"RP11-248J23.6",1.22438289332851,-2.51842442395374,0.710055607925408,-3.54679886454513,0.000389942174763732,0.00228997497976222
"GJB4",1.73875246910991,-2.98226601529202,0.84088407840468,-3.54658399639337,0.000390260310612688,0.00229112255937996
"PPAPDC1A",2.7824666198155,1.87557226967875,0.529034800372455,3.54527200924835,0.000392208119217584,0.00230111042667287
"ZCCHC12",2.51919575971578,-4.79327082477121,1.35236658321904,-3.54435763516263,0.000393570989203903,0.00230838102338915
"SPAG5",11.5065211147511,1.10432232388804,0.311637301936002,3.54361405719918,0.000394682549494115,0.00231417352905328
"AADACL3",6.4641355795948,-5.58476728294821,1.57606080005249,-3.54349735921496,0.000394857265122276,0.00231447104633211
"SLC23A1",3.68717857276066,-1.66600276532964,0.47026731242606,-3.54267184069185,0.000396095264208267,0.00231881545547323
"AGBL2",4.47800703584834,-1.51601822576161,0.428054344539128,-3.54164896374048,0.000397634265154661,0.00232490889325786
"POTEG",1.63284606512953,-3.33813419682371,0.942953995759923,-3.54008171324786,0.000400003161666693,0.00233465551795519
"GCGR",1.80625601364032,-2.87273576316672,0.811658610858662,-3.53933996970429,0.000401128896543078,0.00234021105298835
"FAM206A",4.76070183284702,-1.14324906587897,0.323177393356182,-3.537527962604,0.000403891416143797,0.00235485598000891
"HOPX",18.5319349035988,-1.34219151213526,0.379499031409108,-3.53674555413648,0.000405089732647751,0.00235963189354161
"SRD5A3",9.27824683274593,1.31621052020484,0.372191076297077,3.53638387384188,0.000405644794558518,0.00236139154025974
"DNAJC12",3.54644229508059,-1.45042472115199,0.410269616133705,-3.53529645899808,0.000407317905659734,0.00236758193136867
"GPR82",9.00812536328957,-1.05327575707181,0.297933092449705,-3.53527615348609,0.000407349209214716,0.00236758193136867
"KRT86",7.25613397381629,1.92633874778083,0.544994669042066,3.53460108365233,0.000408391196238491,0.00237072613264191
"OVCH2",1.70508540749082,-2.01256069052946,0.569364122650341,-3.53475150692876,0.000408158798836939,0.00237072613264191
"PDE1A",1.84177141221312,-1.60395392139828,0.454173828220045,-3.53158597377647,0.000413075557676319,0.00239711995611814
"HOMER1",3.95769835952036,-1.09422890005042,0.309908840728107,-3.53080892264841,0.000414290914088169,0.00240034836319276
"BDNF",1.1195142841488,-2.90499397705671,0.823487729142673,-3.52767123813864,0.000419232498266238,0.00242505416114686
"GALNT9",1.89314907897425,-2.77480766811665,0.786594142626667,-3.52762310033324,0.000419308738131773,0.00242505416114686
"FCER1A",2.13224843929901,-2.01283891484594,0.570735587449575,-3.52674506217605,0.000420701634497058,0.00242859579914211
"CACNA2D2",2.89229109859701,-1.24199292125479,0.352285890831941,-3.52552558469417,0.000422643350167929,0.00243829688018698
"ELOVL3",4.95554753029927,-5.04815712482625,1.43187530724977,-3.52555637999116,0.000422594213463445,0.00243829688018698
"AC144568.2",2.94891972096834,-3.50138641244339,0.993279650145757,-3.52507615748454,0.00042336105961057,0.00244168292303668
"TSPO",88.9013621102404,1.13461080049866,0.321890777387382,3.52483165161704,0.000423751999278753,0.00244318285192558
"GJB6",1.83751585373197,-3.55103846705877,1.00759120151387,-3.52428491011382,0.00042462740253976,0.00244520943183676
"ZNF658",3.69972958300063,-1.51458545442524,0.429833844277363,-3.52365332462725,0.000425640753853424,0.00245009332709788
"LIN9",2.44641416075906,1.27903842135211,0.363070758277175,3.52283512839575,0.00042695687149937,0.00245559391066597
"SMPDL3B",5.31940793302611,1.23487844599816,0.350641762835379,3.5217665916707,0.000428681398759023,0.00246323577514072
"EPS8L3",1.9905682599941,-2.69723911015679,0.766254062908042,-3.52003237662505,0.000431494123447349,0.00247787259016873
"CP",19.6836722372211,1.53142637106705,0.435182683159483,3.51904253162993,0.000433107268184898,0.00248402341808355
"ALDH3A1",4.08870006362178,-2.24844911036553,0.639107764897196,-3.51810638809436,0.000434638074749339,0.00249056421654249
"PCDH19",1.82118045043091,-1.59034838681418,0.452066349386158,-3.51795347955813,0.000434888594201283,0.00249123509209689
"EFCAB12",3.40866548951966,-1.53072447937705,0.435138572068825,-3.51778623554185,0.000435162754699153,0.00249204094094432
"NEFM",1.73732957947235,-3.44142975354129,0.978591781142535,-3.51671638762725,0.000436920360560064,0.00250057210646715
"AC139100.2",7.38376149783503,-1.05837502343956,0.301016966717753,-3.51599790197853,0.000438104446168491,0.00250658041848592
"ETFB",54.3647872541371,-1.10173958765106,0.313422179961817,-3.51519342946718,0.000439433795114997,0.00251187676699384
"ARHGAP40",11.9211801053947,-1.4946080096867,0.42549994862908,-3.51259269126162,0.000443757186920917,0.00253271260245387
"C1orf168",5.23808035229223,-1.26517127279331,0.360273963442446,-3.51169221529223,0.000445263342157292,0.00254053219276727
"PLAU",27.650002434823,1.22184917341385,0.347995248903946,3.51110877881873,0.000446241756199036,0.00254486857658312
"DGKB",4.53361958107479,-1.65382162177604,0.471029791690361,-3.51107647743692,0.000446295983702026,0.00254486857658312
"RBFA",54.6381163414436,-1.20927129673436,0.344432139239367,-3.51091306230852,0.000446570419011147,0.00254565592443331
"RGS13",1.37321279937984,-2.19839514514742,0.626556959348939,-3.50869160791351,0.000450316731995588,0.00256309849683709
"RAB40AL",2.16488396883464,-1.5960779516383,0.455153332754456,-3.50668189548191,0.00045373120887335,0.00257938731378093
"GCNT4",0.788484088629903,-3.06950984366287,0.875325821263748,-3.50670546794939,0.000453691019884986,0.00257938731378093
"LCE1C",3.85677919438302,-5.40799484052753,1.54227493489825,-3.50650504534351,0.000454032828815736,0.00257953100461381
"SRPX",10.6549441804604,-1.15140193886842,0.328394695807401,-3.50615266801906,0.000454634370302438,0.00258216278040043
"RP11-618P17.4",2.12926945777478,1.65372241451607,0.471720960004821,3.50572171840566,0.000455371053090129,0.00258556027680646
"ZFYVE16",24.4975450855508,-1.05537448330763,0.301087367669444,-3.50521010388686,0.000456247073921575,0.00258817278123424
"SLC2A10",12.7825847957344,1.07668680533818,0.307196564354051,3.50487905879466,0.000456814749343763,0.00258981917871203
"GPR20",2.16483443683842,-1.80818215983943,0.516083793622946,-3.50366002998439,0.00045891082443013,0.00260012327201399
"C1D",4.83253893580879,-1.41065825432007,0.40281959515424,-3.50196035964915,0.000461848327616602,0.00261201042964991
"KCNIP1",2.5923979794164,-1.70016969389754,0.485542219802349,-3.50158981970637,0.000462491048694769,0.0026148532368512
"AL645728.1",7.97728459359804,-1.78809617991461,0.510775219498985,-3.50074966766895,0.000463951429261345,0.00262133323419365
"RPL3L",3.51729191519783,-1.7906768786879,0.511634015322994,-3.49991756814184,0.00046540205253976,0.0026274878913041
"SCN3A",2.16795835976712,-2.14179138622242,0.612013904267467,-3.4995796194957,0.000465992415668107,0.0026274878913041
"GOLGA8R",1.9568706970455,-1.90081307592105,0.543133238555427,-3.49971782426103,0.000465750901113416,0.0026274878913041
"SAMD13",3.08407341704367,1.5989036323683,0.456884252994198,3.49958139701655,0.000465989308686629,0.0026274878913041
"FGF14",1.5594882960366,-2.11327023131262,0.604071938700481,-3.4983751038971,0.000468102274013659,0.00263779093074585
"CT83",1.73310240876534,2.60502565088348,0.744627983207229,3.49842566977301,0.000468013522697871,0.00263779093074585
"PSG2",3.04218661356538,-4.31632028809685,1.23415358152731,-3.497393154874,0.000469828869949788,0.00264591784980161
"ABRACL",9.71379130505914,1.00986894229209,0.288782315976545,3.49699024636299,0.000470539035862928,0.00264832476952819
"PDK3",14.636831537859,1.16394494313285,0.33293277272527,3.49603595225908,0.000472225069913489,0.0026562126635176
"FOXD4L4",2.74537593566954,-4.15368163818136,1.18846266447861,-3.49500389227928,0.000474054842054653,0.0026618090710329
"FOXD4L2",2.74537593566954,-4.15368163818136,1.18846266447861,-3.49500389227928,0.000474054842054653,0.0026618090710329
"CCDC144A",15.5699974700283,-1.33744264485608,0.382753792618663,-3.4942635988158,0.000475371403109459,0.00266828283964236
"NPTXR",6.19936979549634,1.16249820858554,0.332720518849631,3.49391799641584,0.000475987200324124,0.00267013372681823
"ZC4H2",4.67310095683682,-1.22182533840431,0.349844499416174,-3.49248120362993,0.00047855527525664,0.00268292745758745
"RASEF",163.993450403416,-1.04747163190247,0.300127069143887,-3.49009382889182,0.000482850984392987,0.00270457396568637
"GCK",1.01002550981913,-3.42888610244147,0.983360372859656,-3.48690693369118,0.000488641366880714,0.00273618646619558
"FOXI2",0.733810086978857,-2.61116228531248,0.749070908597235,-3.48586796702909,0.000490543055666662,0.00274518834119932
"LAMB4",15.2329226647157,-1.17232243627072,0.336316607401412,-3.48577028452088,0.000490722204861481,0.00274536794802487
"KREMEN2",3.34252501086309,1.48032791132062,0.424906207090237,3.4838933548604,0.000494176354972475,0.00275994956142787
"TNFSF13B",9.55439094094733,1.20343760456164,0.345628950838766,3.48187731855553,0.000497911751713265,0.00277809757702778
"GNB2",138.891731187338,1.14518544067695,0.328971857033205,3.48110458750081,0.000499350466721832,0.00278446053262541
"GRIN2D",1.92267219770074,1.48331840860049,0.426143564903464,3.48079504365274,0.000499927879800198,0.00278684789130782
"NAP1L3",0.935865765338851,-2.22153683580134,0.63824298558958,-3.48070701278321,0.00050009220339336,0.00278693174482109
"FAM83C",3.07250611991771,-4.33954269264687,1.24702516748002,-3.47991588767705,0.000501571225542145,0.00279041835347655
"TMEM47",3.78318124887687,-1.02336900342152,0.294080621016465,-3.47989269025727,0.000501614655003873,0.00279041835347655
"HAS3",14.1948640553249,-1.47021161833968,0.422567741077421,-3.47923297360816,0.000502851223895441,0.00279566172604979
"CLLU1",2.06363657169473,-3.7140815400732,1.06765718028854,-3.47872108074003,0.000503812670308633,0.00279930914940234
"KLHL31",1.94623172231063,-2.13837464033335,0.61472232121214,-3.47860256012308,0.0005040355220761,0.00279971412128495
"C1orf229",9.84299712690867,-1.65513688709763,0.476085181105711,-3.47655619789207,0.000507897773904795,0.00281614004782555
"RDH16",17.5944615788851,-1.09461049284123,0.314949441461239,-3.47551177662888,0.000509879604987582,0.00282126329149768
"AL354993.1",2.33496474085191,-2.46931725771492,0.710454596822838,-3.47568622788528,0.000509548076050297,0.00282126329149768
"SLC7A3",0.750721082430932,-2.31712566626501,0.666747335527982,-3.47526798053138,0.000510343254432326,0.00282299206429544
"HIST2H2AC",174.831663580208,1.08008466163708,0.31082257107381,3.47492351635107,0.000510999023607465,0.00282578221911367
"SLC16A6",3.20016251981542,-1.58116053394244,0.455112474174403,-3.47421928350953,0.000512342142863523,0.00283153210927149
"CNTFR",7.16824916034708,-1.49555331813014,0.430505794098089,-3.47394469164655,0.00051286673810338,0.00283275418155385
"MAPK8IP2",5.96885517486648,1.16060054408479,0.334124767452773,3.47355436393633,0.000513613303169344,0.00283603867402203
"ZNF438",3.69706065235741,-1.02728720053528,0.295846941992442,-3.47236038208409,0.000515903280553821,0.0028469992150929
"AC007773.3",2.46943021392829,1.4874263512539,0.428435917488395,3.47175923058362,0.000517059847569351,0.00285253850303552
"HRG",18.0376736951724,-1.2462268559837,0.359041180425818,-3.47098584765593,0.000518551328552341,0.00285992164039695
"THSD7B",1.78299485133856,-1.83107839360312,0.527576424468471,-3.47073581888713,0.000519034370008057,0.00286174029937402
"EPSTI1",11.9857145814763,1.14748701685164,0.330642583909223,3.47047559114975,0.000519537560665172,0.00286366894598704
"SLC13A2",3.37132784670174,-1.96717870924417,0.56686982070329,-3.47024773131083,0.000519978536297625,0.00286525362873092
"PPP2R2B",2.74808133875005,-1.4906884658925,0.429663075061656,-3.46943582638232,0.000521552648158946,0.00287307948907623
"IL11RA",27.1225053921064,-1.04884856059159,0.302367723071411,-3.46878479600112,0.000522818065493159,0.00287920072704773
"PRMT10",3.91679859391813,-1.08413598774119,0.312592693032138,-3.46820642934775,0.000523944644833754,0.00288455398832243
"SV2B",4.10832987465143,-1.52607390010194,0.440075368767313,-3.46775577187289,0.000524824031886909,0.00288854358823605
"THSD7A",2.60218651152495,-1.41602858041212,0.408354570466583,-3.46764474509047,0.000525040894242412,0.00288888548618084
"CSMD3",1.65486460239387,-3.34819650746402,0.965615247544398,-3.4674229885854,0.000525474288719603,0.00289041823691994
"QRICH2",6.32474417927391,1.20302970648989,0.347068617396573,3.4662589649103,0.000527754695998092,0.00290125218480223
"SLC6A13",1.87881533157372,-3.57419224831163,1.03120644512343,-3.46602978018025,0.000528204770849145,0.00290287161229988
"CARD18",1.67365139845596,-4.19465264249756,1.21037843303597,-3.46557120319486,0.00052910640215384,0.00290526100641472
"WNT16",1.00319334000377,-2.92701116185814,0.844741331644799,-3.4649792216973,0.00053027244757211,0.00290995188821979
"RAB21",12.9292198817489,-1.01379669978627,0.292623335242527,-3.46451078122676,0.000531196846847044,0.00291416806752497
"XKRX",1.67124174431584,-2.75461139901766,0.795192619972403,-3.46408068917096,0.000532046893139486,0.00291781223755523
"CLIC6",2.02777563008976,-1.45769997707977,0.421166652409572,-3.46110018146025,0.000537972572801835,0.00294614548595995
"MYO15A",4.53124266488189,-1.22212897904559,0.353131794468532,-3.46082963411694,0.000538513493139459,0.00294824293355441
"LGALS3BP",203.42649524588,1.22440997528226,0.353818820587443,3.46055637529226,0.000539060349047721,0.00295037163775195
"COLCA2",2.13614037447126,-1.47274331882718,0.425875783663023,-3.45815229539442,0.000543893833422219,0.00297333937808475
"STARD8",24.8688057238662,-1.13988796994939,0.329664937524781,-3.45771673053251,0.00054477386006846,0.00297727845246431
"TCTEX1D1",2.05375961481445,-2.75284227384326,0.796174654228705,-3.45758591939865,0.000545038413211062,0.00297785254206536
"GOLGA8F",2.96698036615592,-1.54605297386941,0.447187757339799,-3.45727929375006,0.000545659003728718,0.0029803709598044
"NSG1",10.1190175837077,-1.018606384968,0.2947538055339,-3.45578705293712,0.000548688611141551,0.00299341545336108
"AC078925.1",2.18039296912812,-1.95651637709784,0.566423764538099,-3.45415658662083,0.000552016759356035,0.00301069263231604
"GRIA2",2.36116994718651,-3.03198744673337,0.878058344022607,-3.45305920429282,0.00055426734027447,0.00301952531592371
"CCDC125",46.6784205796265,-1.16297548229898,0.336796450559218,-3.45305148070288,0.000554283210545318,0.00301952531592371
"MOBP",3.12221774600225,-1.97929059007132,0.573293454803293,-3.45249116920486,0.000555435656677189,0.00302227580137174
"SCGB2A2",50.4846482231714,-2.81468700542281,0.815818318717329,-3.45013949901027,0.000560296944902848,0.00304429093841422
"C5orf17",115.061538381491,-1.12682235296197,0.326662602354721,-3.4494991004154,0.000561627602189008,0.00305063302451749
"HLA-A",495.172169334658,1.13212633310693,0.328262705332524,3.4488423896955,0.000562995209939313,0.00305628309809742
"C1orf167",2.78010126937761,-1.61191433457075,0.467778251020382,-3.44589414119751,0.000569173275176793,0.0030862317380992
"GIPR",7.51246104676493,-1.02423752985824,0.297384717898396,-3.44414984433792,0.00057285812056416,0.00310170772993396
"HCST",11.0161521082431,1.12696022260412,0.32720661591537,3.44418531835433,0.000572782960557811,0.00310170772993396
"TXN",29.2805972219823,1.01222033286052,0.293930612513382,3.44373906550628,0.000573729120798178,0.00310462288584962
"OR2L5",1.26636459347636,-3.28585037683544,0.954298140645239,-3.44321154667004,0.000574849460847445,0.00310888313573608
"FPR3",7.71258743209517,1.09693067165229,0.318695831756123,3.44193604794836,0.00057756677715972,0.00311996358877165
"PDZRN4",0.934677943690765,-2.97512228328795,0.864674234159899,-3.44074353756883,0.000580118108792874,0.00313193319058825
"NME2",4.14312313907737,1.52856387907141,0.444288333978103,3.44047719053265,0.000580689380091381,0.00313411102541948
"GSG1",3.12103206610613,-1.36027851183472,0.395429825568385,-3.43999977715255,0.000581714665558088,0.00313692405872442
"TECTA",1.82381818878285,-2.4372403796585,0.708870280469344,-3.43820364149673,0.00058558713575601,0.00315325244806142
"C12orf79",2.52214323705998,-1.68560709221429,0.490248204350918,-3.43827285292356,0.000585437472354461,0.00315325244806142
"BIK",4.05023896523763,1.14519869594315,0.333131985673219,3.43767258982606,0.000586736672299703,0.0031585314115234
"CAMK2B",3.18676655629178,-1.22695757110314,0.357112953303303,-3.4357688785964,0.000590874811077418,0.00317714338940217
"AASDH",3.5571997212657,-1.06934964452072,0.3113301610473,-3.43477689705192,0.000593041854338776,0.00318695980962884
"DYNC1I1",4.54119967367768,-1.40739058749449,0.409784436669204,-3.43446568867768,0.000593723230799139,0.00318878567197616
"TP53TG3D",4.49192923376503,-5.33645543871832,1.55384398448154,-3.43435730486089,0.000593960703234084,0.00318914362055712
"RNF180",2.95034233243065,-1.08344442467805,0.315559824270284,-3.43340419580806,0.00059605280644349,0.00319945653924483
"DCT",2.21958067395062,-3.52676660621662,1.02768131514476,-3.43177068050502,0.000599654381210669,0.00321601483562826
"CCIN",1.21711834199994,-3.22028197324203,0.938463299683515,-3.43144156444693,0.000600382463541644,0.00321807068959488
"CCDC7",4.96683128079929,-1.31937879452152,0.384588185746989,-3.43062746963713,0.000602186969504315,0.00322681645627901
"FAM73A",22.2560590703013,-1.20116712469978,0.350140040197657,-3.43053346318723,0.000602395667071676,0.00322700852469473
"STON1-GTF2A1L",1.33115515601018,-2.49321743615163,0.727022577278911,-3.42935352225678,0.00060502090819269,0.0032382842130302
"KIFC2",50.7110608022011,1.13258743816875,0.33029916813403,3.42897454016343,0.000605866358988367,0.00324187992432038
"CIDEC",10.8568194687905,-2.25404947997281,0.657379307603729,-3.42884154384056,0.000606163313876149,0.00324253951482918
"TAX1BP3",38.3083110315705,1.10522685923586,0.322434334574901,3.42775796719353,0.000608587781891672,0.00325271265391801
"SPATA31A7",3.43728779691271,-2.37839231255287,0.693996811785283,-3.4270940041274,0.000610077833753307,0.00325881060896724
"LRRK2",3.24831067221225,-1.15573197773793,0.337325522106251,-3.4261622735261,0.00061217452929434,0.00326720591406405
"PRSS3",6.51548081123236,-2.39828942941532,0.700059536898076,-3.42583637963423,0.000612909477570605,0.00326753921146477
"NEXN",5.26080081306023,-1.27213843975617,0.371353598331453,-3.42567958267291,0.00061326337488298,0.00326753921146477
"KIAA1524",3.19904975184563,1.13420364864168,0.331193724608968,3.42459281189824,0.000615721493276283,0.00327676868813425
"RASSF9",1.33068303092183,-1.99554429160354,0.582709724743542,-3.42459411069861,0.000615718550113483,0.00327676868813425
"GPR124",30.8942572435443,-1.00953156565151,0.294842601038527,-3.42396777838627,0.000617139378269009,0.00328217311891231
"C15orf59",3.80420345838948,-1.63275105014227,0.476867019413095,-3.42391271292315,0.000617264439471912,0.00328217311891231
"BTBD11",5.31834345787703,-1.03853027806049,0.3033464606336,-3.42357802985839,0.000618025057882851,0.00328434665687872
"AC093802.1",3.72755258858118,-1.36363703958295,0.398414749161208,-3.42265702375187,0.000620122689467739,0.003293618915981
"MUSK",1.07654713527089,-2.82992648595865,0.827511313595635,-3.41980398269394,0.00062666273378744,0.00332646192126179
"CACNA1H",5.67887512620558,-1.03960066441302,0.304049375920372,-3.41918368115737,0.000628093121441967,0.00333310701654352
"UNC93A",1.89991779984423,-3.44923306839612,1.00893142929885,-3.41869919821323,0.000629212429507311,0.00333649348727554
"MSR1",14.5773913132699,1.1142846573025,0.326013258274021,3.41791209106568,0.000631034851841601,0.00334259321935074
"CYSLTR2",1.11533921082881,-3.06703299605457,0.897305718550976,-3.41804686256475,0.000630722461710364,0.00334259321935074
"PPIAL4G",2.22384556037855,-2.62347644635488,0.767750172579124,-3.4170965244355,0.000632928346637602,0.00335002473808707
"FABP5",32.3926934167289,-1.13935489034202,0.333445567972886,-3.41691418263104,0.000633352410524422,0.00335054013943906
"FRG2C",1.43788781678138,-2.96634817760806,0.868201498040174,-3.41665867232908,0.000633947083681896,0.00335178649256792
"PGAM4",2.24726022936807,-1.68547432066057,0.493304005188281,-3.41670512084586,0.00063383894106648,0.00335178649256792
"CDK1",3.62236432759122,1.70729993679515,0.499828955329206,3.41576837154355,0.000636023224829033,0.00336085977479004
"SGCD",3.65805687313255,-1.07904150157868,0.315934902934457,-3.41539187837862,0.000636903091237289,0.0033645568223851
"BPIFB1",2.75808947875848,-1.73446816719985,0.507941949371115,-3.41469762311874,0.000638528538861966,0.00337074026655166
"AL591479.1",71.3458809625489,-1.11598233011241,0.326820862016356,-3.41466062853895,0.000638615261813338,0.00337074026655166
"ZNF366",2.74036950388287,-1.14688662491532,0.335902353602865,-3.41434530783692,0.000639354883582816,0.00337268763780303
"SPRR1A",8.43530384213043,-6.11324536464017,1.7922314323532,-3.41096872551412,0.000647325159231413,0.00340900236888329
"FAM71D",1.39825824936014,-3.25491004497689,0.954484446220881,-3.41012371428801,0.000649334177375584,0.00341572830583961
"NTN4",26.1882029913156,-1.09437590164338,0.320970347087697,-3.40958568781549,0.000650616357689103,0.00342150895259095
"SLC38A11",1.55277233327912,-2.58765704400142,0.759110892937951,-3.40879977889203,0.000652493503216323,0.00342848331312849
"HSD17B4",85.2744726610003,-1.08560737591969,0.318633847364334,-3.4070685989564,0.000656646211639554,0.00344836234179995
"ADARB2",3.97238401281275,-2.38419763227738,0.699805480570381,-3.40694335565095,0.000656947593276227,0.00344897486470019
"RNASE7",1.51663966947354,-2.41725396448427,0.709602383006465,-3.4064907649306,0.000658037766280823,0.00345372703365102
"ZNF543",11.073700598645,-1.19567666474605,0.35106142161207,-3.40589022643249,0.00065948690400968,0.00345938775244639
"AQP5",23.8165765607523,1.92082675876297,0.564006645166316,3.40568107703155,0.000659992291188615,0.00346106631578659
"LRCH2",0.604911511531312,-2.68088632071465,0.787622493997061,-3.40377064030964,0.000664625354709705,0.00348145082690109
"FGFBP2",1.90616458673159,-2.63032171950565,0.773015423671537,-3.40267689228321,0.000667291433583358,0.00349443584111296
"FAM221A",22.9446339019987,-1.24271274934355,0.365350775752097,-3.40142359568102,0.000670358645715158,0.00350852973278842
"VEGFA",124.52785072736,1.27051079201167,0.373704004294302,3.39977837382525,0.000674404921225265,0.00352575342323004
"RBPMS2",3.43573451760433,-1.02395009104449,0.301239128240528,-3.39912712211445,0.000676012880045437,0.00353317034086458
"KAAG1",1.21175468047779,-2.69713101066281,0.793512235219323,-3.39897847941479,0.000676380382281123,0.00353410169515989
"SAR1B",44.6685432876328,-1.04324012604026,0.307184015678559,-3.3961406609513,0.000683432285623635,0.00356862442664834
"MUC1",230.83033667067,1.7149894282032,0.504989526462233,3.39608910350632,0.000683561034318628,0.00356862442664834
"OR1K1",1.40156200582407,-2.79658652153221,0.823563865255768,-3.3957129975144,0.000684500924474556,0.00357253222225761
"LPL",23.9366354686751,-1.60789759134817,0.473534758250498,-3.39552179292739,0.000684979205838107,0.00357402928837105
"SNTG2",5.20086627554938,-1.47910271530309,0.435731922722822,-3.394524564692,0.000687478722947844,0.00358606881215795
"SPTA1",3.22879756011157,-4.55662906630111,1.34286149480301,-3.39322341428036,0.000690752757869473,0.00360012932346878
"BATF2",4.0493980977767,1.34317018201666,0.395837277243348,3.39323823003898,0.000690715396113784,0.00360012932346878
"EDA2R",2.55865312086085,-1.18789557579761,0.350199585870525,-3.39205305695819,0.000693710057405525,0.00361352484980574
"COL19A1",4.41786536874805,-1.46046573126458,0.430855679856622,-3.3896866155985,0.000699725648070765,0.0036407965785488
"CCDC176",3.1375951235787,-1.37566757044317,0.405864547649249,-3.38947458803925,0.000700266990416559,0.00364259806187984
"LGALS1",345.599727065669,1.11668370572327,0.329474458692276,3.38928762537624,0.000700744660710193,0.00364406742919181
"KIAA1467",7.07701241854354,-1.02000330394734,0.301049212467052,-3.38816134275379,0.000703628608630336,0.00365804580744075
"AHNAK2",24.1945799897932,-1.30433541597963,0.385016570901709,-3.38773838467492,0.000704714476617929,0.00366165170163655
"SNAP91",3.04181135050207,-3.71986060397037,1.09885306394242,-3.38522112376373,0.000711209365214007,0.00368963585766778
"PNPLA8",6.92223274889418,-1.01285928147624,0.299202947166232,-3.38519152658451,0.000711286059871785,0.00368963585766778
"PDE10A",4.52042757796209,-1.09714978921525,0.324311076412093,-3.38301670529789,0.000716942711582048,0.00371588103346065
"PPP5D1",3.69748951279652,-1.24776866750179,0.368998333875913,-3.3815021720976,0.000720906628835128,0.00373435234565011
"COX6A1P2",2.83401352519539,-4.65946801084517,1.37808956674406,-3.38110680414905,0.000721944753149792,0.00373869253718543
"GOLGA8S",2.26678309780121,-1.70162663342681,0.503363250734016,-3.38051423290328,0.00072350327841398,0.00374468608392309
"CDC45",7.85459005448512,1.39732918795578,0.413540191933986,3.37894409107116,0.000727648044470153,0.00376092506705794
"PAIP2B",2.33815397451498,-1.29997084638219,0.384770821057386,-3.37855880757733,0.000728668457467344,0.00376307370192471
"LARP7",7.86341804952717,-1.00091659282236,0.296254801875997,-3.37856664764311,0.00072864768002079,0.00376307370192471
"FAM110C",2.82892070817455,-1.19451570032629,0.353649420156582,-3.37768318635275,0.000730992462141627,0.00377403160279923
"GGT1",30.7766115118946,1.26902767085427,0.375748508138994,3.37733255985367,0.000731924996330898,0.0037778014256294
"AXDND1",1.81798260319599,-3.68109912487488,1.09016380047158,-3.37664773246234,0.0007337495665266,0.00378408029212296
"LPPR4",0.975503563962624,-2.29897750848694,0.681015765253199,-3.375806590369,0.000735996383720966,0.00379461930065913
"EDN3",2.8637349164932,-1.80849934603224,0.535817304299306,-3.37521638722967,0.000737576718443475,0.00380066788755761
"TTC33",4.88545457274383,-1.3633021591009,0.404140002579472,-3.37334129360978,0.000742618427838054,0.00382192441345786
"FITM2",14.8792992476787,-1.17735703991156,0.349045563198652,-3.3730755065965,0.000743335654407935,0.0038240102871705
"LIN7A",2.62303143995169,-1.78834047999764,0.530630099294189,-3.37022057809457,0.000751080356327951,0.00385853582066222
"RNF128",1.57331231701245,-1.88652598436235,0.559751347388833,-3.37029288658749,0.000750883280159158,0.00385853582066222
"GREB1L",5.44232103045284,-1.3423475761042,0.398323870018102,-3.36999029468958,0.000751708311868728,0.00386069944271727
"CELSR3",4.38143863639885,1.26661433579862,0.37586447200761,3.36986980714948,0.000752037061349647,0.00386132560460302
"ZNF595",13.0809947932783,-1.11634518685413,0.331305146990627,-3.36953771166651,0.000752943873019389,0.00386491865971927
"ZNF19",6.19913969056477,-1.24217693336657,0.368744378209007,-3.36866676964631,0.000755326871184708,0.00387398698351634
"SLCO1C1",1.23020253496713,-3.23656044987954,0.960869619094866,-3.36836589019055,0.000756151738495676,0.00387712079263273
"ASPRV1",6.13888883369936,-1.76814992376396,0.525167928829818,-3.36682768824775,0.00076038183599841,0.00389453182338939
"CNTLN",4.12435602391051,-1.07786195573989,0.320172255463751,-3.36650642691905,0.000761268082679094,0.003898001600531
"COL4A5",14.2115091574266,-1.08000679676325,0.32090743408134,-3.36547764888956,0.000764112575840505,0.00391149374235437
"CAPN6",4.89928151083432,-1.52584507462857,0.453480958651227,-3.36473901609196,0.00076616092205692,0.00391982961191577
"CCDC39",1.53426456278649,-2.05320562812506,0.61052631470004,-3.36300922448172,0.000770977875240542,0.00394123383156234
"SRRM3",3.14693665360881,-1.27623415872143,0.379516965301957,-3.36278552845724,0.000771602850873776,0.00394226973808498
"APOE",230.05488273206,1.0538352368656,0.3134020304583,3.36256671765827,0.000772214632878367,0.00394236319140483
"ADAM29",1.96602059140403,-3.15174076262332,0.937478310845975,-3.36193459214988,0.000773984548810304,0.00394903458369488
"STAB2",3.68234303086499,-1.34563962322995,0.400268663105863,-3.36184105142915,0.000774246777221968,0.00394929319233796
"MAS1L",1.25953587331009,-3.25977640002511,0.96978668876037,-3.36133341260016,0.000775671311057011,0.00395547875064828
"ZFP36",373.420436083664,-1.38437293036531,0.41193475753616,-3.36066065084054,0.000777562961290075,0.00396404230593239
"COL7A1",35.9263113353087,-1.19381428944245,0.355519640122732,-3.35794188200213,0.000785251215520299,0.00399777882262025
"CCDC171",5.50186015019674,-1.14113511822471,0.339868142168657,-3.35758188732625,0.000786274497928686,0.00400189711064085
"ST18",4.63042337934029,-1.73983256737745,0.518288502023907,-3.35688050300834,0.000788271733855691,0.00400987602162177
"OBP2B",4.9131584495087,2.69005589513198,0.801754494975775,3.35521149178373,0.000793043297786351,0.00403195134160495
"TMEM238",10.4694115759277,1.08464576694043,0.323413574730298,3.35374224116889,0.000797265934766164,0.00404900917740738
"LILRA2",3.20257780542843,-1.92734749306748,0.574738842408403,-3.35343176909893,0.000798160900125154,0.00405245195660498
"LYPD6",2.5512747684916,-1.41572552285063,0.422288531368685,-3.35250762852143,0.000800830344393319,0.00406379497131799
"GABRA2",2.21985646472759,-4.4515527583053,1.32972562940864,-3.3477227631425,0.00081478475536141,0.00412461149230151
"HOXD4",3.19351754173209,-1.24451627101567,0.371759153431439,-3.34764123365476,0.000815024468107573,0.00412461149230151
"PCDP1",3.95964166389343,-1.74778235647898,0.522136328349507,-3.3473678454893,0.000815828760820501,0.00412756290941949
"PI16",16.5810428041229,-1.13000361685965,0.337637746789816,-3.34679290927472,0.000817522594425013,0.00413419380288959
"RBFOX3",8.5490717121029,-1.10558472328502,0.330343537421676,-3.34677267160752,0.000817582276515527,0.00413419380288959
"GCNT2",18.6301723979896,1.07959865576297,0.322919826152383,3.3432405455759,0.000828060871274806,0.00417586936948389
"PRR19",11.0943841711852,-1.05639536945072,0.31601252556425,-3.34289081600324,0.000829105148329667,0.00417887797358708
"TUBB8",3.64105863972096,-2.74868481090021,0.822333132890935,-3.34254415997703,0.00083014145343676,0.00418297187428093
"ALDOA",507.650626325602,1.04071546025101,0.311400482843156,3.34204831909393,0.000831625825381853,0.00418819059456537
"LEAP2",3.51700296205032,-1.12408685380989,0.336402815875927,-3.34149062005616,0.000833298320582192,0.00419435059232918
"KCNA6",1.07646381273563,-2.09565309730356,0.627219513499878,-3.34117968621518,0.000834232140697912,0.00419791909290817
"NRXN3",4.15739406364698,-1.30900962022475,0.39182205198946,-3.34082682069146,0.000835293069085351,0.00420099307832824
"ACSBG2",1.55647589790341,-2.29695742053635,0.687671530988637,-3.34019559779378,0.000837194031499662,0.00420828631504232
"C5AR2",10.9219167707763,-1.18947233776184,0.356194699918724,-3.33938808756348,0.000839631743442814,0.00421511315098124
"ANKRD33B",4.2891829156241,-1.14574232890453,0.343099581903116,-3.33938713229928,0.000839634631089277,0.00421511315098124
"FOSL1",17.0211465312432,-1.6871333661749,0.505246077724758,-3.33923100159919,0.000840106718845212,0.0042161162188498
"HPRT1",7.37884643609783,1.12396387934177,0.336625401035338,3.33891582716237,0.000841060452636991,0.00421898830049801
"SPRR4",5.31364271011074,-5.58450656251849,1.67256253740487,-3.33889253025084,0.000841130990114821,0.00421898830049801
"ZNF470",7.52599075530875,-1.13038381779532,0.338592140388531,-3.3384821528882,0.000842374414618001,0.00422409023542935
"IFNK",1.83417719203984,-2.05500027914723,0.615718964467631,-3.33756209852014,0.000845168335415973,0.00423582487352505
"KCNN4",50.2344331888219,1.2460783547536,0.373365618866988,3.33742126159057,0.000845596771374023,0.0042368347087444
"TMED6",1.39870105085875,-2.25172163575533,0.674821954636318,-3.3367640461088,0.000847598732138688,0.00424465209802263
"ZC3H6",3.75459708249897,-1.12381656702452,0.33680378356969,-3.3367100426055,0.000847763428870933,0.00424465209802263
"GAS2",1.62462325569327,-2.36479434988651,0.708802093545559,-3.33632528941523,0.000848937685987634,0.00424901277740031
"SPRY4",19.2565223870468,1.04039751925653,0.311965765952757,3.33497336183384,0.000853075707995879,0.00426743579650993
"EGF",9.25283134650854,-1.92793164426598,0.578279593992954,-3.33390917523794,0.000856346152353217,0.00428264835742893
"DNAJB1",88.7510141211407,-1.14796342510737,0.34450398586772,-3.33222102558823,0.000861558011803022,0.00429952625763211
"DMRTC1B",1.17614815799998,-2.80571689877852,0.84198167960468,-3.33227784729929,0.000861382107649565,0.00429952625763211
"ESCO2",8.75494851798569,-1.48772229426978,0.446545436459436,-3.33162579392955,0.000863402685980503,0.00430525233562233
"KIN",6.20586797022718,-1.23151551209584,0.369829295516443,-3.32995662330131,0.000868595142659454,0.00432883147845952
"GNG11",2.79111963545184,-1.24014636042674,0.372460698694786,-3.32960327028485,0.000869698060286492,0.0043331713604186
"KLF5",28.0950319904689,-1.20530555975051,0.362040748655047,-3.3291986170842,0.000870962695611314,0.00433749106845569
"HPGDS",1.19259646461054,-2.2994572872715,0.691049297086038,-3.32748661632052,0.000876331985128208,0.00436273115476227
"DCAF12L2",1.46670998514477,-3.17962954936515,0.955798560089248,-3.32667329930718,0.00087889350137202,0.00437431692271774
"HOXC13",1.94391740501764,1.54724105278658,0.465181937940182,3.3260987295374,0.000880707272840376,0.00438100828048414
"CFL2",6.90948627044454,-1.20856958480383,0.363532058267851,-3.32451996273009,0.000885708922989016,0.00440354191299119
"CCDC178",1.10241239235698,-3.3870334248763,1.01916774361731,-3.32333263693648,0.00088948779304997,0.00442115218542329
"TM4SF1",82.650767977069,1.18323051590897,0.356064340328919,3.32308063990893,0.000890291737410977,0.00442279309359381
"FAM171A2",3.70826164683522,1.11278462148781,0.335191081626281,3.31985151898672,0.000900653369545796,0.00446357784869935
"LSM6",10.0062945710724,-1.0092067477967,0.304227481231822,-3.31727674209575,0.00090899530813405,0.00449894841133472
"F12",5.36268226995288,1.25945669968796,0.379763399673241,3.31642464958874,0.000911771707171831,0.00451029835749627
"MGAM",2.47693388852704,-2.68520199565682,0.809793744683484,-3.31590854249727,0.000913457174038274,0.00451624258001074
"SCO2",26.4513583668337,1.05058627524746,0.316891675197851,3.31528518252028,0.0009154967495341,0.0045251280955923
"BDKRB1",3.01387360977546,-1.45029122337566,0.437531596274838,-3.31471197902848,0.00091737594130729,0.00453321637063679
"OR52B6",1.19118037112862,-1.98456961033648,0.598955284164486,-3.31338526064572,0.000921739177565247,0.00455357203121609
"STRIP2",11.6363302672972,-1.56492637053581,0.472485203096515,-3.31211720553318,0.000925927450860625,0.00457305279897275
"TMCC2",3.47340819713937,1.41247769940669,0.426542051750097,3.31146177407669,0.000928099188807887,0.00458076711106629
"CBLN1",2.09217250141654,-2.20062410277103,0.664661442724187,-3.31089478238956,0.000929981692474036,0.00458458627325001
"AC000003.2",22.5103607375087,-1.21469000065382,0.36691534344139,-3.31054566773071,0.000931142568479518,0.00458909731017532
"SLC26A9",1.43335558863491,-3.14389278686269,0.949864319798122,-3.3098335428905,0.000933514689451003,0.00459714738521783
"TRIM31",1.69879235285219,-3.08428607332075,0.932300736051017,-3.30825232036712,0.00093880184658704,0.00461709475077277
"KIF14",1.38167295387357,1.7143972853938,0.518614541188226,3.30572544585011,0.000947308613920255,0.00465402750349401
"CHST1",4.46164485440632,1.37401175402765,0.415850229715536,3.30410242881806,0.000952810130144987,0.00467982434087786
"SKIDA1",1.84814231728178,-2.39135820342769,0.723903394846272,-3.30342172788887,0.000955126288540197,0.00468996651256101
"VWA1",57.7779699371957,1.01077497655078,0.30601056686445,3.30307213540934,0.000956317840569917,0.00469458263623449
"TEK",2.69575432326173,-1.17660572077131,0.356307730276504,-3.30221777635368,0.00095923563687607,0.00470766827151403
"LY9",7.75727005775216,-1.11866277001949,0.338901504025761,-3.30084923416112,0.000963926652153152,0.00472944721919769
"IFITM1",78.6655929571507,1.10698621175353,0.335455936581006,3.29994521198826,0.000967037054086259,0.00474097026332363
"MBLAC2",3.33720634726224,-1.01754347317071,0.308386230494399,-3.29957492440374,0.000968313756365616,0.00474473740619152
"BIRC5",61.1708925453148,-1.23007209038118,0.373096387451432,-3.29692843927978,0.000977484029963747,0.00478214081640283
"SCN5A",2.2491315389836,-2.54437008954885,0.77177189544391,-3.29679028812701,0.000977964935806518,0.0047832400803175
"RIBC2",1.99978608912604,1.73093267768161,0.52532038764232,3.29500380796218,0.000984203461315744,0.00480871353554138
"OR5C1",1.64356268455399,-2.37870608499175,0.722265495501822,-3.29339571086537,0.000989850552132794,0.00483377451157916
"PNLIPRP1",2.75019406648968,-2.29490684445832,0.696920681793758,-3.2929240075809,0.000991512695513568,0.00483784600969606
"SBSN",37.4625002752426,-4.08316727540904,1.24013485844119,-3.29251875117956,0.000992942762990911,0.00484190131278168
"UPF2",9.6291203074094,-1.22946568164671,0.373470137523367,-3.29200532551222,0.000994757280056703,0.00484781481368437
"AC002365.1",1.3885610693351,-3.25990186405562,0.990398231589963,-3.2915061437683,0.000996524400028745,0.00485366919492216
"DYNLRB2",0.776956986953627,-2.52790435326353,0.768230838136101,-3.29055308349349,0.000999906339015134,0.00486760141931513
"SLC6A1",2.5332158178844,-1.56918089254586,0.477128667586841,-3.28880027369192,0.00100615394882437,0.00489546209815014
"MAOB",11.5271863817555,-1.35136926872058,0.410922831652221,-3.2886205502066,0.00100679658280796,0.00489603683366551
"SPRR2D",1.94337700777344,-4.41584405455587,1.34313745703576,-3.28770821737146,0.00101006465855308,0.00490937180695845
"DNAJC5B",2.82573306755913,-1.99287768805306,0.606216759213809,-3.28740117748903,0.00101116671550612,0.00491344909208325
"PTPRZ1",6.19117736716115,-1.75848846092845,0.53537034440464,-3.28462059825891,0.0010211978385809,0.00495703131785408
"CPA3",3.58862018712491,-1.52327620831107,0.463758773089989,-3.28463049477555,0.00102116197349531,0.00495703131785408
"ANKDD1B",1.05992878798814,-2.08794211345979,0.635730595258284,-3.28431906381901,0.00102229116180466,0.00496104853125324
"MUC4",6.88888530140377,-1.59351987818141,0.485245468725949,-3.28394592197909,0.00102364562363722,0.00496633059970978
"RPH3A",2.07200470266911,-2.56684287568954,0.781736647540194,-3.2835135512277,0.00102521715678956,0.0049726627955584
"RAB25",46.4864722828396,1.10278848370696,0.336088754653359,3.28124183995495,0.00103351086990561,0.00500638672295481
"P2RY14",2.20482577663413,-1.77786038077189,0.541886874067006,-3.28086998570122,0.00103487435874573,0.00501169115523321
"AC079354.1",9.32270210117107,-1.4247023433317,0.434414250012629,-3.27959394354647,0.00103956592713844,0.00503310588530797
"PLA2G2F",1.40093143257306,-3.93382527543024,1.1995706167453,-3.2793611484946,0.00104042395444233,0.00503595405897949
"ZC3H12C",5.25781791150983,-1.05049599302678,0.320367995201642,-3.27902914386187,0.00104164877850532,0.00504057569878584
"ZNF728",1.13502243797524,-3.27348668462737,0.998484124295653,-3.27845641705775,0.00104376480596647,0.00504950639092717
"ATP8B4",4.8347170951077,-1.00667087015946,0.307084260494728,-3.27815847200263,0.00104486718204733,0.00505352990197968
"AC024592.12",0.83968049013997,2.08967911859499,0.637497297719769,3.27794192394142,0.00104566907081912,0.00505609838982701
"GCKR",1.31418869166627,-2.64266745923128,0.806312060627137,-3.27747479949122,0.00104740079646499,0.00506316040114057
"LIPE",34.3046444904982,-1.20076938738335,0.366436247527085,-3.27688484828346,0.00104959165791865,0.00507175301867568
"EML6",8.63285486018183,-1.15961949054152,0.353885308737429,-3.27682291948978,0.00104982188438845,0.00507175301867568
"EPM2A",3.53836261611288,-1.32665368681702,0.405075614494911,-3.27507665074142,0.00105633307958596,0.0050988587947787
"PYROXD1",5.20646299750922,-1.07955632086886,0.329680341559429,-3.27455472704991,0.00105828638154324,0.00510520631964618
"TMEM255A",1.51118825963289,-1.78803036544073,0.546120562417353,-3.27405794340754,0.00106014870031529,0.00511154857597783
"FOXK1",57.4285900660792,-1.00909628796983,0.308230263129351,-3.27383910238028,0.00106097004268972,0.00511418789748888
"ANKRD18B",3.09630472959071,-3.09797331625847,0.946320839715384,-3.27370294116129,0.00106148137270273,0.00511533189132352
"MARK1",3.63157679274353,-1.17668250191407,0.359449137905678,-3.2735716345572,0.00106197468797386,0.00511638850317007
"ZNF727",2.45080482329771,-1.50176075648084,0.458792742229139,-3.27328795391188,0.00106304119248436,0.00512020537215955
"HEPN1",1.09295637532462,-3.22659296058466,0.986186411840041,-3.2717880938599,0.00106869644115745,0.00514346322762787
"PEG10",22.4414606489568,1.48068181187787,0.45265607932853,3.27109671005482,0.00107131267612713,0.00515472586356119
"BHLHE41",21.6397515015907,-1.02496436278723,0.313459039392051,-3.26985102989895,0.00107604135841118,0.00517214627193058
"C11orf88",2.81300185183241,-1.69612840886451,0.518711179809809,-3.26988982478922,0.00107589379969608,0.00517214627193058
"ST6GALNAC3",1.31500382098611,-2.13571697131206,0.653186352416404,-3.26969013270282,0.00107665354048059,0.00517375674317428
"NECAB1",1.14385503984304,-3.46125904074251,1.05895376294117,-3.26856484378422,0.00108094405641213,0.00519303772237726
"MAP9",3.41076423588473,-1.50756763145362,0.461324119817944,-3.26791417723522,0.00108343213650635,0.00519830237893525
"BEX4",5.85988794795031,-1.05656145009974,0.323400262859133,-3.26703955265479,0.00108678495444396,0.00521037193490354
"CYP2U1",2.77497954581446,-1.11759348750164,0.342103858585267,-3.26682514521561,0.00108760833507414,0.00521298074646962
"EXO1",4.74096497164413,1.24505188534314,0.381272795926393,3.26551460960645,0.00109265368846829,0.00523313281426745
"TPH1",2.12334145654752,-1.73279725024166,0.530710237614696,-3.26505337079949,0.00109443452798726,0.00523360609707844
"KBTBD11",1.48799436394816,-1.8175454449075,0.556655969180597,-3.26511444327623,0.0010941985735391,0.00523360609707844
"CXCR4",34.6673266605107,1.07551954381798,0.329541427519746,3.2636853943152,0.0010997320733574,0.00525759233739037
"COLCA1",3.49094240977256,-1.25431423637688,0.384340163797278,-3.2635523281883,0.00110024864092445,0.00525871527839697
"KAL1",3.05086533001157,-1.23939326644396,0.379877131248225,-3.26261615794422,0.00110388923529025,0.00527476532726737
"SUSD2",14.6151931070133,1.1322729082084,0.347145422340682,3.26166740317033,0.00110759013098943,0.00528838878655798
"CR1",3.8480859717549,-1.42821596390971,0.438074761113562,-3.26021056378429,0.00111329529959201,0.00531019671642391
"COL6A6",3.77895193076059,-1.58102715770935,0.485105009208796,-3.25914415991704,0.00111748868443856,0.00532867606063324
"IRAK3",4.4157201445662,-1.13913620728473,0.349778965940885,-3.25673158824894,0.00112702950908883,0.0053688476410256
"TNN",4.3202632745783,-1.34965711414495,0.414496891925398,-3.25613325560923,0.00112940731834768,0.00537880235363085
"SLC35F1",2.72563536342933,-1.5262570331878,0.468748864555582,-3.25602289113775,0.00112984641958133,0.00537952124640749
"CYP4F11",1.80612660354192,-1.68121661218026,0.516545310199283,-3.25473211930169,0.00113499367479217,0.00539577206893178
"DIAPH2",5.00387248307957,-1.03142772950085,0.317002821530216,-3.25368627484769,0.00113918011283499,0.00541429570430664
"RP11-160N1.10",3.79198674821796,-1.41962929125286,0.43639611779276,-3.25307497791955,0.00114163369449339,0.00542319578689492
"PRB1",1.93230320354338,-2.10415893022896,0.646998094035465,-3.25218721604707,0.00114520563133312,0.00543877993674841
"ZBTB49",3.79370727636152,-1.19310428974641,0.366906876846822,-3.25179048155184,0.00114680524197852,0.00544499162321899
"AICDA",3.58303390587409,-1.67302332523195,0.515149633417412,-3.24764537661302,0.00116364201840446,0.0055095188540687
"CEACAM8",3.96362297969114,-1.6294813163649,0.501777207194673,-3.24741995650813,0.00116456415699785,0.00551108954296396
"NANOG",5.92861392323499,-1.25736438670088,0.38723102298546,-3.24706521963787,0.0011660166665537,0.00551516725307601
"OSGIN1",4.80414694488254,-1.16501898154054,0.358813806276119,-3.24686219193033,0.00116684873919767,0.00551770494226981
"NAALAD2",1.20374167824668,-2.12432176986455,0.654671554913949,-3.24486645848508,0.00117505715154579,0.00554849124403646
"SOCS3",59.9095787051163,-1.31547282780604,0.405546280187667,-3.2437058162568,0.00117985535557543,0.0055693349262295
"ARNTL2",3.50166579869125,1.13513169214556,0.350085777016667,3.24243875834899,0.00118511415754104,0.00559274423840589
"LRRC4C",1.70744044077459,-1.86370442329462,0.574857365359612,-3.242029302571,0.00118681818896047,0.00559937042448903
"RP11-169F17.1",1.70272142830208,-3.73461905044399,1.15200619281125,-3.24183938745187,0.00118760932665002,0.00560168734695026
"COX4I2",1.52934030569481,-1.98585338698672,0.612627508417234,-3.24153479839211,0.00118887918404022,0.00560626054226999
"USP17L30",1.85061927800335,-3.22012577693714,0.993732831985674,-3.24043412201919,0.0011934784611714,0.00561659929206174
"USP17L26",1.85061927800335,-3.22012577693714,0.993732831985674,-3.24043412201919,0.0011934784611714,0.00561659929206174
"USP17L25",1.85061927800335,-3.22012577693714,0.993732831985674,-3.24043412201919,0.0011934784611714,0.00561659929206174
"USP17L28",1.85061927800335,-3.22012577693714,0.993732831985674,-3.24043412201919,0.0011934784611714,0.00561659929206174
"USP17L29",1.85061927800335,-3.22012577693714,0.993732831985674,-3.24043412201919,0.0011934784611714,0.00561659929206174
"USP17L24",1.85061927800335,-3.22012577693714,0.993732831985674,-3.24043412201919,0.0011934784611714,0.00561659929206174
"USP17L27",1.85061927800335,-3.22012577693714,0.993732831985674,-3.24043412201919,0.0011934784611714,0.00561659929206174
"CACNG4",6.60801432474616,1.39534844156704,0.431080220176398,3.23686491807967,0.00120850602631612,0.00568016087746619
"BCAS1",3.13636030986389,-1.52444456277663,0.47143416625181,-3.23363190855873,0.0012222687718819,0.00573618293169008
"AADAC",0.900712492619803,-2.20271140918699,0.681356209578047,-3.23283383672557,0.00122568832578118,0.00574678504254938
"KIAA1244",7.57473928106648,1.00423850468743,0.310713638268948,3.23203870381182,0.00122910407228052,0.0057595742784651
"KIF5C",2.14805183498955,-1.63578039261292,0.506161293426451,-3.23173742017989,0.00123040062706436,0.0057627569760824
"RHOXF2",1.40276158972747,-1.89168190328092,0.585504562242236,-3.23085766579952,0.00123419382634907,0.00577617561897989
"ANKRD24",1.77214155880188,-1.45502225547109,0.450468774234037,-3.23001801389045,0.00123782418707901,0.00578794548506037
"PSG3",2.12275028740004,-2.39905554304405,0.742760594034301,-3.22991763740937,0.00123825883910928,0.00578794548506037
"MAFF",34.1866292279017,-1.03023362915506,0.319369679597328,-3.22583418204887,0.00125606104824441,0.00585503213724716
"MN1",6.36821673857953,-1.22742945728636,0.380561536461114,-3.22531138774657,0.00125835720544296,0.00586280775353497
"ARC",3.19149197610467,-1.53656753926026,0.476460183061819,-3.22496526233525,0.00125987954944907,0.0058669721398515
"METTL7B",1.20542477478506,-2.35850621730712,0.731450423510349,-3.22442388643138,0.00126226406285824,0.00587514529780617
"OTOP1",2.1555929415226,-2.22744104004796,0.690964772181274,-3.22366802147707,0.00126560027289357,0.00588920525788886
"CETN3",3.10483957744575,-1.26482283796627,0.392367235007611,-3.22356895560287,0.00126603812923771,0.00588976199874727
"APLF",2.47120272522974,-1.15760260686062,0.359120773020151,-3.22343538393885,0.0012666287174186,0.00588976199874727
"LGI1",1.32050931722984,-3.67314342537186,1.13969604092761,-3.22291496457446,0.00126893218264172,0.00589882841577147
"CRHBP",1.79608728719077,-2.10866004065791,0.654438075410106,-3.22209253998021,0.00127258026079223,0.00590807943875861
"FAM9C",4.49377668678419,-1.62638801311431,0.504769912992741,-3.22203834113564,0.00127282101358868,0.00590807943875861
"MMEL1",4.52609866754011,-1.68703515706256,0.523765187181341,-3.22097611363098,0.00127754795369849,0.00592324452360271
"LCE1F",1.45284604812514,-3.9932726172503,1.23977353455632,-3.22096939960843,0.00127757788274408,0.00592324452360271
"MYOM1",2.58315582444881,-1.31004424633936,0.406739676175669,-3.22084203502576,0.00127814575745569,0.00592395807992559
"PNMA5",0.968765295028407,-3.05135818683165,0.947464574909187,-3.22055121387955,0.00127944330213113,0.00592702903411563
"C9orf47",2.29486146464941,-1.49863412956249,0.465898497986461,-3.21665370470036,0.00129695040421372,0.0059962276117548
"VGF",1.55980579707105,2.14145135775992,0.665882452357008,3.21596003946324,0.00130008933856541,0.00600519438360798
"EYS",23.2919183087839,-1.16939656507492,0.363625029341938,-3.21594079261047,0.00130017653321246,0.00600519438360798
"MYBL1",6.64547437921676,1.41767542899368,0.44085743170923,3.21572310462652,0.00130116310802133,0.0060082646707025
"ORC6",99.8350356333037,-1.03118360915294,0.320788036765022,-3.21453262269966,0.00130657067407274,0.006029211597853
"IGSF1",2.29350119863095,-1.8556299982871,0.577266618924853,-3.21451117638358,0.0013066682802996,0.006029211597853
"RBBP5",23.4161827772687,-1.1810199842589,0.367434066890761,-3.21423648670557,0.00130791904000265,0.00603349161299962
"WDR76",17.5260014164092,-1.38955419736125,0.43240611613537,-3.21353964597077,0.00131109696182532,0.00604665740620478
"IQCF3",2.07736588054641,-2.94868402592768,0.917644044477186,-3.21332007075537,0.0013120998036352,0.00604978790665979
"SLC19A3",8.60443369123832,-1.13646373898426,0.353825314794513,-3.21193450967258,0.00131844426870689,0.00607603950937765
"RBFOX1",1.65110463069581,-3.52934834415748,1.09915405862324,-3.21096784974638,0.00132288734246384,0.00609447355812285
"HRH1",4.25752191910815,-1.02176056013326,0.318214043929505,-3.21092226953886,0.0013230971841594,0.00609447355812285
"RXRG",1.10835043223279,-3.57292435280925,1.11357088247854,-3.20852889477208,0.00133415902470084,0.00613785481324297
"KRT2",3.87036957499764,-5.41493810670719,1.68853472244259,-3.20688584885841,0.00134180227896527,0.00616997703103512
"DPH6",21.6621329172861,-1.02431245748636,0.319517249280479,-3.2058127058649,0.00134681619998352,0.0061869369186743
"LRP1B",1.89072932333839,-1.80708028018104,0.564015875985359,-3.20395286218494,0.00135554668454869,0.00622244923871146
"RCOR2",3.52197108038407,1.14537933912785,0.357500159312457,3.20385686353438,0.00135599873549182,0.00622299419687727
"IL18R1",2.9726494183916,-1.36287175026476,0.425503791879711,-3.20296029382986,0.00136022733874539,0.00623933272408791
"PPM1H",8.95277330653462,1.06152303688085,0.33151049480323,3.20207973358709,0.00136439227125666,0.00625229241828436
"MBOAT1",54.6363163435315,-1.58689774686143,0.495824953603943,-3.20052013382332,0.0013717978489418,0.0062800622957073
"PPP1R36",1.49173810715885,-2.68346354402011,0.838669872910005,-3.19966607922742,0.00137586891991963,0.00629715539739631
"TXK",9.62337821027039,-1.31824049984302,0.412210581977487,-3.19797830885142,0.00138394689846614,0.00632637234267
"FRMD1",1.1873997512459,-2.63900133277726,0.825194809260045,-3.19803433463628,0.00138367804842956,0.00632637234267
"PRTG",2.04072554447232,-1.64472315139569,0.514262747844017,-3.19821561699927,0.00138280846168659,0.00632637234267
"CRIP3",3.12818476564836,-1.43596989121412,0.449132051165401,-3.19721090376002,0.00138763428537706,0.00634167551375873
"KCNJ2",2.54338437559076,-1.21402643017183,0.379756429282128,-3.19685550147698,0.00138934506363078,0.00634794003742611
"SLC35G6",2.13703581350346,-1.67478669266211,0.524593857640947,-3.19253965380662,0.00141027579579743,0.00643098163940942
"BEX2",5.16003260182509,-1.1134112047497,0.349066598595296,-3.18968130789442,0.00142429764972204,0.00648067580371942
"PLA2G3",1.04012605827917,-3.16183475063169,0.991458210499386,-3.18907515934445,0.00142728763097426,0.00649111639041617
"LRP8",11.2503669629993,1.04875173891748,0.328956356223619,3.18811817761184,0.00143201996694408,0.00650946694981226
"PPP1R1B",31.6420048814453,1.29907416293416,0.407581335948177,3.18727588424053,0.00143619712495345,0.00652028731299013
"AL139147.1",28.9270302171628,-1.19427214650749,0.374699021294531,-3.18728386954802,0.00143615747099771,0.00652028731299013
"PABPC5",1.16247561326407,-2.96248517882217,0.929515555552042,-3.18712813478709,0.00143693101085347,0.00652067696685063
"GHRHR",2.22425335325782,-3.07505374454278,0.965193588095775,-3.1859450606272,0.001442819933019,0.00654580931458851
"UNC79",1.11738917586663,-2.88941230098632,0.907081165772383,-3.18539554123139,0.0014455628040676,0.00655665986130662
"TTC34",3.49415890152091,-1.0887813294325,0.341848759208789,-3.1849796148229,0.00144764205375539,0.00656449587115847
"LURAP1",2.29866912465399,-1.13822957894625,0.357469985361495,-3.18412629187651,0.00145191651574847,0.00658068206664438
"CDH7",1.35746096090151,-2.85977520198996,0.898179741064499,-3.18396760831036,0.00145271267443024,0.00658269245605293
"AC011294.3",3.29851303995595,-1.26039621132813,0.396041828637033,-3.18248255661718,0.00146018311058252,0.00660692159269632
"SLC46A2",1.6013147829246,-1.79449411939427,0.563956182208149,-3.18197437320041,0.00146274760713412,0.00661692151140947
"GLRA3",1.35812310895202,-3.56221314449689,1.11982022446621,-3.18105805438092,0.00146738221048082,0.00663145932884687
"VTCN1",27.852903833306,1.41658831104834,0.44535723548318,3.18079105532315,0.00146873519552059,0.00663436181107522
"ADAMTSL1",7.76061954339607,-1.02737038975994,0.323141008759139,-3.17932531592026,0.00147618315081147,0.00666316809538187
"PCDHA8",2.45046720360671,-1.94234830977301,0.611276254327036,-3.17752946564459,0.0014853559584071,0.00669971258456199
"TDRD6",0.880537771403661,-2.31273653461691,0.728036794694662,-3.17667534315606,0.00148973703149865,0.00671684843989124
"XKR4",2.21791980979115,-2.12177055206295,0.667927381611978,-3.1766485556293,0.00148987462582836,0.00671684843989124
"AIM1L",8.53820179850732,-1.91011643401264,0.601445689260837,-3.17587517562913,0.0014938521504584,0.00672739873089526
"RP11-1021N1.1",5.00857647831738,2.78805569880984,0.877883143964632,3.17588476094737,0.00149380279295902,0.00672739873089526
"EVPLL",1.68903792526051,-2.77452031419202,0.873729910941095,-3.17548967873101,0.00149583842821081,0.00673397820503197
"TMPRSS5",5.55182983798095,1.45800807579545,0.459308238694189,3.17435646253715,0.00150169143751078,0.00675544034864788
"OTUB2",2.37409177703214,-1.2860700448038,0.405486279743688,-3.17167339328161,0.00151563358106826,0.00681159444510432
"VSIG2",2.76650488428101,-1.33239390410803,0.420385845526482,-3.16945472424117,0.00152725250383982,0.0068555607103115
"CLCA4",0.925226103073904,-3.15412416401187,0.995189258633942,-3.16937118909565,0.00152769156649781,0.00685588313820855
"AMPH",3.73586048072845,-1.28035805047553,0.403996020848609,-3.16923431024417,0.00152841125624517,0.00685619758680119
"MMP19",24.9455488777101,-1.05515875834207,0.332939766677131,-3.16921817082101,0.00152849613564018,0.00685619758680119
"ADAM23",1.65434175587761,-1.72438519091492,0.544119833303802,-3.16912761743079,0.00152897244860959,0.00685668667861935
"AGAP7",4.51587360319603,-1.04373394504469,0.329408095406212,-3.1685133413543,0.00153220716623657,0.00686903443888344
"NPHS1",3.4210366373807,-1.63711570207475,0.51682377199564,-3.16764783429613,0.00153677553937144,0.00688176122440042
"PROX1",6.28745907945702,-1.11608146398218,0.352369410786733,-3.16736194975129,0.00153828726696357,0.00688687889375131
"CCL4L1",5.84825176838221,1.34674023467313,0.425245276224098,3.16697282714416,0.00154034710745917,0.00689444741049035
"JPH4",1.29428890102973,-1.77522445536876,0.560573946099839,-3.16679800714924,0.00154127335281185,0.00689683128870609
"ACSL6",18.6653839966036,-1.70185235430368,0.537559201618509,-3.16588823924818,0.00154610184423877,0.00691026462295755
"NOX5",2.42427361105552,-1.91332817365113,0.604410411119451,-3.16561088037411,0.00154757666399102,0.00691520075156735
"RPL39L",57.1541220159516,-1.20944214470421,0.382131925826479,-3.16498586735043,0.0015509048399165,0.00692675656851702
"PGLYRP4",1.68416403230252,-2.93698338774835,0.92805101159637,-3.16467882804885,0.00155254222833659,0.00693241111236923
"TDRKH",6.80223039537122,1.0437638491948,0.329985172792316,3.16306287449989,0.00156118610128361,0.00696600939886801
"AL117190.3",2.30902081882241,-1.19980267408865,0.379428306148237,-3.16213275247815,0.00156618147531583,0.00698662890386408
"AL050303.1",4.31071193550105,-3.00897417440087,0.951589588248969,-3.16205033299883,0.00156662483185491,0.00698693716815559
"ANKK1",1.9672333860716,-1.45105151644485,0.459062628288031,-3.16090099047317,0.00157281950841338,0.00700954103666014
"DCTN6",24.4351378410534,-1.04691936651538,0.331253117112333,-3.16048155453388,0.00157508577739797,0.00701796572273093
"COMTD1",16.1101350357217,1.08894831450206,0.344775709367861,3.15842527450273,0.00158623969855972,0.00705923931642703
"CCDC37",5.04973612183255,-1.51188407342116,0.47875384668218,-3.15795702509483,0.00158878977704402,0.00706721857222654
"CES1",9.58413654212269,-1.2944635342149,0.409957800095953,-3.15755312842425,0.00159099242273638,0.00707533052407469
"HDC",6.38860468158146,-1.35439520216423,0.42898583410748,-3.1572026264739,0.00159290615889184,0.00708215410344172
"CCDC181",1.38587247568797,-3.41354664577046,1.08140874682015,-3.15657391879611,0.00159634420534842,0.00709281489824906
"ADPRM",2.81334871985967,-1.02093497588181,0.323469162378277,-3.15620496363697,0.0015983649915868,0.00709966120103115
"OR52D1",0.893534173815872,-2.71170250583234,0.860692847317507,-3.15060420716149,0.00162933121521618,0.00722002954115143
"CYP4F2",6.72784286922352,-3.06750096585948,0.973741378940341,-3.15022143682303,0.00163146755375008,0.00722642868172216
"NUFIP1",2.39666557368996,-1.32511115684679,0.420751745235863,-3.14938956724699,0.00163611932110274,0.00724323253632134
"CXCL2",32.9598604855683,-1.69517421246728,0.538279512484717,-3.14924527712805,0.00163692742433157,0.00724509200683881
"ACER1",6.0414186461376,-1.22202214068196,0.388068104591501,-3.14898886618966,0.0016383643715727,0.00724806767341141
"SCGB2A1",2.92019813862049,-2.02283171334053,0.642493869121127,-3.14840625033135,0.0016416337133745,0.00725731939260918
"CD200R1",2.07649063786519,-1.54309074720167,0.490309471748255,-3.1471771118343,0.001648550710738,0.00728272437737049
"FAM9B",2.17663618720465,-2.05644081262933,0.653585612393752,-3.1463985339237,0.00165294603423978,0.0072969613415045
"KIAA1324L",6.37394781311446,-1.03445665223873,0.32897751977621,-3.14446000122571,0.00166393656460256,0.00733853808754197
"SLC38A4",1.75438538857152,-1.76830693808771,0.562397263900543,-3.14423104732677,0.00166523905086479,0.00734111619273262
"POTEI",5.19299121692131,-1.46599948860112,0.466252346085847,-3.14421900695638,0.00166530757277962,0.00734111619273262
"CCND1",158.551516421074,1.32820078486916,0.422499011712812,3.14367785023835,0.00166838998295034,0.00735296803392348
"PCDHGA2",3.46643498003478,-1.16057147333828,0.369246686409829,-3.14307891188536,0.00167180763449757,0.00736629141572698
"KCNIP4",1.66371868335603,-2.37647583967677,0.756639775712921,-3.14082858971775,0.00168470602457998,0.00740866909996805
"ACTC1",1.38181538239699,-2.74482292493838,0.874035715092335,-3.14040133319771,0.00168716528860676,0.00741296511485045
"HJURP",7.28544808828421,1.08772758699225,0.346408631901064,3.14001294085221,0.00168940371764983,0.0074193079286767
"FAM101A",8.1172487241254,1.24629118520898,0.396905315400267,3.14002140271701,0.00168935492012548,0.0074193079286767
"CTNNA3",1.48835087142493,-2.37096139089002,0.75514704937528,-3.13973469518483,0.00169100901547222,0.00742409376124086
"ZNF2",4.40309217130919,-1.03244202623605,0.328971644640257,-3.13839214733862,0.0016987743861799,0.00744644729175689
"DPYS",1.55067107400957,-2.61064519324906,0.832192389254234,-3.13706929666657,0.00170645789666731,0.00747837147250754
"LBX2",9.89107194229838,1.1395583785292,0.363295925713254,3.13672215368757,0.0017084794941558,0.00748547375648783
"FAM83D",5.72938853853299,1.26120335990489,0.402287600526823,3.13507887952117,0.00171807907648137,0.00752047321895211
"AC019171.1",1.38223421129982,2.10344822095716,0.671153394152088,3.13407968921111,0.00172394031322998,0.00754436045656128
"KLK6",22.7227372404171,1.81640522082683,0.579945007932571,3.13203009937456,0.00173602076605738,0.00759188842387566
"LINC00696",1.01073716642126,-2.75043979564946,0.87816276111164,-3.13203874890773,0.00173596962183864,0.00759188842387566
"PRSS48",3.34460910144544,-1.04159528656484,0.332733464459972,-3.13041938314005,0.00174556903269599,0.00762649854233593
"PKD2L2",54.6854628857094,-1.27238270756293,0.406527032341781,-3.12988462349828,0.00174874972967469,0.00763682074930921
"TMEM40",9.3632776116124,-1.32663148177488,0.423967452089365,-3.12908803550147,0.00175349763786094,0.00765218499327393
"SCIN",2.77414367238571,-1.61173730690092,0.515173087903888,-3.128535524747,0.00175679772897938,0.00766479476567331
"SELP",2.67879125945131,-1.17479400134345,0.375546720903103,-3.12822329674011,0.00175866515967485,0.00767063774096025
"REM2",2.29852160527113,-2.13912483277276,0.683901775494141,-3.12782465175964,0.00176105210146613,0.00767797330272565
"C12orf68",1.14702074452132,-2.41693995423968,0.773692903347296,-3.12390089631565,0.00178470556912972,0.00777202432238924
"DGAT2",28.5989652402913,-1.23364544924139,0.395002824875692,-3.12313070072251,0.00178938266740807,0.0077869428946017
"C5orf58",1.99847367617724,-1.95902231493507,0.627468633782975,-3.12210397374643,0.00179563510150123,0.00780687277827819
"JAKMIP2",2.95682080581895,-1.49231033725472,0.478076489146119,-3.1214886553407,0.00179939180760524,0.00782138432041497
"ETV7",3.29432615895404,1.17608957255902,0.376867583748334,3.12069709169889,0.00180423516809401,0.00784061134849791
"KCNIP2",11.8350167427962,-1.07207464489522,0.343594711721353,-3.12017213397816,0.00180745384503941,0.00785277073145003
"OR2L3",0.979289190945481,-2.85916912073817,0.916646110906589,-3.11916353183496,0.00181365270847384,0.0078775680873458
"RPA4",0.926688917340086,-2.04064690540841,0.654377229677287,-3.11845646954247,0.00181800995222002,0.00788761975319443
"ABCG2",1.29204803039944,-1.9775403250435,0.634181873559373,-3.11825425401149,0.00181925786539307,0.00789120006715223
"LAMA1",11.3203215246025,-1.15045991903289,0.369132618742278,-3.11665743047249,0.00182913987365309,0.00792669737725848
"PDE4C",9.47016081842603,-1.22588396430859,0.393495528166478,-3.11536949357643,0.0018371462335526,0.00795510111149712
"HLA-DRB1",155.794370911326,1.03598943330574,0.332608554021896,3.11474079899203,0.00184106614902299,0.00796913144820548
"MICALCL",4.39429749666963,-1.13529213133706,0.364526497268006,-3.11442965009586,0.00184300900624687,0.00797569196514206
"KIAA0825",2.39190340361664,-1.23380848320372,0.396235600020958,-3.11382541886308,0.00184678729270757,0.00798833919544893
"BRINP1",2.61925182239831,-1.62988665105966,0.523501649304921,-3.11343174032736,0.00184925281067632,0.00799715096653142
"PLXNA2",19.5431908883807,-1.0591877415791,0.340344559406242,-3.11210422586726,0.00185758903731757,0.0080279365264322
"GFAP",4.02246164032465,-1.64588377068168,0.528922253053579,-3.11176881135109,0.00185970075433473,0.00803488854030898
"WDR16",1.92083294595322,-2.97088824538422,0.95500696524942,-3.11085505497681,0.00186546481362049,0.00805621966680986
"LRRIQ1",1.70629532323326,-2.92082115117421,0.939247213833178,-3.10974694218575,0.00187247690921087,0.00807887021448063
"MSH5-SAPCD1",1.77657368872529,1.32451698879099,0.425956506776799,3.10951228052267,0.0018739649424176,0.00808342225277129
"RP11-181C3.1",3.50614331621331,-1.50846952351642,0.485246255578338,-3.10866803437474,0.00187932745267846,0.00810280928731041
"FGF5",2.68259436801112,-1.64037994436372,0.527891964039983,-3.10741601711421,0.00188730601259834,0.00812969911149019
"CRCT1",1.50441096792705,-4.0507783466372,1.30361776024279,-3.10733596164168,0.00188781722796368,0.00813002533537575
"PCYT1B",1.78136078522516,-2.10581284083894,0.678164267803023,-3.10516631561985,0.0019017206025304,0.00817995027485643
"LTB",11.3483285555742,1.22836650921722,0.395666357872216,3.10455130889326,0.00190567871739164,0.00819371625402683
"HAS1",4.07580289871923,-1.70278583268302,0.549007744642326,-3.10156978530854,0.00192497493664063,0.0082671628921426
"FBXO43",4.33501730273973,-1.45298709317988,0.468919184354128,-3.09858743608702,0.00194445584135631,0.00833357348537211
"C8orf4",10.5555879754604,-1.29926556128446,0.419366219302874,-3.09816456710382,0.00194723265524288,0.00834355897193696
"BMP4",8.03944765319665,-1.02837502637654,0.331949153654615,-3.09798960188503,0.00194838264731897,0.00834657082211974
"CCDC8",9.0270483796861,-1.03489155659452,0.334072013306806,-3.09780979960178,0.00194956508152703,0.00834972023561096
"HIST1H3E",10.9680238150116,1.395423670952,0.450552372766963,3.09713976730902,0.00195397722094415,0.00836669741692806
"NPFFR2",1.26384693164983,-3.24712713656433,1.04849666817251,-3.09693605629092,0.00195532046706162,0.0083705291904548
"CTRB2",0.971126625923716,-2.47763344503372,0.80006596701889,-3.09678644907941,0.00195630749899691,0.00837091558532507
"EFCAB6",3.02907833464913,-1.09616897888086,0.3540074696355,-3.09645720190456,0.00195848131485043,0.0083763774723809
"TYR",1.09538112067031,-3.39970947257992,1.09820344049872,-3.09570098508892,0.00196348254595772,0.00839392160533195
"SIK1",47.9614128959704,-1.12588078588652,0.363731890687235,-3.0953590122639,0.00196574802668427,0.00840168267174192
"AMIGO2",6.60570724814954,-1.035615257483,0.334832184534172,-3.09293820999847,0.00198185395150931,0.00846277022432008
"FMO3",6.29855028292072,-1.08005119068627,0.349332174421089,-3.09175984856283,0.0019897374992376,0.00849254901080631
"DBT",4.32470095061011,-1.01110260468641,0.327075234018274,-3.09134565850349,0.00199251536922823,0.0085005186078889
"SLC39A5",2.89526299397214,-1.64871838110667,0.533484472354893,-3.0904711693462,0.00199839204586264,0.00852364201604059
"FAM228A",1.12735734567031,-2.73380513568231,0.884926870520882,-3.08930062669828,0.00200628313705395,0.0085514383300594
"AMPD1",0.778781000653942,-2.50785379027136,0.811853098147786,-3.08904874045926,0.00200798493636612,0.00855478566340008
"FCRL2",6.65269571450637,-1.25932758211697,0.407716342003956,-3.08873462350634,0.00201010903629346,0.00855797619123433
"AL590822.1",5.19382486630145,-1.07160148072994,0.347025722496719,-3.08795980027119,0.00201535731170708,0.00857640885622509
"TMEFF2",1.69740825971616,-3.7437874152118,1.21371509323214,-3.08456855821248,0.00203847622321707,0.00866294391332563
"TBCCD1",23.5774627981373,-1.18172879693907,0.383571962036689,-3.08085291392086,0.00206408584596697,0.00874494964152328
"FCRL3",5.10324687182375,-1.52801281546037,0.496104396147512,-3.08002272772852,0.00206984799390389,0.00876006236357373
"LDHD",5.45817896754501,-1.0154458229534,0.329673151603631,-3.0801592972129,0.00206889908088526,0.00876006236357373
"LRRC69",4.41119770469149,-1.50489363377315,0.488587845305105,-3.08008815248647,0.00206939335934928,0.00876006236357373
"CXCL6",1.97892515792957,-1.97429302780284,0.641123323365915,-3.07942786644814,0.00207398587173751,0.0087719171362636
"KSR2",1.83258793084493,-2.14248558181485,0.695901707389685,-3.07871867400826,0.00207892895677323,0.00878685186642503
"AC005481.5",0.911599367739898,-2.92523938028001,0.950542724091193,-3.0774412408204,0.00208785996358153,0.00881589366593217
"BTLA",2.36524628868399,-2.30409139386014,0.749115923549695,-3.07574745300056,0.00209975612627064,0.00885883550764895
"AL353791.1",1.31215081249836,-2.05174108570738,0.667066735494705,-3.07576585150177,0.00209962657280737,0.00885883550764895
"RP11-685N3.1",51.7990354459634,1.54936738428056,0.503859997300223,3.07499581745399,0.00210505505704769,0.00887517453930068
"AKR1C1",8.050785341523,-1.00415786694966,0.326784185436778,-3.07284719304119,0.00212027028356084,0.00892722731704945
"RGSL1",5.29075857923606,-4.13585520515646,1.3462906508323,-3.07203738108083,0.00212603099019852,0.00894946393596755
"MUSTN1",2.24071674570542,-1.9651501196653,0.639914311591656,-3.07095822685602,0.00213373000647854,0.00897580114712661
"COX8A",123.019852409321,1.02255136847651,0.333280600626193,3.06813947933142,0.00215396056541409,0.00905274421335338
"ADH6",2.00769459681893,-1.80207744102494,0.587523626927715,-3.06724250469446,0.00216043507266422,0.00907791185495573
"IVL",3.78543296949191,-3.91773359042111,1.27734657842328,-3.06708739554228,0.00216155648321904,0.00908058010468414
"CAPZA3",0.957308540854462,-3.18969996509923,1.04030522872392,-3.06611932443314,0.00216856752593014,0.00910184063435023
"IL36RN",1.05601034868185,-3.00299672634651,0.979649188243383,-3.06537969140893,0.00217393819753129,0.00912028139544082
"HAS2",1.74507227737382,-1.63646633882992,0.534405649174857,-3.0622175146477,0.00219703737754421,0.00920684417539232
"PCDH20",0.856527611708766,-2.84272591449787,0.928675462418766,-3.06105418904242,0.00220559172953615,0.0092323300445539
"GRM3",1.1541253221779,-3.30151053235372,1.07878590662947,-3.06039457140191,0.0022104556863593,0.00925061582798515
"ACSS3",6.53660545718433,-1.01818875347067,0.332827425191327,-3.05920929708652,0.00221922049525497,0.00928521457326648
"MT1G",10.9829165759645,1.33370214286261,0.436042186819444,3.05865391739004,0.00222333833825877,0.00930035927334819
"TBX5",3.29929452163586,-1.10588312057708,0.361899486279267,-3.05577422047985,0.00224480224842401,0.00938383635822387
"PLD5",1.22776219258637,-2.54985976824897,0.834651378175464,-3.05499976987149,0.00225060694820237,0.00940178588408818
"LCE1B",1.2062835031426,-3.7165897350497,1.21654316980821,-3.05504138881946,0.00225029465449948,0.00940178588408818
"LDHAL6B",2.59323156283164,-1.66207389752555,0.544065429303804,-3.05491547156813,0.0022512396142014,0.0094023249121982
"POF1B",4.02123936085378,-2.31425900464398,0.757724046727409,-3.05422404718342,0.0022564349663136,0.00942191554151389
"SLC5A10",1.99736314155834,-1.63193371630607,0.534475898363346,-3.05333453071191,0.00226313493581047,0.00944741870001368
"GPR182",1.41951570317982,-1.81275103264013,0.593970043330485,-3.05192333013253,0.00227380171048702,0.00948806529572691
"TRIML2",3.16750904843722,-1.57291038015439,0.515730934020394,-3.0498662701745,0.00228943282751594,0.00954311830998692
"KDM4E",1.27304964059118,-2.24760027838326,0.737040435155037,-3.04949385566678,0.00229227321918479,0.00955233230557163
"LRLE1",18.8433005829729,-1.71166963883675,0.561774301443908,-3.04689914515012,0.00231215274315649,0.00962497547860059
"TGFBR3",32.4050699248486,-1.01608528090476,0.333690625322382,-3.04499198898115,0.00232686507727769,0.00966780056995103
"CGB8",1.15660087199675,-2.97748385350599,0.977831132754872,-3.0449877834401,0.00232689761451427,0.00966780056995103
"LRMP",4.38125215542351,-1.08310728024691,0.355716579246618,-3.04486027202007,0.00232788433686549,0.00966835877306827
"CYP1B1",48.8588020891132,1.2358508896717,0.406106869931072,3.04316666664973,0.0023410263673129,0.00971213805585878
"AC002472.1",32.5703901605054,-1.26347883563704,0.415372184637769,-3.0417993365128,0.00235168609843519,0.00975042373967128
"AQP11",2.02947429545297,-1.25718722655117,0.413426221572199,-3.04089861975922,0.00235873236535782,0.00977256425407573
"TMEM190",1.6266152789903,1.51267163879134,0.497454751099067,3.04082257823303,0.00235932811881873,0.00977286368986616
"MST4",2.90182532184294,1.17883140271482,0.387758776086179,3.04011533823499,0.0023648756508191,0.00978498748340906
"TNFSF11",1.51379231240216,-2.26237654951142,0.744271491444924,-3.03971947806204,0.00236798595592838,0.00979568575475891
"MFAP3L",9.48456064419235,-1.08426616024024,0.356968602728492,-3.03742724696973,0.00238606995120896,0.00985738878493475
"SCGB1D2",16.9518423912202,-2.76078336914877,0.909328376897407,-3.03606864064713,0.00239684792872152,0.00989315807678576
"EMX1",1.65582443918333,-2.41615385571155,0.796268796865446,-3.03434451434348,0.00241058977830807,0.00994328337853146
"SLC25A21-AS1",1.71657927303175,-2.04903351441487,0.675275781283196,-3.0343654714244,0.00241042231146234,0.00994328337853146
"AGBL3",3.70520309709037,-1.28571628072495,0.424357915364659,-3.0297921499122,0.00244722091357874,0.0100806970843117
"AWAT2",3.3158122537952,-4.89327967143422,1.61537622515831,-3.0291888633898,0.00245211337067921,0.0100967147148677
"TSNAXIP1",2.19983884706142,-1.21654361005578,0.401937380705668,-3.02669935281942,0.00247239731002945,0.0101712616529175
"CXCR1",1.25195208046056,-3.77584719251875,1.24963134656317,-3.02156888341779,0.0025146841714788,0.0103179425928215
"AAED1",16.8843451118621,-1.07644190695871,0.356305617680725,-3.02111966116482,0.0025184181185515,0.0103299050627006
"AC087477.1",2.0066290693529,-1.65080088977383,0.546488399482453,-3.02074278491036,0.00252155463528722,0.0103370451221294
"BSN",1.36412109478024,-1.58086001857259,0.523742489613258,-3.01839176680115,0.00254120156350857,0.0103993187174795
"RGS17",1.13345211312857,-2.24025105220021,0.74305474325266,-3.01492059978475,0.00257046537301842,0.0105008664831954
"KRT78",3.65120668211836,-3.70361183874361,1.22843007912221,-3.01491464731153,0.00257051581917635,0.0105008664831954
"AJAP1",1.84342311182343,-1.69790688549837,0.564059897038903,-3.01015352165919,0.00261115671599358,0.0106459237237135
"RP11-322L20.1",4.1281986340802,-1.2757500583583,0.424191304485886,-3.00748752948741,0.00263416932121897,0.0107303746580486
"USP51",1.69421011103394,-1.41687940069831,0.471151870997249,-3.00726684518798,0.00263608253236965,0.0107358256537541
"CNTN2",3.02373559747847,-1.48070489226409,0.492499657286906,-3.00650948758226,0.00264265806877592,0.0107555664892037
"THEG",4.36618189247273,-1.8749945732406,0.623850678545851,-3.00551820767602,0.0026512872212474,0.0107819881729902
"GLIS1",1.84041297465597,-1.32885209019616,0.442422742436313,-3.00357997619765,0.00266823409721509,0.0108431132696797
"SOGA2",16.4473506224063,-1.02573727078512,0.341526057153941,-3.00339388254282,0.00266986640014653,0.0108450252011174
"HOXA6",4.97147668911946,-1.16230480543102,0.387419186290921,-3.00012195203524,0.00269871531510665,0.0109432163672583
"PPIAL4D",2.01778458506293,-2.33972865543717,0.779878245163802,-3.00012042898535,0.0026987288100518,0.0109432163672583
"FAM107A",7.62770554123051,-1.16668075613354,0.388925121081249,-2.99975674723724,0.00270195296889379,0.0109535903894772
"SCN4A",1.62334987249869,-1.3762577279959,0.45889380618979,-2.99907671324443,0.00270799114034925,0.0109712427515582
"GLYAT",1.82795368310374,-4.16192222918212,1.38783805084977,-2.99885294731167,0.00270998070172429,0.0109769211804059
"KLHL33",0.848361550018818,-2.63222045612987,0.877889618530589,-2.99835013487878,0.00271445621182467,0.0109837971895051
"CH17-132F21.1",205.903641465928,1.36757272322478,0.456431878981925,2.99622525550836,0.00273344433520244,0.0110503837795354
"KRT31",1.57004060329208,-3.63173574926295,1.2122701266928,-2.99581394385317,0.00273713384349459,0.0110605090312122
"PDZK1IP1",26.6040819792006,1.19095309686168,0.397560923000294,2.99564929036248,0.00273861207715864,0.0110640876149047
"SLC45A1",2.03391473024567,-1.24755404674521,0.416544079480053,-2.99501087208455,0.00274435059701052,0.0110800781348593
"CBLN4",0.721462364729495,-2.34498865049869,0.783067764260496,-2.9946177808931,0.00274788941899093,0.0110919670406793
"GSC",2.63094462997023,-1.40521858742216,0.469277131045741,-2.99443227563798,0.00274956088618069,0.0110963147825567
"PHF21B",3.3879152452932,-1.5911517545353,0.531478562891428,-2.99382113528508,0.00275507404666892,0.0111161610929894
"LYSMD3",2.87871018021633,-1.06827545116528,0.3568505116019,-2.9936217447743,0.00275687495271619,0.0111186214068392
"CILP2",3.62512486983829,1.11492649764215,0.372474811458968,2.99329367608786,0.00275984042749479,0.0111281773090497
"XPNPEP2",0.979082908296039,-1.80958299302934,0.604715786200743,-2.99245204825631,0.00276746139102233,0.0111564968060885
"SULT2B1",9.09576144256951,-1.39568844448964,0.466420052326697,-2.99234228358615,0.00276845672888797,0.0111580998859261
"CD8B",4.55616392679849,1.37265951762715,0.458857508874226,2.99147227860533,0.00277635744375989,0.0111827005647364
"C15orf65",1.37237282599458,-2.37633057243223,0.794874663211637,-2.98956638375015,0.00279373733447791,0.0112333151620435
"HMMR",1.52469773467026,1.81965999455592,0.608878138994188,2.98854545436931,0.00280308802316932,0.0112667676204497
"CCL28",23.9954419535963,-1.26913551159802,0.424701807816184,-2.98829787922003,0.00280535986483195,0.0112727643815212
"SLC16A9",1.12408235163573,-1.8465421076822,0.618063696267172,-2.98762428344277,0.00281154954415351,0.0112927750515925
"POC1A",3.61345532641066,1.03132011788536,0.345231961078384,2.98732514412592,0.00281430233569183,0.0113014003667522
"KCNC1",1.60971969566487,-2.83986091286361,0.950745882734271,-2.98698207842499,0.00281746238399808,0.0113116570423355
"RP1L1",5.12906474423788,-1.01939354984821,0.341294784643741,-2.98684186139058,0.00281875488430362,0.0113144130154944
"CLEC4M",1.30370075442613,-2.45360370306988,0.821980952590983,-2.98498851504506,0.00283588971276307,0.011365090231601
"PNCK",5.65038531638928,-1.62876534221841,0.545633299567468,-2.98509153218756,0.00283493479295631,0.011365090231601
"GALNTL6",1.10874049127943,-3.40734872136276,1.14150962062744,-2.98494963142745,0.00283625022170599,0.011365090231601
"RNF103-CHMP3",2.11201118658022,1.59877193006073,0.535606220277883,2.98497640529876,0.00283600198362817,0.011365090231601
"BCHE",0.938879198139158,-3.17897030624699,1.06514867410293,-2.98453200340724,0.00284012489351115,0.0113765122098554
"FAM153A",9.15697548567209,-1.34759629102943,0.45172659084905,-2.98321223131126,0.00285240127436682,0.0114200041585147
"AP000679.2",1.16110093464064,-2.25433150588231,0.756144980567722,-2.98134823852131,0.00286982248067634,0.0114749873402756
"SLC26A3",0.970896290759618,-2.50486750894458,0.84029408204493,-2.98094150901166,0.00287363673311199,0.0114853188119177
"ANO2",4.91063662810428,-1.33228110538081,0.447027421488414,-2.98031181385893,0.00287955105559041,0.011506493719353
"SCT",2.48785390561743,1.39084650465498,0.466754864786848,2.97982219272667,0.00288415742936027,0.0115199689877464
"RGS18",1.2236581888894,-2.70709784869911,0.908473157628966,-2.97983250904672,0.00288406030370864,0.0115199689877464
"GNAI1",7.90459119314382,-1.0812558093137,0.362880300755304,-2.9796486804689,0.00288579145268024,0.0115240300813021
"IL7",4.50048325731298,-1.05409830100502,0.354045038110933,-2.97730002552595,0.00290799281825453,0.0116077224554188
"TRPC1",3.70865942519472,-1.04644067303259,0.351564986097368,-2.97652131018181,0.00291538820099157,0.0116304772099151
"GLB1L3",2.96956256254559,-1.34416192917085,0.451590988230055,-2.97650299541869,0.00291556234090754,0.0116304772099151
"FLRT3",2.49451867300085,-1.43921525596713,0.4835831307455,-2.976148596723,0.00291893389436483,0.0116414391954491
"CYP2C18",0.92760812585136,-3.33564154877646,1.12222614559007,-2.97234346382349,0.0029553586940925,0.0117542806545549
"VWA3B",2.00419733710891,-2.41987241273525,0.814093280210336,-2.97247560145691,0.0029540868810245,0.0117542806545549
"TMEM217",2.93781771372527,-1.85278760848037,0.623401812466432,-2.97206002842691,0.00295808842021547,0.01176241804409
"OR2L8",1.22134399709481,-3.05762260867154,1.02898103805164,-2.97150530048747,0.00296343758503237,0.0117811789341928
"NPY1R",5.58340854442699,-1.29311607591109,0.435199903478613,-2.97131517166027,0.00296527300100511,0.0117842414584558
"FAM124B",1.56841077975894,-1.72362245813658,0.58058673725594,-2.96875961425339,0.0029900440442493,0.0118736200347328
"DUOXA1",10.9688894597701,-1.69485302608292,0.57090514738394,-2.96871211242226,0.00299050626189477,0.0118736200347328
"GALNT15",11.4812594777693,-1.00288082478398,0.337872822039161,-2.96821987258785,0.00299529985193863,0.0118875962873814
"DHRS9",1.62031859627965,-1.69653178667304,0.571663810101723,-2.967708916839,0.00300028311743066,0.0119023131150261
"SNAP25",1.75007573477719,-2.33821025735184,0.787975464279148,-2.96736429412922,0.00300364843440921,0.0119110975378901
"SCN11A",6.06225275000221,-1.26846275039221,0.427515928654966,-2.96705377594467,0.00300668366201364,0.0119175747953572
"ADAL",2.52880469131683,-1.15998226310331,0.390963982600779,-2.96697986189636,0.00300740656312337,0.0119179098125558
"SLC4A4",0.912890609622299,-2.75089402614595,0.927234755388886,-2.96677190987326,0.00300944124563998,0.0119234419810808
"RAB44",0.930097327860005,-2.25487546321258,0.76022938353113,-2.96604618561188,0.00301655185280903,0.0119414772137599
"SERAC1",9.88830938022827,-1.14809725009469,0.387233504527899,-2.96487064437879,0.00302810226628397,0.0119795806758329
"PRPH",2.60265634286794,-1.66457354896449,0.561597142039734,-2.96399932328488,0.00303668954651655,0.0120008376680604
"H2AFB1",2.30368049441015,-3.00806567111829,1.01512721099981,-2.96324011269054,0.00304419002727536,0.012025387985443
"C9orf66",3.76548221065655,-1.12270743029472,0.378935889789349,-2.96278990865403,0.00304864571148166,0.0120404414613182
"NPW",3.90530338552391,1.92414858127078,0.649763448242686,2.96130628227046,0.00306337134172221,0.0120909259151399
"COL20A1",1.65423607454224,-2.88779471966368,0.975257920176155,-2.96105743918703,0.00306584755916715,0.0120981416364598
"DHDH",0.704775148388996,2.11113108051395,0.713725275602767,2.95790432632643,0.00309738242442219,0.0122045235292397
"ANXA9",2.66209686107053,-1.13234482525698,0.382832140682125,-2.95781023829238,0.00309832794434055,0.0122056730096843
"DRD5",4.77180750868154,-5.13470482942669,1.73663400519438,-2.95669946233258,0.00310951038817462,0.0122393947790074
"ZNF711",2.8453738391312,-1.27088032335005,0.429981564349086,-2.95566235560338,0.00311998439172644,0.0122780330120449
"LCN15",1.17594455010417,-3.34726402054028,1.13344422491339,-2.95317929807799,0.00314519223972947,0.0123614314173256
"RGPD1",1.28063984650371,-2.63910624268085,0.893667573861522,-2.95311849715808,0.00314581180907997,0.0123614314173256
"PDE11A",1.80527703141919,-1.70789713952709,0.578372106955615,-2.95293828832268,0.00314764881437508,0.0123656041130275
"CYTL1",1.38931321709436,-1.74281714702408,0.59043113247037,-2.95177041178725,0.00315957758800376,0.0123920491576559
"WDR74",4065.46093394731,1.18213339866436,0.401050104040147,2.94759529234788,0.0032025603014362,0.0125448170934772
"CCDC30",20.3702848801007,-1.04622817913377,0.355124841038567,-2.94608559647381,0.00321823328716754,0.012587722027683
"C1QTNF9",1.07311600929083,-2.1304131447855,0.723326118956963,-2.94530100455595,0.00322640614028478,0.0126170457128145
"VCX",1.45218054585148,-3.83184093578047,1.30126814229218,-2.94469741573069,0.00323270640596011,0.0126337441684884
"GFRAL",2.061643047495,-1.85265603190688,0.629304698018103,-2.94397298755521,0.00324028279378196,0.01266070311367
"LY6G6C",6.65888877949347,-2.51367006711821,0.8541944146415,-2.94273765319945,0.00325323978894659,0.0127006971183279
"C9orf84",1.14932759781325,-1.89617572706556,0.64455045426327,-2.94185771575153,0.00326249791710392,0.0127341780502641
"GPC2",11.4280314094297,1.03495939984306,0.35196220447771,2.94054130436783,0.00327639316057746,0.0127750592971639
"DPPA4",13.4795328434482,-1.11015116115593,0.377844275702613,-2.93811824750175,0.00330211051260516,0.0128672722103581
"BEST2",1.26264072287804,-2.08218191741383,0.70871180302908,-2.93798114905728,0.00330357110175135,0.0128702773160676
"RAB40A",1.72843948650822,-1.33192966443725,0.453427141805178,-2.93747228967059,0.0033089974224426,0.0128876351540255
"ASB5",1.14709727108917,-3.4697429419927,1.18128721874363,-2.93725597546291,0.00331130658898307,0.0128898252479358
"C3orf80",1.34041834592214,1.57833253484476,0.53736191083685,2.93718721594312,0.00331204090815514,0.0128898252479358
"BVES",3.26002804857809,-1.24726681402708,0.424914790898982,-2.93533395575208,0.00333188880911789,0.0129589650369629
"OR2T33",1.23689200257977,-3.57889043852739,1.21965590391726,-2.93434437289467,0.0033425312726912,0.0129949430091362
"ALAS2",1.14220420870126,-2.60778537203073,0.888923791360654,-2.93364335320472,0.00335008910777004,0.0130161942878166
"TMEM41B",24.2847970277619,-1.05274208877015,0.35912754206146,-2.93138778141942,0.00337451259511035,0.0130947361542538
"GRM7",2.90258875522598,-1.49112512333341,0.508694137021769,-2.93128034080251,0.00337568000468582,0.0130965440580797
"ERN2",2.44119051439193,-1.5960012696622,0.544573403213584,-2.93073672023649,0.00338159242190302,0.0131140317666198
"SIX2",3.27685465229409,1.45947262105706,0.498000148551743,2.93066703956098,0.00338235095027268,0.0131142491984716
"FAM131B",2.27923683633256,-1.43536663382069,0.489839720347649,-2.93027815874545,0.0033865870661293,0.0131279472461727
"CCNO",5.30960913865112,1.70670355171874,0.582650119094653,2.92920827746623,0.00339826632256813,0.0131677530045713
"S1PR5",2.01853258075633,-1.34691185286691,0.459915414580046,-2.92860776170503,0.00340483785173684,0.0131877422933766
"TDGF1",4.37595061316885,-1.47229534266836,0.502844482144075,-2.92793377465464,0.0034122271652934,0.0132083198913827
"NRIP3",9.25889070279151,-1.1900329647859,0.406510314418765,-2.92743608852196,0.00341769295612085,0.0132217903150485
"CLDN1",17.3094507661059,-1.63802975555213,0.559778753203655,-2.92620923208957,0.00343120084816217,0.0132650835854917
"LOXHD1",1.78642841433726,-1.86655014765212,0.63800660702811,-2.92559689365393,0.00343796096063494,0.0132857158298683
"TMEM252",0.877076308553517,-3.06107174595731,1.04650352827726,-2.92504675163055,0.00344404477175688,0.0132982154796131
"CHRDL2",6.21070968316946,-1.85061264804994,0.632707980025184,-2.92490802467242,0.00344558044666524,0.0133013939947877
"NYAP2",1.16870496123755,-2.24009195159578,0.766140823456297,-2.92386449463694,0.00345715207190713,0.0133405481666875
"TRPM3",14.4629938957844,-1.19093986545263,0.407399771986885,-2.92327081982503,0.00346375106152921,0.01335772951202
"CNKSR2",1.26073487205791,-1.60176778787178,0.547982110661717,-2.92302934111764,0.00346643849535514,0.0133603627847853
"LRRC56",4.68900139531152,1.04021795405845,0.355894899044015,2.92282344268667,0.00346873145248617,0.013365892154069
"LCE2C",2.91763880403304,-5.00538690710198,1.71284103262343,-2.92227171802139,0.00347488245876093,0.0133840686244291
"GOLGA6L18",2.21765420237617,-1.47652479658539,0.505383617391275,-2.92159212482396,0.00348247267511213,0.0134022433254315
"WDR17",2.19109723286089,-1.29956358882445,0.444829263675679,-2.92148852367759,0.00348363109639221,0.0134039383632618
"CCR9",1.04885521513564,-3.32701457078584,1.1392513124433,-2.92035175597081,0.00349636497426014,0.0134501623128915
"RAET1E",4.20325669459221,-1.27756828670102,0.437597839055545,-2.91950318918018,0.00350589806944571,0.0134812793117368
"PGA4",1.20092236694702,-3.36597999012106,1.15330129579021,-2.91856083263548,0.0035165125449784,0.0135165272189009
"SLC22A8",1.33970290285347,-3.53795117712695,1.21334632591532,-2.91586260374423,0.00354706666969379,0.0136199480988304
"CBWD7",7.72332141974337,-1.15141723490449,0.394959648197346,-2.91527815603372,0.00355371656260368,0.0136398714036283
"AKR7L",1.45505593256542,-1.45549389921891,0.499314587455914,-2.91498373126826,0.00355707084538083,0.0136471343223212
"TTC18",1.93703840107586,-1.1223538637385,0.385098167774522,-2.91446170784081,0.00356302516494635,0.0136643625317139
"TRAPPC3L",1.74043800781001,-1.67467375032979,0.574662900355529,-2.91418455810129,0.00356619008230949,0.0136736912398102
"RNF183",1.99450617074082,-1.99171674669385,0.683640473321559,-2.91339794002661,0.003575186819317,0.0137053722237842
"FAM166B",3.65078781886863,-1.16293829973256,0.399349396684523,-2.91208227528952,0.00359028054349591,0.0137547604076596
"CCDC102B",5.55599568627341,-1.1101680818025,0.381270134604548,-2.91176250391068,0.00359395780742088,0.0137631996526647
"CCL18",4.51077226946666,1.3933890312283,0.478566588620267,2.91158861558956,0.00359595890262888,0.0137680387106601
"LCE1A",1.74764813791752,-4.26262673539651,1.4645937336135,-2.9104499340439,0.003609087840282,0.01380980956963
"ALKBH8",2.36696724035971,-1.04582025494957,0.359680607195183,-2.90763592484164,0.00364172042220456,0.0139232599963418
"CPN2",1.40200460134788,-2.25398532985463,0.775608860924163,-2.90608506866326,0.00365981935275124,0.013989592034503
"IGFL2",3.8315652170779,-2.30550567917982,0.793598017212792,-2.90513034203012,0.00367100191824171,0.0140221421557392
"TTC23L",0.827091322612015,-2.0544362201494,0.707194739702101,-2.90505020019636,0.00367194201910753,0.0140221421557392
"IRGM",1.24938580871927,-2.36749980526217,0.814963577007735,-2.90503756493611,0.0036720902565434,0.0140221421557392
"TSHR",3.22543091483154,-1.34992841544245,0.464708884236503,-2.90489048355579,0.00367381622221624,0.0140258640189274
"GATA5",0.998235753775411,-2.92883623242654,1.00827930330251,-2.90478662294611,0.00367503544653118,0.0140276501229382
"C12orf39",1.15886008889342,-2.60188625363839,0.89577081463508,-2.90463387635413,0.00367682921397281,0.0140283122514525
"GPR115",1.24291392951463,-3.09754516083073,1.0666264332018,-2.90405812607936,0.00368359764914411,0.0140431048625427
"OR1Q1",1.04949087114558,-3.15783356791855,1.08763098023949,-2.90340531420246,0.00369128571182959,0.0140689091399667
"CYP2C8",1.36768183551879,-2.38716215817495,0.823153769847607,-2.90001971152594,0.00373139194048077,0.0141708629193202
"ST6GALNAC5",10.9473663392463,1.32128434882926,0.455853021057122,2.89848764359443,0.0037496708355471,0.0142339578749144
"C1orf53",1.58413398106894,1.38493722534077,0.477832180498647,2.89837579355894,0.00375100848568054,0.0142361409675076
"OPCML",1.1962830568877,-2.66140791793596,0.919182666707395,-2.89540698963504,0.00378667227702735,0.0143510728257864
"FAM167A",2.6468221494572,-1.39196604539006,0.480909891775527,-2.8944425331966,0.0037983242895369,0.0143893904548223
"IGFBP5",128.527220517266,-1.05005336196489,0.362960294458675,-2.89302543004312,0.00381550403533882,0.0144427503722101
"CD300E",2.44626294750832,-1.59193450426411,0.550787857368538,-2.89028612916375,0.00384891327133154,0.0145603570136755
"ANXA8",8.03205456142105,-1.36656738509757,0.472896195778981,-2.88978299528607,0.00385507843776392,0.0145777717955468
"DUX4",2.93445581720246,-4.714948118003,1.63158636800117,-2.88979376787708,0.00385494634155394,0.0145777717955468
"ZNF559-ZNF177",2.86377447602662,-1.00750082393665,0.348948113289228,-2.88725109999828,0.00388623948000395,0.014683708733494
"MMP15",10.6581388029618,1.0380155484818,0.359531325425892,2.88713520929559,0.00388767125370222,0.0146861462232632
"BMP5",0.72113452483373,-2.3690254996643,0.820580516329509,-2.88701163690926,0.00388919845872959,0.0146889431571966
"KPRP",1.24627552010862,-3.77052264061549,1.30625265203144,-2.88651864916921,0.00389529661534771,0.0147060247749093
"KCNJ9",1.653254607381,-1.49315400099916,0.517386919246963,-2.88595236070597,0.00390231220419413,0.0147265547887811
"AC017028.1",4.77288231628551,-1.36489011458501,0.472999958688804,-2.88560303127425,0.00390664566999028,0.0147399288627827
"MAGEA8",1.26872281210728,-2.80413422619137,0.971951153364028,-2.88505674023427,0.00391343122668383,0.0147565840377622
"CD74",783.398573783332,1.03067583067105,0.357723535695611,2.88120777031583,0.00396154402400324,0.0149119344197947
"AGBL4",2.7088555133643,-1.44944514774518,0.503072412431212,-2.88118591266097,0.00396181877562707,0.0149119344197947
"APOBEC3A",20.2382969262027,-1.07357231120106,0.372727918277692,-2.88031096828444,0.00397283108197303,0.0149452798036154
"CD40LG",1.09485844907037,-1.83365635102477,0.637275628488637,-2.87733638170578,0.0040104782902226,0.0150738109925842
"SPAG17",2.01225418090158,-1.79250391890812,0.623165789194067,-2.87644788913452,0.0040217859572523,0.0151071875323829
"SLC30A8",1.59823742690925,-2.35832633003147,0.820102450328593,-2.87564843768794,0.00403198514538784,0.015136362493313
"FAM186A",1.57564829406923,-1.76125633208917,0.612565368163239,-2.87521368922675,0.00403754140093112,0.0151480828806236
"SAMD15",0.918766949061994,-2.4173018817227,0.841099042915003,-2.87398006463666,0.00405334546998123,0.0152012668901325
"C1orf228",6.03877538477376,1.05913660137952,0.368601805865742,2.87338961590788,0.00406092961037988,0.0152174819141273
"SALL1",1.71861936055858,-2.30170933475751,0.801211437986444,-2.87278641520898,0.00406869084451913,0.0152435057949684
"MEGF11",6.13128758362002,-1.22822970577819,0.427577093892148,-2.87253392036945,0.0040719436285607,0.0152495718358274
"TESPA1",4.82718529939089,-1.15453140212097,0.401966116670252,-2.87221075170392,0.0040761103172112,0.0152621146233486
"KCNK3",1.51643262456976,-1.37582811505837,0.47930219004454,-2.87048159519263,0.00409847055155863,0.0153302745531444
"SERPINA6",1.93752107270275,-3.16699828723895,1.1034317476537,-2.8701351886722,0.00410296339844419,0.0153411223083426
"C1orf61",20.6747645893564,-1.0579123565629,0.368710419845855,-2.86922283618991,0.00411481788597217,0.0153823658616769
"P2RY12",0.921885784773033,-2.40723269767395,0.839402736338115,-2.86779229261924,0.00413346798042471,0.0154458994648817
"ANLN",12.2062971157487,1.28667146277013,0.448737414918258,2.86731487055634,0.00413970921412907,0.0154596157632501
"CDK15",1.75618159056354,-1.43323190305226,0.499982884257574,-2.8665619327759,0.00414956958236041,0.0154874679194495
"THRSP",14.0137433492743,-1.89714732584183,0.662188237725538,-2.86496681420692,0.00417052946038927,0.0155594753189463
"OR2L2",1.32358133173268,-3.51357821733822,1.22653408631256,-2.86463968392546,0.00417483980715665,0.0155662241581401
"NLRP10",0.790608897227064,-2.90655340732297,1.01465382658031,-2.86457640150921,0.00417567409778314,0.0155662259847271
"HSPA1A",266.546497317837,-1.2923464754644,0.45128956534446,-2.86367462203115,0.00418757925191801,0.0155981478559572
"ERC2",3.00432188504408,-2.12487248549585,0.74243825167948,-2.86201913854674,0.00420951487016929,0.015664228246201
"IGSF11",1.45943385260043,-2.01883006698466,0.705470772852408,-2.86167782518046,0.0042140503066845,0.0156777021880759
"CALML5",146.125839627247,1.70111394355661,0.59493700578842,2.85931775466256,0.00424553285243898,0.0157825274436844
"LCE2D",1.06183625571951,-3.53258610582363,1.2358369229751,-2.85845651651144,0.00425707450099283,0.0158193251544562
"TRDMT1",6.11232979662375,-1.02027607872284,0.356977645461466,-2.85809515440085,0.00426192566580025,0.0158219008795266
"CAPN8",12.907078719075,-1.10055059647464,0.385117720477652,-2.85769918639334,0.0042672471592882,0.0158317244071446
"AL136376.1",3.94020646259969,3.00219188950867,1.05070404196653,2.85731449542126,0.00427242286842313,0.0158477771767517
"AVPR2",4.46834792630721,-1.10851107179081,0.388037473168997,-2.8567113962935,0.00428054854376466,0.015868653129475
"BEX5",1.26424455401713,-1.57069885650963,0.549912177455222,-2.85627218472996,0.00428647494555878,0.0158809685966733
"MYO18B",2.12208579738237,-2.98688766635633,1.04594106974166,-2.85569402786151,0.00429428751751844,0.0159066734878529
"RP11-3B7.1",1.74577458417929,-1.18619176098079,0.415456732682597,-2.85515113287867,0.00430163535153682,0.0159265363634346
"CAV3",1.44934729582424,-2.48947796171069,0.872340871169614,-2.85379035189863,0.0043201030218598,0.0159770212589344
"CC2D2B",0.850697395207332,-2.08150204310782,0.729509383767618,-2.85329029265904,0.00432690755553466,0.0159990170636317
"CCDC144NL",3.00770700512617,-2.12731112507297,0.745736806535407,-2.85262991772683,0.00433590846702581,0.0160259503407058
"TEC",1.8195617596908,-1.25552625971276,0.440253494006417,-2.85182577039232,0.00434689191606231,0.0160570093353714
"SH3BGR",3.28944779437022,-1.22015581896991,0.427846960229867,-2.85185108786179,0.0043465457331222,0.0160570093353714
"SSTR1",0.62327935835575,-2.73294181693759,0.958415623156006,-2.85152052085522,0.00435106776805189,0.0160692550270545
"CDSN",8.73039127801647,-3.15717917555288,1.10758057713939,-2.85051872587646,0.00436479801420471,0.0161104021603772
"C6orf15",6.68004992579165,2.87270019014478,1.00795632715428,2.85002446311853,0.0043715866629359,0.0161290813063933
"PDE8B",2.99567370041172,-1.07711796876448,0.37827409804446,-2.84745367005775,0.00440705084340479,0.0162406696003798
"ASIC1",5.55273242694324,-1.17955486227472,0.414305210559319,-2.84706740878856,0.00441240180566014,0.0162553757886895
"OR2T12",1.32095227696799,-3.68589258526549,1.29464029212495,-2.84703991346945,0.00441278292876311,0.0162553757886895
"ZNF491",2.53893673926903,-1.18241224939546,0.415456645123674,-2.84605448793214,0.00442646199999225,0.0162961189268103
"GATA2",11.6556242350896,-1.07738127763628,0.3787817589362,-2.84433252715781,0.00445045747765441,0.016365095656949
"AHRR",4.03076374010382,-1.09259540871513,0.384161724272436,-2.84410272987086,0.00445366859597517,0.0163736784202955
"L1TD1",8.61475476529114,-1.18096694103283,0.415264617481854,-2.84389011564278,0.00445664147312795,0.01638138209526
"SYT5",2.27025469101736,-2.18215211305103,0.767447852601179,-2.84338812813779,0.00446366764645494,0.0164007501066064
"C19orf77",0.817006455955648,-2.94700894699508,1.03658930390472,-2.84298606583535,0.0044693024332934,0.0164182225751977
"SPOCK3",1.26549302111922,-3.45720303772972,1.21697538815559,-2.84081590423069,0.00449982805379885,0.0165152387662069
"TXLNB",2.0409145316356,-1.62797177342802,0.573123403264999,-2.84052572998015,0.00450392394748985,0.0165258954747814
"NXPH4",5.14105801160634,1.36643587752908,0.481189478209717,2.83970439797011,0.00451553560420155,0.0165554858984365
"RUNDC3A",7.91688925055629,-1.24626675572227,0.439097056660726,-2.83824894022283,0.00453617890271874,0.0166071024836531
"STK32A",3.07539833275031,-1.75418821768915,0.618044806594927,-2.83828647853822,0.00453564541060594,0.0166071024836531
"PYGO1",1.85108151810147,-1.25037081951152,0.440635986089978,-2.83765025777125,0.00454469502508655,0.0166303936435284
"RHCG",2.42608088679833,-1.98165261998456,0.698419588367211,-2.83733826053953,0.00454913885303555,0.0166386247854527
"ARHGAP36",1.20313888831388,-2.70105313196005,0.952757489788436,-2.83498493678579,0.00458278464304328,0.0167363080009732
"GCSAML",0.963415043051442,-3.20970560036953,1.13238624040709,-2.83446185218186,0.00459029380285455,0.0167538993168116
"CYP19A1",1.74752382551511,-2.6525380175342,0.93583933065601,-2.83439467720897,0.00459125894258058,0.016754146442345
"HHIP",2.13455394311192,-1.53311552448926,0.54102922009175,-2.83370189179295,0.00460122329787709,0.0167839464142375
"CNTN3",1.55828050954561,-1.66270437131041,0.586825667558926,-2.83338726171763,0.00460575509613327,0.0167939144315844
"IGSF5",1.6551026755333,-1.71807791735532,0.606435427256771,-2.83307643342523,0.00461023610390355,0.0168069708697081
"FAM169A",1.49080273634127,-1.61469190408083,0.570229096390315,-2.83165470563008,0.00463078259233616,0.0168719906745363
"C1orf145",5.07103916157609,-1.01889998291309,0.359874793289784,-2.83126243324477,0.00463646620086912,0.0168879007324253
"KIAA1407",3.5325262678397,-1.00505490099984,0.354988977637294,-2.83122847275202,0.00463695854916773,0.0168879007324253
"PNPLA5",2.3775268881117,-4.71095974430672,1.66443698600727,-2.83036232907056,0.00464953163361825,0.0169220596117312
"DMRT2",1.16931682671399,-1.90835205679208,0.674454483170489,-2.82947493776193,0.00466244515828751,0.0169641763126232
"FAM135B",2.5610363420753,-2.34460354820801,0.828674990827578,-2.82934030127602,0.00466440725443266,0.0169680083852306
"RP11-347C12.3",25.5982817313158,-1.0731807746735,0.379337086516276,-2.82909531606647,0.00466797941209336,0.0169776948459714
"SPAG8",1.73734376838952,-1.2248266085743,0.433199346934998,-2.82739717231864,0.00469280840650683,0.0170513896732339
"ISL1",1.09403933231944,-3.57749065722531,1.26620161781016,-2.82537204731456,0.00472257454836414,0.0171361990754927
"14-Sep",1.80780627976872,-1.64301672881846,0.581551230139589,-2.8252312843085,0.00472464988125433,0.0171403981020476
"C3orf55",1.49526239825613,-1.75623804706981,0.621698063857975,-2.82490512544207,0.00472946176231321,0.0171545213989946
"MROH8",1.75392374916827,-1.21545157490647,0.430733232886138,-2.82181982282237,0.00477519972322709,0.0172935409569208
"CPNE7",10.0566025181517,1.08179887268047,0.383493091577226,2.82090837212023,0.00478878788167843,0.0173319825092914
"IL12RB2",3.51086298571175,1.2016141216813,0.426013016182966,2.82060424455487,0.00479332967906998,0.0173423782516584
"CTD-2132N18.3",1.21616432317088,-2.41973620072591,0.858574686671139,-2.81831765866251,0.00482760224612525,0.0174596099056397
"ELANE",0.665303246229734,-2.28331401017189,0.81044880206688,-2.81734516029732,0.00484224565589481,0.0175023977056922
"BPIFC",1.0015419333256,-3.46336786646759,1.22951970338605,-2.81684616922332,0.00484977481177724,0.0175228267778342
"HES2",13.0100630567765,-1.02812081308025,0.36513378623659,-2.81573727722384,0.00486654455165343,0.0175664192256028
"RNF186",0.931030631406995,-3.33815974527805,1.18581601331347,-2.81507393035651,0.00487660138611467,0.0175959163659402
"SPNS3",2.73877896993327,-1.53503914661263,0.545528418270633,-2.81385734491857,0.00489509460381005,0.0176489998374913
"MDM1",6.86412992659985,-1.00116740617946,0.355911633952277,-2.81296622721161,0.0049086806392931,0.0176809104485747
"KRCC1",3.55789986122814,-1.14041509898186,0.405437806072025,-2.8127991072921,0.00491123235469882,0.0176866892032933
"ACPP",3.24909888475168,-1.26665241906408,0.450432340256167,-2.81208142901933,0.00492220406363929,0.0177193651492638
"HIST1H4F",43.34101439864,1.22109723917187,0.434259953137961,2.81190386161152,0.0049249220944105,0.0177257317487082
"KIAA1045",2.03161732018068,-2.0377705374296,0.724828750600505,-2.81138204816151,0.0049329173700434,0.017744878502667
"ZNF182",1.96164474779075,-1.09965196474153,0.391213601404694,-2.81087355039066,0.0049407199137869,0.0177620450742322
"ITPRIPL1",2.82043755458891,-1.0406921321339,0.370231515138935,-2.81092259729259,0.00493996683717969,0.0177620450742322
"KCNK4",1.0938503826467,-2.8838005763226,1.02624361666911,-2.81005458107752,0.00495330989457658,0.0177970251004331
"SYT9",0.854156407064089,-2.06485142053679,0.734970885627521,-2.80943294614155,0.00496288562436784,0.0178245693961761
"ACTL7A",1.13236411650675,-3.62839402616054,1.29154097423463,-2.80935262492212,0.00496412412140229,0.0178255882328254
"FADS1",32.6643310607052,-1.0912407958808,0.388706502182831,-2.80736439898175,0.00499487040255216,0.0179290973938178
"HOXA2",1.13253928190426,-1.87734522920008,0.669202483663727,-2.80534707361225,0.005026242578772,0.0180139993670751
"SFTPA1",1.96225538553078,-4.10883417789289,1.46502744383686,-2.80461242905593,0.00503771148863886,0.0180481742048357
"RP11-93B14.6",0.829381074230549,-2.41828777785781,0.862309322205172,-2.8044319081157,0.00504053331167561,0.0180548189554244
"VNN3",2.66432005731441,-1.79928064857511,0.641639586243354,-2.80419208407865,0.00504428434461879,0.018064788879664
"TAT",10.4333659064659,-1.76308690388039,0.628914007501535,-2.80338310619689,0.00505695600420924,0.0181032237090283
"DEFB124",1.01850873612807,-2.77174360345026,0.989022550262206,-2.80250799409521,0.00507069597254086,0.0181419745326496
"EPHX3",3.00326627158547,-1.92165610704503,0.685986182619647,-2.80130439319725,0.0050896486079331,0.0181958349026241
"RCVRN",0.870945311853602,-2.6650076167216,0.951687873133063,-2.80029586585789,0.00510557877673915,0.0182457982739171
"CD164L2",2.85358608807231,-1.17513104084911,0.419976869220264,-2.79808514938186,0.00514065586739795,0.0183606092191414
"TNFRSF12A",56.7221704737519,1.12640255484264,0.403070216922296,2.79455664931897,0.00519709343602732,0.0185479903187142
"WNT3A",1.4210795768252,-2.30706934194939,0.825696598780218,-2.79408846464618,0.00520462386682773,0.0185677666672668
"MFGE8",395.717319353165,1.19175381058641,0.426580393548472,2.79373789468594,0.0052102689986098,0.018584354592099
"NPAS3",4.39693541785606,-1.09375721694924,0.391699765798888,-2.79233564186201,0.00523290445157362,0.0186615268780187
"TMEM17",4.52218601035161,-1.27168328005653,0.455505692999257,-2.7918054584196,0.00524148590085263,0.0186849914613362
"ARPP21",2.41410170771791,-4.42423518929283,1.58509391788512,-2.79115018950786,0.005252109525396,0.0187192884172619
"ATP2B2",1.79671808287914,-2.26792758245086,0.81260243517533,-2.79094362049448,0.00525546258018721,0.0187240898682281
"MAPK10",9.38122770933051,-1.05056084213564,0.376468768567046,-2.79056572510487,0.00526160163183895,0.0187404067301543
"PDLIM4",49.9804259576874,-1.01110133266367,0.362357046828897,-2.79034543832429,0.00526518326085699,0.0187429393898396
"KIF19",3.00785205991172,-1.40016929863608,0.501797188088122,-2.79030917644399,0.00526577305156724,0.0187429393898396
"NPAP1",1.72044233180534,-1.40403504692116,0.503209353267059,-2.7901608700346,0.00526818584066042,0.0187443799236305
"C21orf88",3.13419356777707,-1.45420365604401,0.5213132872127,-2.78950046299259,0.00527894209701705,0.0187670584993285
"ZDHHC11B",5.43892027793351,-1.24990222917905,0.448080200448582,-2.789460966871,0.00527958601095255,0.0187670584993285
"CLEC18C",2.95567740402883,-1.83758014104404,0.659521645961375,-2.78623173673917,0.00533247350945315,0.0189226283877553
"ZSWIM5",2.1160888746709,-1.03756806221678,0.372590724629964,-2.78473937655648,0.00535707626725342,0.0189933161430406
"IL1RN",9.81198185849906,-1.16413685725855,0.418068918198941,-2.78455729804956,0.00536008498330323,0.0189989418175979
"ENPP6",1.98070975041424,-1.24180868668039,0.446067671817051,-2.78390200666615,0.00537092583308965,0.0190301412749954
"DEFB108B",1.10411364649246,-3.06530946616481,1.10154679378228,-2.782731957886,0.00539033184750924,0.0190880321056809
"DGAT2L6",2.38717399050414,-4.71769155926169,1.69595404280461,-2.78173313674232,0.00540694800693365,0.0191287307829154
"RARRES1",31.9620633856531,1.28014954012571,0.460332394857556,2.78092429389384,0.00542043760350198,0.0191696942292619
"MAGEA10",2.72163142771282,-1.2688054921606,0.456299581021606,-2.78064137012767,0.00542516327456255,0.0191716981699325
"FAM162B",1.37090985214471,-1.44594291995618,0.520058325187007,-2.78034760704242,0.005430073930284,0.019185096556486
"CD96",7.99932066151228,-1.07685719224685,0.387645159552462,-2.77794566941087,0.00547037642144053,0.0192982723756374
"PCDHB2",7.54514224212617,1.10566714561985,0.398294527631523,2.77600385873928,0.00550315553183546,0.0193992467190023
"C8orf88",1.2921378129201,-1.47403588369547,0.531006669388445,-2.77592725039236,0.00550445236116423,0.0194000941058978
"PCDHA3",1.85469037119506,-1.84172152374989,0.663912269220987,-2.77404351317517,0.00553642724349996,0.0194981249215055
"CTAGE4",4.60989301930945,-1.06025743238792,0.382484391439156,-2.77202797321621,0.00557082490462005,0.019604473165759
"PCSK1",1.05344812997456,-1.58627877050106,0.572613989069399,-2.77024103633768,0.00560148231802849,0.0197049318626859
"FXYD7",2.96433851562292,-1.18313339132179,0.427275074392465,-2.76902038576453,0.00562251171208441,0.0197677346803962
"SLC22A14",1.52145399337265,-3.5738537396766,1.29112694877232,-2.76801111081667,0.00563995328639651,0.0198178595715672
"TRIM54",1.20260892782796,-3.37451853943088,1.21923750508066,-2.76772862167461,0.00564484379832032,0.0198313114171701
"GJB7",1.73193798459109,-2.07678987074656,0.750850865311062,-2.765915265858,0.00567632819800096,0.0199231756210716
"EMILIN3",3.35349979609046,-1.01812079508863,0.368121186161294,-2.76572181488772,0.00567969632450215,0.01993125012822
"AC110619.2",2.88999938279663,-1.03112163656897,0.372993676708068,-2.7644480348014,0.00570191883986301,0.0199979565698671
"GPR152",1.04119573001007,-2.06618166172756,0.747717728669804,-2.76331773676587,0.00572170378541388,0.0200522785751627
"ASTE1",4.63739118566925,-1.06215795557678,0.384515291025536,-2.76232956235346,0.00573905167516636,0.0200987496577684
"MTUS2",1.57112973434006,-2.27564393635371,0.823817043935369,-2.76231713474022,0.00573927014974359,0.0200987496577684
"SLC6A3",1.33370699573376,-3.36508461495331,1.21845322310374,-2.76176758462791,0.00574893861609537,0.0201175135939802
"FA2H",4.30028129185169,-1.33781115715552,0.484591189811834,-2.76070053538322,0.00576775361935464,0.0201606800823314
"TRIM9",4.33209348285263,-1.2780258834387,0.462982561131034,-2.76041905404941,0.00577272615358054,0.0201742838938965
"RAET1G",2.14986306782022,-1.34893563599896,0.488843946076522,-2.75944019932243,0.00579004830968398,0.0202310334818436
"SDC1",83.6330388859146,1.07607308219869,0.39001426899705,2.75906080299547,0.0057967748328923,0.020248402281071
"IFI44L",13.694823676802,1.00887578089939,0.365662222671107,2.75903748965289,0.00579718839746771,0.020248402281071
"GRM2",1.9592765808155,-1.5085529891446,0.546902674000085,-2.7583573108373,0.00580926607394522,0.0202826478952097
"FAM25A",2.53172754548251,-4.34833853633728,1.57680138836036,-2.75769578111478,0.00582103436208736,0.0203126898141699
"HOXC11",2.39363555768269,1.87275085495038,0.679175144661367,2.75739015137859,0.00582647861981112,0.0203231874936844
"TRAM1L1",1.15297107397652,-2.06581346770095,0.749204226363411,-2.75734358537762,0.00582730851431209,0.0203231874936844
"CALY",1.09975414775688,-2.89176542784685,1.04909602544136,-2.75643540507197,0.00584351533142463,0.0203644927613154
"CCDC150",13.9999424610986,-1.09411547953549,0.396960131001919,-2.75623518355347,0.00584709382125795,0.0203731606101278
"SDIM1",1.34478712799032,-1.58090361652324,0.573614089191168,-2.75604042214586,0.00585057661970594,0.0203814918666338
"UNC5C",2.5835119056243,-1.06524936694288,0.386569457074484,-2.75564804059943,0.00585759901714318,0.0204021485169862
"COL6A5",0.932375429694588,-3.17201360313582,1.1515552316413,-2.75454751624443,0.00587733550557491,0.0204594399689685
"DLGAP2",1.34345225017218,-3.21505511911116,1.16791029621584,-2.75282710455443,0.00590830898863484,0.0205469543902096
"ASB14",1.79788261883037,-1.1189810581739,0.406580018833541,-2.75217916852924,0.00592001220806561,0.0205734750395341
"GPR1",1.42635562703305,-2.08714140132848,0.758765865684816,-2.7507054490976,0.00594670881729851,0.02064752143899
"MYZAP",1.20548081522212,-2.33659204889851,0.849641826737963,-2.75009065628208,0.00595787789848371,0.020674279272638
"PRPH2",1.36066200192552,-1.58118029229582,0.575194869286892,-2.7489471424808,0.00597870266546176,0.0207311292833406
"GABRA4",0.858035809144156,-3.20947317280981,1.16790874666497,-2.74805131991231,0.00599506246735187,0.0207762801564864
"S100A6",257.473513322541,1.07203144260504,0.390101905115773,2.74808051062168,0.00599452874205803,0.0207762801564864
"WNK4",13.8975246119628,-1.06316301481219,0.38694849384685,-2.74755692739039,0.0060041084860997,0.0207999074646494
"THAP2",1.84848010214721,-1.52446730912721,0.554929878158634,-2.74713503296253,0.0060118377129661,0.0208189571996594
"EFR3B",2.72012176613016,1.20820480916173,0.439856191245882,2.74681778546648,0.00601765568173653,0.0208352399707603
"MSMO1",17.916284401312,-1.03475234051795,0.376787265277394,-2.74625083137073,0.00602806562801346,0.0208603354823489
"CSNK2A3",0.909321204363322,-2.04608378101337,0.745112942150011,-2.74600488767438,0.00603258648776629,0.0208714523980928
"CDNF",1.66340075027342,-1.27294543274385,0.463624383208319,-2.74563952813474,0.00603930805128442,0.0208908360217582
"RGS6",4.56191947815336,-1.17178311547825,0.426834531178936,-2.74528659207055,0.00604580746446789,0.0209094441560117
"ANKHD1-EIF4EBP3",2.29816804484063,-1.12286539444034,0.409160673373757,-2.74431407393505,0.00606374926461896,0.0209598637102473
"TMEM35",0.885683246830006,-2.51575586768858,0.917099401715364,-2.74316596759637,0.00608499218236369,0.0210099350938686
"VSTM2L",4.91707628221515,1.68244373406375,0.613416061614534,2.74274483396392,0.00609280102474551,0.0210291185673829
"FZD10",2.01781828619635,-1.41476367647859,0.516217522766508,-2.74063474036411,0.00613206337290069,0.0211450851696865
"LILRA5",2.97888683322419,-1.59090363832913,0.580836504857315,-2.73898700413113,0.00616288095025248,0.0212395836182875
"DSCAML1",1.72963578398345,-1.29250113047985,0.472012138501959,-2.73827943192712,0.00617615740983696,0.0212814106098646
"KLK1",3.4091729827305,-1.22927780315107,0.449127646331789,-2.73703436693573,0.00619958160399999,0.0213503023362988
"TMEM133",1.42697914026135,-1.2861972011271,0.470189321083156,-2.73548790551886,0.00622878752416511,0.0214311157922297
"AC104057.1",3.23053930625757,-1.47806856717242,0.540323980159182,-2.73552280011147,0.00622812715366819,0.0214311157922297
"DDO",0.988793088182506,-1.80016648065496,0.658175458853946,-2.73508599635349,0.00623639808940697,0.0214533473246985
"SLC35G3",1.12753588233978,-2.40238263803514,0.878463112678624,-2.73475642102918,0.00624264518466797,0.0214669263128691
"DKFZP667F0711",1.3829896860191,-1.34942763061938,0.4935066351002,-2.7343657301495,0.00625005802153223,0.0214884591535884
"RBP4",11.3018182165827,-1.67775407487781,0.613902851680494,-2.7329309031309,0.0062773499833373,0.0215743458834543
"AKR1C2",9.80224826552918,-1.06960231396692,0.391412179925481,-2.73267508990281,0.00628222708029213,0.0215831610898001
"AFF2",1.49851138603396,-1.99750113613874,0.731413671815755,-2.73101421686565,0.0063139747857658,0.0216802639829799
"SLC5A2",3.88554742780076,-1.15314897444071,0.422319646477242,-2.73051226496244,0.00632359800723751,0.0217093143062003
"PURG",0.876242863746901,-1.76625868740189,0.6475298078683,-2.72768707469467,0.00637800807906277,0.0218679582787921
"ALOX12B",1.37197684502186,-2.77468234751231,1.01789908051339,-2.72589139791036,0.00641280945800715,0.0219792068609391
"AMHR2",1.35410109203816,-3.72724063924186,1.36741122151787,-2.72576426212482,0.00641527989650649,0.0219829798528331
"LRRC26",19.07944208372,1.82063805288515,0.668336034385202,2.72413570302242,0.0064470010598105,0.0220720819339083
"TNFSF15",2.45103032341861,-1.35842839615661,0.498827645672203,-2.72324200140519,0.00646446853056393,0.0221195817755517
"ARHGEF33",2.1464365754014,-1.52933475362917,0.562045477869344,-2.72101602778964,0.00650816059368198,0.022256979322852
"SLC12A3",1.38380424955251,-3.08498755402827,1.13422596088842,-2.7199056100002,0.00653005534742499,0.0223155049022656
"TMIE",0.668145596187685,-2.42604100814684,0.892059760032679,-2.71959471421283,0.00653619732006934,0.0223324062533628
"PON1",0.876155066696985,-2.52519064890832,0.928747789429572,-2.71891968696826,0.00654955086596399,0.022368475476777
"FABP3",7.28373117475827,-1.20306405403863,0.44246603275418,-2.71899753874895,0.00654800953323426,0.022368475476777
"LRRC70",1.50516141543031,-1.39616207685211,0.513517863685888,-2.71881890696236,0.00655154662311942,0.022368475476777
"GRAMD1B",3.52603248973079,-1.05966550768628,0.389821939503116,-2.71833214168749,0.00656119379009738,0.0223973170355326
"C14orf144",1.1036189909145,-1.66441636493488,0.612341194993109,-2.71811920959133,0.00656541789155339,0.0224076392353584
"RP11-362K2.2",1.04752561958619,-2.46423433508161,0.906652144639033,-2.71794904986708,0.00656879524176246,0.0224100565084327
"NLGN3",2.1119965943609,-1.05996731050266,0.390034627732074,-2.71762360348882,0.00657525909184559,0.0224248286418826
"UPK3A",1.21957611954966,-2.0201725426484,0.743459063638706,-2.71726130119537,0.00658246168318494,0.0224452926325807
"RP11-89N17.1",2.05438431821348,-1.07121016660204,0.394542597544398,-2.71506846984119,0.00662620692839777,0.0225697239821671
"HTR2A",0.661871551224681,-2.81409608802619,1.03692989574808,-2.71387303960022,0.00665016474689204,0.022638936115924
"PPP1R27",2.37604790659366,-1.88120375154455,0.6935811414226,-2.71230522168759,0.00668170368933896,0.0227380106044967
"AIPL1",7.57890691668884,-1.06403745451482,0.392310596955821,-2.71223225365652,0.00668317481698178,0.0227388719989489
"CRYBB3",0.887269569859646,1.63866798468346,0.604218053965361,2.71204737086092,0.00668690359124103,0.0227474131094896
"WDR96",1.867292113789,-1.43503571018509,0.529684087286162,-2.70922941547573,0.00674396895586203,0.0229081434565117
"CCL21",22.7314251668918,-1.09138552787692,0.403231916458956,-2.7065950965913,0.00679771102068885,0.0230513626318809
"GPR179",1.23856328523798,-2.03520276987048,0.751939708198052,-2.70660366473749,0.00679753560207135,0.0230513626318809
"ADAMTS18",3.35831984672474,-1.38131365194872,0.510529801112179,-2.70564744494749,0.00681713774555068,0.0231020411275523
"UGT2B15",0.853586477904462,-2.2880506069935,0.845731885560005,-2.70540894349568,0.00682203484291553,0.0231144407409056
"S100A9",182.88268645603,1.94024890705146,0.718344095271844,2.7010020961016,0.00691309028240108,0.0234017193983945
"RNASEK-C17orf49",2.90099689169835,-1.03879629215101,0.38468097768523,-2.70040982634971,0.0069254107829706,0.0234391758352571
"GAPT",1.52571496789149,-1.94351422746868,0.719786576863782,-2.70012568994669,0.00693132843705521,0.0234549520738415
"TEPP",1.28562860609094,-1.77676619531467,0.658257210879483,-2.69919746559369,0.00695069205649905,0.0235029803978288
"PIFO",1.65528893965069,-1.49213155884175,0.552855538772934,-2.69895380292933,0.00695578313028789,0.0235121338510492
"GPR87",1.70932232920729,-1.93958989022918,0.719211277685811,-2.69682908264475,0.00700031905461543,0.023650604538499
"NPC1L1",0.833847878105299,-2.43025381791459,0.901316380981774,-2.69633823282719,0.00701064402436666,0.0236761420569648
"RP11-180C1.1",1.12082121284211,-2.18661700805003,0.811231289331218,-2.69542981983928,0.0070297884700104,0.0237365022511528
"NPY4R",2.60320466027265,-1.50885024416827,0.560240910865505,-2.69321681959512,0.00707662321301609,0.0238687405173979
"AC131097.4",3.63916689616776,1.36889548939128,0.508704462009891,2.69094452991974,0.00712500406335918,0.0240015699853577
"TNNI3",1.73132358350049,-2.64022756865744,0.981343547615172,-2.69042128526104,0.0071361867932845,0.0240175718845914
"SOX15",4.38561576984441,-1.13794949218919,0.423269515250274,-2.6884749578914,0.00717792193527218,0.0241189029174939
"CCDC81",3.46471863998394,-1.24348610144458,0.462586883755718,-2.68811361737881,0.00718569423701161,0.0241319887948857
"AC008267.1",2.02079608100409,-1.44810666070923,0.538863281282222,-2.68733593660987,0.00720244749394298,0.0241752053693674
"ABCG4",0.888470922594221,-2.89087127859625,1.07669312109868,-2.68495379226195,0.00725398342980734,0.0243132166339449
"hsa-mir-150",1.20856685943375,-2.16009163804595,0.80460010542751,-2.68467729928798,0.00725998653471367,0.024328969416006
"HEATR4",2.25263824883716,-1.02972120415616,0.383644539057319,-2.68405020617878,0.00727361825430068,0.024352793972299
"HDX",2.58735661828119,-1.05599109935023,0.393766532054645,-2.68176955984589,0.00732338870415694,0.0244843022417453
"C4orf33",3.21483997980236,-1.06985857995401,0.398980225583318,-2.68148271857297,0.00732967001254031,0.0244965287261216
"SLC2A2",1.14980126084228,-3.48628191495859,1.30028481247164,-2.68116791146065,0.00733656928565159,0.0245151981374315
"CROT",7.1393134037873,-1.12679365997489,0.420554851765824,-2.67930248633136,0.00737757139203957,0.024638976801071
"GIPC2",0.57552654694351,-2.20638853500412,0.824251545108799,-2.6768388219556,0.00743203779751032,0.0248030029268266
"C5orf64",2.40504643389892,-1.27617188363401,0.47685295272371,-2.67623777171707,0.00744538035363286,0.0248313014297704
"P2RY4",1.79604379340405,-1.15020976770087,0.430134749792461,-2.67406845937428,0.00749371522440342,0.0249687969881113
"OMD",1.96604870834912,-1.13007662777284,0.422759805919073,-2.67309382763121,0.00751552264978167,0.0250325231665966
"NEU4",4.15441309398215,-2.03116499734642,0.760088388438646,-2.67227473573012,0.00753389385441539,0.0250892373114664
"PCDH9",1.80145235475898,-1.46513486789664,0.549067637267195,-2.66840507152976,0.00762123117628825,0.0253168620694173
"RP11-1070N10.3",0.980498188484768,-2.33382766013663,0.874738636589993,-2.66802855448871,0.00762977733160143,0.0253400718781174
"TLL1",2.11133774043305,-1.09454340270299,0.410302216859992,-2.66765169118373,0.00763833994766615,0.0253601580087105
"HSD17B2",5.04634448793123,-1.20352880650651,0.451309055595897,-2.66675084752597,0.00765884270272462,0.0254191883408295
"KCNT2",1.11457470326829,-1.51769492292114,0.569284209770085,-2.66597052381637,0.00767664233850322,0.0254737354812507
"GPR98",19.2988064501321,-1.02187576047494,0.383426424801565,-2.66511563725372,0.00769618534817678,0.0255295103527207
"LCE2A",0.976873853648123,-3.41032847797321,1.28000066689421,-2.66431773527745,0.00771446588721233,0.0255856037748032
"SPACA5",0.825064759870185,-2.24126107253152,0.841763415641178,-2.66257838115277,0.0077544507425842,0.0256861761940531
"CYP4Z1",6.0038698372429,1.94260275577265,0.729814443827365,2.66177625313231,0.00777295281962447,0.0257201801115862
"ASB18",2.50254704293827,-1.36954729633787,0.514548213535517,-2.66165008508641,0.007775866639435,0.0257252621463073
"SLC44A4",10.4499563524748,1.13365249602211,0.426161996051149,2.66014451435517,0.0078107130219596,0.0258222421475055
"CLDN4",125.681679064798,1.04039361263338,0.39121192268943,2.65941182334394,0.00782772168666167,0.02587389096464
"DUSP13",0.970871359868486,-3.22569961481976,1.21315505788002,-2.65893431665416,0.00783882436273284,0.0259014180580282
"DNAH3",1.7578499236494,-1.55005980114153,0.583175793374128,-2.65796320552542,0.00786144753918551,0.0259626234494852
"TNF",2.53862027437554,1.03076597477698,0.387862417868326,2.65755568802468,0.00787095854779982,0.0259891979357755
"RP11-386G21.2",1.10431245026902,-3.23168905842441,1.21634171788624,-2.65689239372668,0.00788646114756796,0.0260311780700046
"TRPA1",2.02714116024448,-1.48698820517337,0.560020488296838,-2.65523893544623,0.00792522511849275,0.0261314072301556
"CYP3A4",2.18416354529349,-1.32131983882538,0.497933802531318,-2.65360542326763,0.00796368895363832,0.0262304356167032
"OR51I2",1.28465354083574,-3.47460936379875,1.310396656071,-2.65157068869266,0.00801183401911379,0.026365755209384
"AC129492.6",0.983134103208527,-2.52594511478298,0.952734237951778,-2.65125888643757,0.00801923474192777,0.0263854588292297
"ACOXL",2.29553039377863,-1.83924619260804,0.693755286522473,-2.65114548074648,0.00802192797866259,0.0263896693275158
"PAH",2.67629339918521,-2.94339060637642,1.11060063328198,-2.65026915902099,0.00804276679634937,0.0264442432759856
"CELF5",1.69343725235985,-1.75864179228546,0.663795588193279,-2.6493725230566,0.00806413883680782,0.0264911856315969
"OR2L13",1.13879629134037,-3.63967378658789,1.37388938180376,-2.64917527916944,0.00806884712087383,0.0265019892504563
"HEPACAM",1.54673838658945,-2.18063773077221,0.823276968820477,-2.64872918028601,0.00807950474353261,0.0265276598763648
"KCNA2",1.35521568054267,-1.87321356724718,0.707273454364471,-2.64849975025626,0.00808499089756489,0.0265410049352275
"RTDR1",1.18930240186742,-2.69200082187655,1.01846031002291,-2.64320641205548,0.00821249528241206,0.0269028030228726
"RP11-385D13.1",0.984266892442056,-2.54985566244338,0.965563589135616,-2.64079516992355,0.00827117084368145,0.0270760106050656
"DIRC3",1.13176623131543,-1.68876050612498,0.639533285153766,-2.6406139372698,0.00827559610783117,0.0270857474994916
"LOXL4",8.9960506653731,1.02154344604733,0.386963759507952,2.6398943594777,0.00829318737213298,0.0271290546785265
"FAM92B",1.96424856788267,-4.11926460412401,1.56054237996633,-2.63963648601,0.00829949965217805,0.0271449472681345
"MOGAT1",1.16688063997042,-3.34781310656338,1.26869503223052,-2.63878475245348,0.00832037911910101,0.0271924875357522
"UGT2B4",2.13545305891541,-1.61507836800197,0.612183930524599,-2.63822404913171,0.00833414988478455,0.0272296542175434
"ERMN",1.56162322846404,-2.1861560848237,0.828784808053517,-2.63778493956483,0.00834494856369916,0.0272601653080839
"SLURP1",6.13636732388103,-1.48462693299492,0.563128314323167,-2.63639191145862,0.00837928910427204,0.027353199560702
"RIMS1",2.37144103070761,-1.91002557820598,0.724587246293815,-2.63601876513222,0.00838850924248237,0.02737851032306
"DUSP26",1.26969231543331,-3.62063593620476,1.37362208086043,-2.63583119888173,0.00839314727625085,0.0273888597273776
"SLC25A48",1.78871022799828,-2.00409929499199,0.7609378921582,-2.63372256217638,0.00844544652724128,0.0275402692082214
"CCDC13",1.6308259486122,-1.36659696990825,0.518911383466774,-2.6335844875443,0.00844888125462662,0.0275418481129081
"SLC28A2",5.75940636775935,-1.05791557754931,0.401904235348438,-2.63225784777344,0.00848194629959134,0.0276110645975712
"RSPH1",1.60453257450273,-1.53603150321702,0.583667611604696,-2.63168877744297,0.00849616518441654,0.0276380741989671
"KBTBD8",1.36391303966252,-1.73553064961377,0.659507369712002,-2.63155611190768,0.00849948304938631,0.0276440503569674
"ZNF501",3.40837301634738,-1.22017811731908,0.463765083967172,-2.6310262663186,0.0085127456445383,0.0276775423960093
"UBE2QL1",1.20610092440541,-1.46225109712458,0.555971758440769,-2.63008160922685,0.00853643732268605,0.0277449074472886
"CCDC158",5.39642913104613,-1.04954535843194,0.39926567262952,-2.62868919213553,0.00857146616411606,0.0278296872726753
"PRSS42",1.53301289993179,-1.33640585358881,0.508769865142003,-2.62673940646191,0.00862073260307463,0.0279496329889977
"SLITRK5",1.59735031795481,-1.63153131264081,0.621151182000969,-2.62662514363254,0.00862362758850738,0.0279504346267091
"MTMR8",1.72170709201029,-1.36483080045248,0.519720700147815,-2.62608512623089,0.00863732133729662,0.0279753907088811
"PADI1",1.9227236285861,-2.39463041474055,0.911965021662642,-2.62579195238739,0.00864476377034449,0.0279897840493516
"FAM27E2",1.74964508169716,-1.23199645709942,0.469532122711984,-2.62388108822777,0.00869341305100803,0.028098567910192
"KIF25",1.04985894101554,-2.04413970650663,0.779184095882291,-2.62343612672432,0.00870477652551402,0.0281304263380338
"OTUD7A",2.40237739076057,-1.04702724931196,0.399227572981873,-2.62263260398475,0.00872533060939206,0.0281839580028434
"KIAA1024L",2.9628627707156,-1.37190805384404,0.523234700874828,-2.62197452032571,0.00874219666118491,0.0282176570055261
"HRNR",3.83930448624559,-1.01771388897951,0.388153670073283,-2.62193550504719,0.0087431974994659,0.0282176570055261
"TRH",0.781407937581761,-2.69982313880288,1.02983614223201,-2.62160457191902,0.00875169087008541,0.0282380430096136
"OTOA",1.92642459222557,-2.08162412845506,0.794383455054033,-2.62042734552354,0.00878196407807893,0.0283210377221723
"NELL1",2.91609680348818,-4.10790236930781,1.56761956581901,-2.62047148356535,0.00878082735103693,0.0283210377221723
"SERPINA9",0.969972444665276,-3.39597565983542,1.29654153088255,-2.619257138276,0.00881214948045394,0.0283938589317561
"TENM3",4.38101346919282,-1.01562545764955,0.387769129415218,-2.61914985130763,0.00881492157272744,0.0283978897051335
"TMEM132B",1.27884022591158,-2.78643580187524,1.06396677068109,-2.61891243096955,0.00882105883494956,0.0284127583488049
"SERPINB7",1.94991755592541,-2.45296703758167,0.936851243312272,-2.61831006266172,0.00883664705291359,0.0284482434610871
"LIPN",0.886731629924701,-3.28824326064508,1.25610833356612,-2.61780228088264,0.0088498066516929,0.0284758773492683
"TREM1",6.38612406537659,-1.35081076599555,0.516246353890385,-2.61660107779158,0.00888100657364554,0.0285516638063352
"TTC26",3.2746724117993,-1.04998880777581,0.401469303231389,-2.61536510842685,0.00891321203673971,0.0286404054240781
"RBM44",0.824487700442466,-2.79082268000347,1.06747576339402,-2.61441315644499,0.00893808797184737,0.0286857769204777
"TSSK1B",0.97407296542429,-2.10253563377654,0.804208457872944,-2.61441621658338,0.0089380079065922,0.0286857769204777
"LL22NC03-75H12.2",1.40183402057322,-3.27722778952858,1.2534903454751,-2.61448187563539,0.00893629016188263,0.0286857769204777
"SBK3",1.22262502929059,-3.40104475910969,1.30086014120691,-2.61445842744807,0.008936903569722,0.0286857769204777
"INMT-FAM188B",0.758445267453658,-1.9684723423647,0.753205997412764,-2.61345813645448,0.00896310636698628,0.0287463035157648
"CRB1",1.29327326217747,-3.82009233729462,1.46215652448297,-2.61264254088353,0.00898452179036249,0.028795199537215
"OR5B21",1.25933299524477,-3.448193865641,1.32010946691137,-2.61205146396582,0.00900007048142348,0.0288351322837987
"FAM154B",3.81116648102351,-1.07512767997319,0.411675117150166,-2.61159257672846,0.009012158394996,0.0288689061558305
"MRAP2",1.06342556096535,-1.8937356021699,0.725238154575089,-2.61119135862263,0.00902273907679099,0.0288978411090429
"NRN1L",1.57983287271386,-1.28763508160662,0.493198878688002,-2.61078266242607,0.00903352836908036,0.0289274341547789
"IPCEF1",3.43579376529938,-1.18919035371149,0.4556177262969,-2.61006164834019,0.00905259072569201,0.0289735669909042
"IGLON5",1.37560074094778,-2.05534089978603,0.78798641428524,-2.60834560409315,0.00909810448320439,0.0291042687794624
"TMEM86A",10.880347847826,1.05473409411819,0.40446173876429,2.60774751485915,0.00911401523778327,0.0291302089495251
"GOLGA6L6",2.60244160269319,-1.35700350455245,0.520350209416104,-2.60786577961633,0.00911086711380769,0.0291302089495251
"ZNF367",1.87201300086104,1.17106623953967,0.449154366076912,2.60726896583064,0.0091267637905863,0.029154890842011
"UPP2",0.687521223669143,-2.50693714586285,0.961559283445552,-2.60715817425188,0.00912971754817273,0.0291554390877244
"THEM5",4.3650816812489,-1.30468340164502,0.500457745649275,-2.60698013566035,0.00913446593145631,0.0291556410453681
"EPHA8",1.02741963304936,-3.3128011081795,1.27084230106386,-2.60677591972369,0.00913991519286882,0.0291680473052424
"CYP1A1",1.00482851024677,-3.10020714152773,1.1894668781628,-2.606383749261,0.00915038793680682,0.0291914887888323
"REP15",1.07776878259483,-2.13383771076201,0.818891968796017,-2.60576216652766,0.00916700898125928,0.0292395166019357
"PPP1R1C",1.38788050613302,-3.42519015002578,1.31495235113515,-2.60480172309586,0.00919274411036324,0.0292965755883188
"PRB2",2.89815375045281,-1.4639143606959,0.562424745275837,-2.60286264605576,0.00924489837301997,0.0294369630390651
"SCN9A",0.98502804259256,-1.78097242646997,0.68426464272931,-2.60275384004389,0.00924783267577894,0.0294369630390651
"SPHKAP",1.30387404951759,-2.51793008575056,0.968560582452883,-2.59966194305977,0.00933156371845066,0.0296427448172141
"C2orf27B",2.70208279942051,-3.19910712911415,1.23061294907872,-2.59960463727374,0.00933312196880308,0.0296427448172141
"DRD2",3.64410550746556,-1.2853765097077,0.494691825244302,-2.59833788252499,0.00936762671275158,0.0297270479517864
"APOC1",62.0518915257415,1.11743283575102,0.430104818284175,2.59804770429874,0.00937554679094888,0.029745642914554
"AC005477.1",1.38867262756588,-1.6051906100405,0.618392839479728,-2.5957457906385,0.00943858680315435,0.0299166344699641
"IL13",1.09457136027684,-3.40319534498581,1.31184052446783,-2.59421422155439,0.0094807394140633,0.0300363786934084
"PAX1",1.93637643134698,-3.78029964240007,1.45827608160121,-2.59230723872893,0.00953345897210814,0.0301814728760873
"ASIC4",1.27868267909619,-2.10365579176451,0.811688136763393,-2.59170449398563,0.00955017645955623,0.0302190244616026
"IL5RA",1.08328656824403,-3.03914155630857,1.1729526262664,-2.59101816070985,0.00956924415050933,0.0302588446893392
"FAM83A",4.41495779647259,-1.65679652421346,0.639553882334747,-2.59055033512607,0.00958226071492296,0.0302846157587433
"UGT8",18.1409203550201,-1.1623835293958,0.448744809215276,-2.59029966592477,0.0095892417134882,0.0302871614899305
"ATP6V1G2-DDX39B",1.47996663766275,-1.47739595792723,0.570356722871185,-2.59030164576653,0.00958918655822884,0.0302871614899305
"NPIPA3",0.908858386969942,-2.6151993061076,1.00971221208438,-2.59004424707211,0.00959635965121127,0.0302983998526067
"ASAH2",1.69825819037232,-1.74921192931942,0.675587828651807,-2.58917028273011,0.00962075068292302,0.0303651385459831
"CDC25A",2.6353637259411,1.12092583276819,0.433179907394649,2.58766811117804,0.00966280320048279,0.0304683364567355
"C3orf67",4.06255273859616,-1.17668102677083,0.454769556514087,-2.58742259660113,0.00966969181173154,0.0304835319880473
"C1orf101",1.20936279817773,-1.51726942586826,0.586428463146651,-2.58730522343155,0.00967298659698393,0.0304887703493319
"FOXD1",2.54228309430538,-2.35716275806024,0.91117449622302,-2.58694988482568,0.00968296741787806,0.030515077434903
"GPR111",1.05401351870138,-2.98566147998905,1.15481648176629,-2.58539908905914,0.00972663401556507,0.0306320058091404
"AC027307.3",1.57992017955907,-1.3867429361958,0.536449755545259,-2.58503787514319,0.0097368300791824,0.0306589442989132
"GRIN1",6.38544614161928,1.21529277437158,0.470292930712041,2.58411873751021,0.00976281774961788,0.0307252266634552
"MYL3",1.27286430037274,-1.46775142057512,0.568011840613218,-2.58401553564545,0.00976573953274237,0.03072588245308
"PGBD4",1.47572848118754,-1.40195606549765,0.54258391798287,-2.58385112243948,0.00977039590070447,0.0307331275326294
"CCT8L2",1.74984414312392,-3.94734855576977,1.52800014191502,-2.58334305572944,0.00978479743151139,0.0307620521316709
"NAA11",1.25458763928864,-3.77484941024321,1.46141004337582,-2.58301865883131,0.00979400259671632,0.0307730883185195
"ZFP37",1.16996465972948,-1.41418982454228,0.547715853813097,-2.58197715968408,0.00982360861377983,0.0308385655306298
"MOXD1",3.96111859120316,-1.16090734009776,0.449747666733499,-2.58124149599127,0.00984456887850686,0.0308887825870327
"CA6",6.90747212898207,-1.24239776208854,0.481524248823507,-2.58013540361478,0.00987615826520046,0.0309670807277507
"AC006967.1",1.16728996095377,-1.70722944674786,0.661794846197856,-2.57969589300406,0.0098887354969611,0.0309961052707802
"SEC14L5",1.13162464679425,-1.69935924091733,0.658902329860068,-2.57907608443003,0.00990649646738833,0.0310309366694082
"AC006486.1",2.39819207847096,-1.06826152517574,0.414623207183221,-2.57646341706986,0.0099816767324975,0.0312559414490097
"KIF17",2.21612126959542,-1.06751604125607,0.414430037090517,-2.57586551580699,0.00999895280894747,0.0312767227291532
"CERKL",1.99522069916704,-1.23113654905929,0.477934326715699,-2.57595338991341,0.00999641205955002,0.0312767227291532
"KIAA0408",0.900068123293735,-3.11448183803894,1.20899477214609,-2.57609206407932,0.00999240367157976,0.0312767227291532
"DNAH17-AS1",3.60710342257877,-1.17766727732882,0.457183575510746,-2.57591772848178,0.00999744308759203,0.0312767227291532
"CDA",1.29870939347748,-1.40040126786042,0.54371234963634,-2.57562894938301,0.010005795634839,0.0312894805204035
"AC074389.6",0.967438998979763,-2.86797537409635,1.11386242373362,-2.57480215957283,0.0100297438006078,0.0313433691016987
"GIPC3",2.07728497072193,-1.02080738579051,0.396519359639953,-2.57442004021551,0.0100408292184562,0.0313727599463361
"KIAA2022",0.874784369792146,-2.32710444709686,0.904024572983257,-2.57416061094167,0.0100483615711864,0.0313910411935206
"SLIT1",1.00981251633088,-2.56787974118398,0.997711808443155,-2.5737690177196,0.0100597407453027,0.0314108212032206
"CYP2B6",1.82206592575058,-2.1989554114686,0.855923995457698,-2.5691012556468,0.0101962659754166,0.0317574390215302
"OR51E2",1.09372434945959,-2.34023314163877,0.911425309092698,-2.56766310776296,0.0102386608294164,0.0318682159093657
"MAGEE1",1.95824264050579,-1.01418317765666,0.395240840423448,-2.56598780776322,0.0102882444410309,0.0320118725782678
"NXF3",1.33758223769889,-3.37306286670052,1.31466881222134,-2.56571300341505,0.0102963981580255,0.0320319042179933
"GRM6",5.80276860695867,-1.05892854673268,0.412783641032644,-2.56533554499303,0.0103076070983374,0.0320614323423626
"OVGP1",2.45613739809919,-1.00990405190992,0.393761224696178,-2.56476257328068,0.0103246427232361,0.0320930328005486
"KLK11",11.7941250679554,-1.02377417803007,0.399354297999438,-2.56357370675277,0.0103600701215755,0.0321763681749613
"CD1C",3.14462490296302,-1.12936541048218,0.440616108048148,-2.56315052911948,0.0103727066037731,0.0322048993157891
"FAM218A",0.900394337958107,-1.9836788710743,0.774107247260199,-2.5625375270612,0.0103910357461357,0.032251080024041
"ADAM11",1.67634745635737,-1.20559878321552,0.470668053824758,-2.56146295338836,0.0104232357179779,0.0323456428887847
"PTPRN2",1.38904689281289,-1.25742757331993,0.490928678083676,-2.56132434191512,0.01042739571686,0.0323531744454144
"FGF12",2.18239060404802,-1.79234705711715,0.699972327285294,-2.56059702255433,0.0104492482015048,0.0324083660583873
"ANKRD62",2.44723334723856,-1.26878616615087,0.495517059069981,-2.56052973944471,0.0104512717961716,0.0324083660583873
"DPPA5",0.75287685174603,-2.44067869751335,0.95425957731361,-2.55766748957788,0.010537679854867,0.0326573614227276
"TEKT3",1.82168427707712,-1.45834444448985,0.570275155976693,-2.55726455765408,0.0105498947983516,0.0326811499974716
"ANO3",0.802852051464141,-2.93211393106719,1.14695906061137,-2.55642422799666,0.0105754100518538,0.0327362510791009
"ETNPPL",1.14006026477328,-2.37353957274093,0.928624463295669,-2.55597355718725,0.0105891165421555,0.0327678131485994
"PRG2",1.53730522461749,-2.01359588106811,0.78804793042647,-2.55516930293619,0.0106136160145204,0.0328381831910974
"AQP4",1.1397284319737,-2.94699941872193,1.15415241785885,-2.55338842003998,0.0106680453713379,0.0329901837067264
"CTAGE15",1.31533855670891,-2.14826151348211,0.842640630963378,-2.54943974280713,0.010789615494717,0.0332779335322768
"LUZPP1",1.02678270575031,-3.31642556760049,1.30214158890968,-2.54690088685166,0.0108684296797131,0.0334712493715875
"PI15",6.02107564811268,-1.36485766647367,0.536526547350559,-2.54387722884081,0.0109629609465585,0.0337234334999672
"LINGO4",1.1272003758578,-1.68388626860428,0.662329749517239,-2.54236846500046,0.0110104034348397,0.0338582147463386
"RAB3B",3.95385635309453,-1.28216961604538,0.504503404182323,-2.54144888897919,0.0110394085354047,0.0339244951200552
"AQP9",2.70938243574813,-1.45068527447701,0.570958877100814,-2.54078766905811,0.011060306550584,0.0339780676232109
"SLITRK2",0.764273707529586,-3.03685854227167,1.19543009325212,-2.54038990603793,0.0110728948704701,0.0339999793317115
"TGM4",2.04254916077608,-4.33393907557185,1.70790436576426,-2.53757713982567,0.01116227652667,0.0342181511455505
"TRIM74",2.0864857732046,-1.05628860231454,0.416453303606761,-2.53639145893762,0.0112001456758868,0.0343117032528932
"GPR34",3.3161637284525,-1.00447105576874,0.396340655571708,-2.53436290637361,0.0112651997376702,0.0344883591181642
"VWA5B2",2.7037314410365,-1.36397223101426,0.538675850323984,-2.53208349732757,0.0113386987099063,0.0346844955092962
"DTHD1",1.33543720128447,-2.53414190186882,1.00118754794312,-2.53113605645123,0.0113693737517229,0.0347616833558654
"RP11-403P17.5",0.988386253846234,-1.47106201528748,0.581178502919666,-2.53117072964212,0.0113682498495763,0.0347616833558654
"FBN3",9.78298987219993,1.7360859124737,0.686086228478297,2.53041941437047,0.0113926251975435,0.0348156686549254
"IL17B",2.04571025949325,-1.42733480295674,0.564138126252593,-2.53011582896925,0.0114024877451016,0.0348344041422519
"FOXF1",1.02249422592076,-1.87903305555979,0.742773659403703,-2.52975187228405,0.0114143215575637,0.034861223656633
"KRT32",0.836057174553537,-2.2464633725313,0.888175109891028,-2.52930232733826,0.0114289532641499,0.0348981237305225
"RGS1",13.4156593494629,1.03803112347727,0.410584731825552,2.52817760383331,0.011465633516824,0.0349758026348999
"OR4F21",1.11065029667498,-2.54474268218227,1.00680012927268,-2.52755498156383,0.0114859837987047,0.0350212795907839
"CYP2A6",2.90679930356643,-1.06750455605835,0.422484200323872,-2.5267324913926,0.0115129158641169,0.0350913675538284
"LCE1E",1.63667726401684,-4.16159656660038,1.64711873443889,-2.52659172625954,0.0115175307665397,0.0350939745194269
"KLHL14",1.27887630439959,-1.66658270545708,0.659655637952766,-2.52644351017646,0.0115223917182528,0.0351030566233783
"SERPINB12",2.39695400690359,-3.96639036273001,1.57096556999046,-2.52481049775909,0.011576069279504,0.0352206058310072
"GABRB1",1.34904984899185,-3.55113236794483,1.4069002491489,-2.52408254962856,0.0116000685500715,0.0352878735149561
"SAA1",40.8623446356456,-1.26696575385359,0.50201481786993,-2.52376166749297,0.0116106615260955,0.0353143434393413
"EFCAB5",1.78203269437202,-1.7201121764706,0.681684237479664,-2.52332690400798,0.0116250276507279,0.0353465213699412
"HEPACAM2",0.652516904398184,-2.03645414401643,0.807305501013773,-2.52253222783587,0.0116513273286347,0.0354091860488817
"OR52L1",2.06384909064938,-4.34748279863611,1.72363021772129,-2.52228276920304,0.0116595940002912,0.0354227763045462
"HLA-DQA2",8.70434866824677,1.14068445757397,0.452241719476107,2.52228931664106,0.011659376961887,0.0354227763045462
"C15orf56",1.15349135050075,-2.09650314059109,0.831745428929764,-2.52060674777466,0.0117152697960392,0.035565003528296
"TNNI3K",1.57641688659637,-2.19078120163378,0.869508317316681,-2.51956324971632,0.0117500527888667,0.0356338101876792
"CXCL11",1.48025988394183,1.54608054214598,0.613751908825414,2.51906433188099,0.0117667155963357,0.0356785469332453
"IQUB",0.910518425677772,-2.94224332907058,1.16840408734468,-2.5181727460036,0.0117965448898272,0.0357582538645717
"ART1",1.63150460066737,-2.8745700390604,1.14159115238481,-2.51803811991304,0.0118010548232975,0.0357652422883347
"UBL4B",0.871851293193272,-2.16585305598574,0.860330094309476,-2.5174675049861,0.0118201872323475,0.0357825645274356
"SLC7A10",1.93941401894693,-1.51781787617452,0.603395405784777,-2.51546143975101,0.0118876680455857,0.0359518669598315
"KLK5",34.8537717465287,1.45408683061545,0.578200839238884,2.51484731936664,0.0119083942524005,0.0360028845826825
"USH1C",1.04320360973675,-2.81010061812068,1.11775752183245,-2.51405207590445,0.0119352808640941,0.0360724880122669
"SLAMF1",3.82231188821853,-1.1888162239005,0.473119232591804,-2.51272013903983,0.0119804332728636,0.0361796681933177
"QRFP",2.08197371890244,-1.15503912743607,0.459928940927271,-2.51134256763094,0.012027291925811,0.0362918236565324
"GDPD2",0.914148468770897,-2.08521398634765,0.831266760653042,-2.50847752496383,0.0121252681423907,0.0365402148426621
"MTRNR2L2",1.19446337486052,-3.7063117589438,1.47764766556879,-2.50825135470785,0.0121330325536803,0.0365518129328156
"GLRB",2.08879600998773,-1.17150413466503,0.467098759863858,-2.50804377002945,0.0121401628008834,0.0365632748167371
"ST8SIA2",1.26592465506837,-1.91542516425563,0.764032589683429,-2.50699406035712,0.0121762757765486,0.0366466052671912
"CCDC103",1.76777259236745,-1.83985204748843,0.733876037561234,-2.50703382222766,0.0121749061232746,0.0366466052671912
"TESC",6.62024618557233,-1.08627927436791,0.433312298898502,-2.50692001387746,0.0121788267750588,0.0366483747684677
"FADS6",3.73938876863718,-1.22380384771969,0.488410244995405,-2.50568832300232,0.0122213296571868,0.0367584990124087
"RNF133",1.08465720217908,-1.77982126941165,0.711578286749321,-2.50123043740183,0.012376261984976,0.0371586418458535
"B3GALT5",3.41327252472451,-1.27292602451302,0.508996093147889,-2.50085617875886,0.0123893480376379,0.037191950235514
"C11orf44",0.779039306332205,-2.6733881347331,1.06905809618798,-2.50069490541796,0.0123949907800583,0.037202907214294
"SOX21",0.979656384050843,-2.90415599637327,1.16162568168024,-2.50007902044015,0.0124165607371237,0.037255668981254
"SERTM1",0.713609175584063,-2.95599395081565,1.18248664265197,-2.4998117054297,0.0124259331730342,0.0372777995191026
"SLC35F4",1.3618185033357,-3.5654393052934,1.42708994249776,-2.49839845346607,0.0124755879535329,0.037394533035642
"OR2A2",1.88828168955674,-1.75152779335575,0.701135014945752,-2.49813196605403,0.0124849706870648,0.037412827890339
"SLC26A4",1.9810523339011,-1.38139172227967,0.553019750695295,-2.49790666706367,0.0124929080950486,0.037430605236152
"LINC00632",4.38037912586925,-1.14997411783587,0.460486831752885,-2.49730076636152,0.012514276484027,0.0374645650545701
"GDF6",0.738590237790731,-2.82074439716602,1.12998364808205,-2.49627010262825,0.0125506994096421,0.0375615593585459
"ADAM20",1.21957385859729,-1.36298613249109,0.546155879158153,-2.49559912197962,0.0125744618036653,0.0376145853889805
"PTHLH",10.8780500340974,-1.182301038241,0.473915820946307,-2.49474903766707,0.0126046242453086,0.0376625688277315
"FOXN4",0.832453808745943,-2.80133359254337,1.12286729488414,-2.49480379854898,0.0126026793073761,0.0376625688277315
"FUT3",8.00103155685851,1.25764596382887,0.504158175857184,2.49454640240751,0.012611823536998,0.0376720213779546
"TNFRSF8",1.84351553826443,-1.26072001083164,0.505438371188846,-2.49431005379803,0.0126202252065379,0.0376910869270286
"OR52I1",0.794457669424555,-2.71333823900522,1.08807075903196,-2.49371487698027,0.0126414043769246,0.0377422642432123
"CLDN24",1.06571784795384,-2.10093698003375,0.84253333803359,-2.49359507237682,0.0126456713862736,0.0377489669188267
"AC138517.1",0.691620489198139,-2.30993195207808,0.926436862370185,-2.49335064903223,0.0126543808215064,0.0377689265478342
"HAND2",3.9769999329896,-1.07366537666044,0.430818902514893,-2.49215011317505,0.0126972361510034,0.0378786675779933
"IQCA1",1.95837820719877,-1.25852351870202,0.505007238134468,-2.49209006063178,0.0126993832063227,0.0378790198240676
"PMFBP1",2.61331591764824,-1.12101653338103,0.449870133004035,-2.49186698813584,0.0127073615193394,0.0378967623329949
"SLC35F3",3.52126301851043,1.26950559964617,0.50982383511002,2.4900867951225,0.0127711902535986,0.0380749522268337
"OR2A5",0.850140900194275,-3.01575337600644,1.21131479683754,-2.48965288286733,0.0127867910991876,0.0381153765017937
"OR1B1",0.964881328307448,-2.49126403642323,1.0006997346782,-2.48952203152564,0.0127914990261708,0.0381233230075962
"RNF32",3.7934569410939,-1.04770692964508,0.420918288038068,-2.48909814427052,0.0128067606867883,0.0381566254806338
"GDF9",1.24677034232109,-3.26842024149734,1.31392033602079,-2.48753303521868,0.0128632506354426,0.0383127035917483
"IFITM5",2.17419600025353,-1.16946125804574,0.470264698108075,-2.48681489967374,0.0128892442241412,0.038377878854943
"C12orf5",2.1972731987755,1.02784527533894,0.413569308498895,2.48530356149889,0.0129441003924009,0.0385166417318669
"TPPP2",1.2156436203097,-2.34775511156024,0.945787744820473,-2.48232769394352,0.013052717769982,0.0387656996576192
"BRINP2",1.21769675954876,-2.38479689605622,0.961092561606011,-2.48133945815912,0.0130889656618829,0.038836284161108
"SLC10A1",0.784906850187205,-1.94568777760259,0.784444841870585,-2.48033727006593,0.0131258162047532,0.0389085205980531
"CUZD1",1.21322364003947,-1.86032489201971,0.750081044644543,-2.4801651838853,0.0131321530495647,0.0389171608193655
"SLC13A1",0.751301633123026,-2.6429320230093,1.06583050677966,-2.47969260233951,0.0131495691545768,0.0389603724086327
"ZNF284",1.49094952262052,-1.16589368391758,0.470473927609234,-2.47812602462839,0.0132074485929553,0.0390946341813672
"CNBD2",6.10297035969216,-1.08081786830153,0.436388039746753,-2.47673577151372,0.0132590019968999,0.0392065765679577
"PCDHA2",1.45338568606223,-1.68107960537479,0.678755181656397,-2.47670979287756,0.0132599670282331,0.0392065765679577
"RP11-1102P16.1",2.4814410325798,-3.84992848197202,1.55481001905441,-2.47614077269289,0.0132811200661823,0.0392629026944666
"AC011484.1",1.01351540936197,1.64470403485676,0.664537698572532,2.474959717695,0.0133251204264244,0.0393623759590625
"EBF3",3.01655176119002,-1.027754695074,0.4154149984098,-2.47404330370408,0.0133593502802141,0.039444205342609
"C17orf104",2.66781824686131,-1.23611184774376,0.499717547212858,-2.47362105781174,0.0133751481275109,0.0394783621173915
"UCP3",5.40225883615801,-1.04127228766948,0.420972486349841,-2.47349249994488,0.013379961250822,0.0394863257337333
"SPRR3",1.59427913195044,-3.81001896780121,1.54040977500283,-2.47338015483199,0.0133841686324622,0.0394924994783368
"CDKL2",1.23053766921403,-1.69740589751615,0.686394481036929,-2.47293057332264,0.0134010173936459,0.0395297193430202
"PCDH11X",5.51594252035079,-1.07343759168255,0.434147452353996,-2.47251846316788,0.0134164783220216,0.0395690732691659
"C10ORF68",1.6710371882578,-1.18992379312419,0.481756466361564,-2.46996953068636,0.0135124560821705,0.0397892811668835
"SEMA3E",4.4011885220691,-1.00155696391349,0.40553109053062,-2.46974150022134,0.0135210718566367,0.0398083725739711
"SDR9C7",0.906073469236794,-3.30971099615345,1.34155580691876,-2.46706918868705,0.0136224033049671,0.040068795856378
"CALN1",0.727599696570192,-2.76928852710417,1.12272142817308,-2.46658561742286,0.0136408113661239,0.0401039854164042
"TMC1",3.04679135275596,-1.48018245651283,0.60094656674603,-2.46308497031214,0.0137747267109263,0.0404403794568774
"TGM5",1.98607748016008,-1.40832293250859,0.572099967940285,-2.46167280445572,0.0138290761367324,0.0405680424884754
"CXorf67",0.942949662130219,-2.99621134155738,1.21730774837448,-2.46134253688793,0.0138418142914928,0.040592653315721
"PPM1N",2.04771300719144,-1.31838669774666,0.535633041937668,-2.46136178040355,0.0138410718004146,0.040592653315721
"SGPP2",5.82572259990092,-1.14013997211886,0.463399985145959,-2.46037982016712,0.0138790046362443,0.0406825463265891
"SLITRK3",0.700484619392067,-2.91639252687882,1.18544013827188,-2.46017696948436,0.0138868521277046,0.0406927707380501
"CXCL17",5.2197381221449,1.35608866881113,0.551609036031549,2.45842359394121,0.0139548467383623,0.0408599488328868
"OR2H2",0.985281334497133,-2.71860168285912,1.10596070936833,-2.4581358630831,0.0139660327560285,0.0408798785704446
"NME5",1.25622753937016,-1.4305181619622,0.582297910593623,-2.45667747717634,0.0140228517620335,0.0410204668670328
"OR52K2",1.16614180505773,-2.80830354228796,1.14311697439101,-2.45670706078358,0.0140216971543786,0.0410204668670328
"CPA1",0.656054229496696,-2.61214522240728,1.06339236625972,-2.45642653200061,0.014032649183906,0.0410412636471178
"CLEC4E",1.70104854461659,-2.03900111331414,0.830382970062497,-2.45549485818655,0.0140690765435156,0.0411299076089715
"NPY2R",0.718966989183191,-2.9508863772009,1.20174427506585,-2.45550275414394,0.0140687674704715,0.0411299076089715
"AC002472.13",3.23717330294269,-1.15440940798437,0.470195067996166,-2.45517123968171,0.0140817491646044,0.0411540662420162
"LY6D",21.8920110015604,-1.76196206422669,0.718081204623692,-2.45370865144708,0.0141391485893054,0.0412959582311863
"TAS2R46",2.64395284387432,-1.04946193451815,0.427740125078894,-2.45350359479271,0.0141472125388642,0.0413065860006344
"PROX2",1.42367806240449,-1.28835204145847,0.525587897464435,-2.45125895720544,0.014235749676177,0.0414841271959446
"ZNF474",1.30881351573188,-2.66483537483997,1.08714224409775,-2.45122971654146,0.01423690625874,0.0414841271959446
"BMPER",2.93374364637261,-1.05837836206317,0.432061594382888,-2.44960064912699,0.0143014733532634,0.0416527622514937
"SFTPA2",1.25175290148363,-3.4416114526135,1.40521747672618,-2.44916641702439,0.0143187274227921,0.04169000659016
"LPAR4",0.581337912765621,-2.42821302978475,0.991706194539835,-2.44852058316675,0.0143444233826253,0.0417517992095778
"HSPA1B",212.859587163244,-1.04158351499858,0.42546513290869,-2.44810546020023,0.01436096145498,0.0417803941722022
"LRRTM1",1.10729572220548,-3.24842534542356,1.32725357724794,-2.44747906587614,0.014385948196149,0.0418335306657174
"CHRM5",1.48359619221513,-1.72720368459045,0.706256074750317,-2.44557710204627,0.0144620522696754,0.0420155701560179
"CHRNA7",1.93928680764057,-1.20290412263756,0.491931652810301,-2.44526676778294,0.0144745034376636,0.0420452006655893
"GPR89C",2.69006891849486,-1.05370807653766,0.43114613113272,-2.44396969020534,0.0145266469019892,0.0421573093445107
"CYP17A1",2.19339213446661,-1.04446606487622,0.42757931793051,-2.44274224939469,0.0145761433743126,0.042294376850333
"TLX3",0.95265401659119,2.05401967125723,0.840979397211901,2.44241378334228,0.0145894139400206,0.0423263044050108
"AQP12B",1.93887825469912,-4.10176217534076,1.68070776245017,-2.44049695430759,0.0146670696283645,0.0425053590332096
"OR2W3",1.3425467486883,-2.52729698957494,1.03568446640617,-2.44021907400492,0.0146783574622642,0.0425314691080259
"DLX5",8.30806576111128,1.86025790822263,0.762604084089114,2.43934952229452,0.0147137291916472,0.0426141188766462
"CELF3",1.39416425140138,-2.76995052098135,1.13558910911455,-2.43921899104965,0.0147190454377308,0.0426162933121893
"MYH2",1.26027574345497,-2.11412101165951,0.866939181183482,-2.43860360397308,0.0147441315909538,0.0426690734260604
"C2orf72",6.11034697750429,1.35271853722832,0.554740205716102,2.43847214117484,0.0147494955325718,0.0426779807962776
"ENAM",1.34380841576653,-1.98007956397266,0.812185198655926,-2.4379655862351,0.0147701800583498,0.0427245880863545
"GZMA",1.68441844970364,1.16758100515312,0.47896517484006,2.43771586429641,0.0147803865403935,0.0427474881986997
"KIF6",2.28007381289385,-1.38151488334364,0.567053655891369,-2.4363036354505,0.0148382233417299,0.0428881857201976
"HFE2",1.11082047392093,-2.72961700995012,1.12065863944042,-2.43572566514377,0.0148619511456738,0.0429434709702189
"PAX3",3.48868725480744,-1.60822782658517,0.660804915430109,-2.43374071383594,0.0149436954607591,0.0431529544558253
"RNF112",2.40558738533358,-1.02339163889764,0.421210232451723,-2.42964572095227,0.0151135880461839,0.0435559702430081
"TTC9B",0.727852538500117,-2.77683604811617,1.14303200705013,-2.42935983506049,0.0151255121220859,0.0435836063909896
"PRB3",2.5663716067904,-1.13911857585103,0.468918128518361,-2.42924831985127,0.0151301655795626,0.0435902872229712
"DUSP19",1.87306016332166,-1.07940540475438,0.444678516065868,-2.42738375198341,0.0152081597877972,0.0437761216058049
"SFTPD",1.0174896274886,-1.71120261003138,0.705043647808013,-2.42708747940857,0.0152205853049086,0.0438034695633326
"PCDHA6",1.60900879085064,-1.42837609216667,0.58898654137891,-2.42514215829554,0.0153023933181132,0.0440049878089735
"CACNG1",0.96537673239842,-2.85825994891561,1.17859089914725,-2.42515019501988,0.0153020545490936,0.0440049878089735
"LRTM1",0.812817569665288,-3.1411421712864,1.29684649680116,-2.42213876432904,0.015429457482054,0.0443498909518808
"KLRB1",1.10153479544826,-1.49319035237871,0.616612302237752,-2.42160324560467,0.0154522108910139,0.0444084552223426
"C4orf22",0.769001174330917,-2.46817702505378,1.01929289919906,-2.42146004057639,0.0154583004658744,0.0444191182695721
"FAM71A",1.03801834213021,-3.15086463444537,1.30138554813146,-2.42116153738559,0.0154710006478127,0.044435094014464
"GDNF",0.972567913281354,-2.68064844493607,1.10722983200584,-2.42104066152178,0.0154761460703078,0.0444358664037685
"MESP2",1.35807708683173,1.46196221274201,0.603862560354881,2.42101814009273,0.0154771049249629,0.0444358664037685
"ARSF",0.936037888589953,-2.24677176553275,0.928315089186248,-2.42026849687669,0.0155090509929284,0.0445169853916021
"DEFA1",1.15351402551284,-2.9788971529927,1.23177354508288,-2.41838052528743,0.0155897641922043,0.0447082537201422
"GNA14",2.81270504966393,-1.05875201069396,0.437850107887636,-2.41806954394006,0.015603094436249,0.0447250376217307
"CHRM4",1.82422685912656,-3.54246863694392,1.4650350536946,-2.41800947220364,0.0156056705721717,0.0447255547915064
"C14orf166B",1.99908958795483,-1.62538190332517,0.673361469577231,-2.41383265416963,0.0157857107202945,0.0451652771551231
"MYBPC2",3.28815338980907,-3.70319771132773,1.53448878822876,-2.41331037394041,0.0158083514222256,0.0452161962159536
"MAP1LC3B2",0.869168461389387,-2.50421452901132,1.03929529963416,-2.40953127556029,0.0159730269520524,0.0456243023512648
"CCDC89",0.823416032033018,-1.82290228488846,0.756967612261244,-2.40816417421482,0.0160329693047272,0.0457815087106075
"ST8SIA5",1.202331686334,-3.03900093146445,1.26561115823039,-2.40121218251082,0.0163408582449325,0.0464900156316131
"ANXA8L1",2.63436523887158,-1.78536474069186,0.743695734067222,-2.40066556645124,0.0163652855513275,0.0465453254048954
"LILRA1",1.49660940650378,-1.6331827222933,0.680729964878434,-2.39916384845048,0.0164325598894787,0.0467010900558194
"NAP1L6",1.78002233800385,-1.66339426854226,0.693355715426128,-2.39904890308715,0.016437719235662,0.0467015340755706
"GIN1",2.5240651543628,-1.33646568166942,0.557211929597195,-2.39848720151333,0.0164629517982582,0.0467661057701891
"P2RY13",1.45504974860068,-1.3689248359954,0.570818807297356,-2.39817752760604,0.0164768774060556,0.0467914244438168
"FOXD4L3",1.61603071930425,-2.18691012579076,0.912198257724472,-2.39740660242668,0.0165115897965039,0.0468757405582316
"ENPP7",1.24917194027796,-2.5868039039878,1.08043226356627,-2.39423052348448,0.0166552771846715,0.0472012579546573
"SERPINC1",1.0466693694335,-3.17602734933699,1.32694151326441,-2.39349460212729,0.0166887268917883,0.0472622819410405
"CITED4",48.4821603323627,1.1560717001851,0.483010260467297,2.39347234376893,0.0166897395154772,0.0472622819410405
"AL138847.1",1.64612881376793,-1.20111271025324,0.501872829554044,-2.39326108034287,0.016699353438537,0.0472650438665929
"PLK5",1.42298894051365,-1.23943995163532,0.518040264949907,-2.39255524231339,0.0167315091408989,0.0473273551744607
"EDAR",0.99003067423122,-2.18176760111292,0.912213701125448,-2.39172860309065,0.0167692372586074,0.0473981665981743
"CACNA1A",2.84413459288879,-1.05380118843622,0.44057483847997,-2.39187782959178,0.0167624209870331,0.0473981665981743
"SLITRK4",0.927392378144974,-1.84214270193841,0.770205875356168,-2.39175363481426,0.0167680937059048,0.0473981665981743
"OR2AE1",1.02714461006322,-1.87369614803853,0.783529437910327,-2.39135386289465,0.0167863651278244,0.0474322159181708
"GSTM1",13.4898519615051,-1.70164736089547,0.711700675068402,-2.39095931830038,0.0168044147712802,0.0474688484437933
"SKA3",1.82253018075223,1.20855448876519,0.505563010321836,2.39051209066074,0.016824895160569,0.0474983205837244
"RYR2",1.21894203941375,-1.65199674182201,0.691868723456863,-2.38773149560505,0.016952722306058,0.0477793437095103
"FAM181B",1.8996207859076,-1.45164221027153,0.608272387590052,-2.38650025858131,0.0170095954073092,0.0479251639992538
"SLC30A3",2.01073264261341,-1.77598544529985,0.744274678815957,-2.38619624696249,0.0170236640105517,0.0479503294225995
"ALPK2",2.86411979334276,-1.84817095489177,0.774709097208318,-2.38563218316616,0.017049793975756,0.048002202342541
"FNDC5",3.60384772378501,-1.09199335410221,0.457865771882876,-2.38496393738195,0.0170807956547074,0.0480822337270406
"MEP1B",0.775760772269385,-2.50895942803531,1.05330121020303,-2.38199615051397,0.0172190774498635,0.0483661238991422
"C12orf54",0.977000743768112,-2.3432024657303,0.984167038321115,-2.38089915074534,0.0172704393510003,0.0484626232141627
"PRSS33",1.79318848514071,2.20006951403771,0.924159479787312,2.38061672487961,0.0172836843570251,0.0484852146147712
"MAGEC3",1.08424747265298,-3.39007100110987,1.42510518370396,-2.37882160550339,0.0173680790419196,0.0486926967462979
"MUC16",10.2281968595088,1.40869966653497,0.592224786924886,2.37865705326116,0.0173758332552858,0.0487071217782179
"AL138815.2",4.07034719232388,-1.19210679425317,0.501231451805025,-2.37835592710749,0.0173900311173605,0.0487396023014568
"OR1L4",0.856800573344994,-2.29140896876858,0.963679559715063,-2.37777064551011,0.0174176557900498,0.048787729323997
"KRT79",5.51019060033116,-4.29556182044392,1.80668365240986,-2.37759489034743,0.0174259587567629,0.0488036639708982
"KIF5A",1.18944182309856,-1.96692718323194,0.82737989218809,-2.37729633243829,0.0174400710850443,0.0488212156375307
"UBBP4",1.52816793736178,-2.26097657751004,0.951394039883584,-2.37648806144161,0.0174783269893852,0.0488843275752558
"NR5A1",0.871828154699661,-2.89238210999685,1.21753942226658,-2.37559626990342,0.0175206213187058,0.0489806048815392
"UNC13A",1.32430708040026,-2.34740790301457,0.98888336473899,-2.37379653325866,0.0176062494099741,0.0491758034462607
"SFTPC",1.97770633741479,-4.1266291262431,1.73876655400131,-2.37330831832873,0.0176295409189717,0.0492187676710458
"CD226",3.03903983656308,-1.07851061057219,0.454637458468869,-2.37224318076299,0.0176804497154232,0.0493387616946541
"TEKT5",1.36284288581668,-1.76268126442745,0.74311398588128,-2.37202003719124,0.0176911312857341,0.0493547938409146
"SIX3",2.91855916199086,2.24707514060291,0.948202433978453,2.36982637892487,0.0177964400887602,0.0495957217520622
"MND1",1.02865798119424,1.43465067454877,0.605410199229632,2.36971672491531,0.0178017185260531,0.049603027337744
"TMEM74",1.11894893189186,-3.10112297488605,1.30918502160563,-2.36874309108939,0.0178486467336188,0.0497041148374
"AP002884.2",0.968445347644899,-1.55259826493486,0.655718637233081,-2.36778120488738,0.0178951151179624,0.049803802047889
"SCG2",1.0269242752049,-2.78407263282218,1.17655211349407,-2.36629776181708,0.0179669875072324,0.0499889254504505
