"","baseMean","log2FoldChange","lfcSE","stat","pvalue","padj"
"DEFB130",13.3457492737454,-4.63372849546606,0.270123433553295,-17.1541151928673,5.85550794880068e-66,1.08455718227686e-61
"LCN6",35.0170222726255,-3.52498017905615,0.20970241788712,-16.8094398461042,2.08128727849138e-63,1.92748014861087e-59
"CCDC177",12.2021666497956,-4.31442483828979,0.268014911157479,-16.0977044883698,2.64745823552134e-58,1.63454071461088e-54
"MDGA2",17.2632386037276,-2.85900214283296,0.201208495301958,-14.2091522454973,8.03928227991415e-46,3.72258965971425e-42
"SOX7",85.1342441313711,-2.77634049545404,0.198097938369386,-14.0149893447003,1.26217224910311e-44,4.67559087957757e-41
"KLK9",15.0898468129222,-3.97979949785392,0.290603044708245,-13.6949683436713,1.08807764938887e-42,3.35889570366345e-39
"UGT2A1",10.7485417734869,-2.65826228897274,0.202755533327461,-13.1106769090218,2.86033983178796e-39,7.56845919491094e-36
"RNASE11",7.74051024783418,-6.39851604986157,0.492435351234088,-12.9936163880727,1.32991208733033e-38,3.07907896019155e-35
"LIMS3",81.1046586134976,-3.1945193954131,0.25008087690434,-12.7739451131046,2.2923451750091e-37,4.71764637016872e-34
"OC90",26.3780471781188,-2.80089597587713,0.225898216815907,-12.3989291077923,2.64839303601125e-35,4.90535358130004e-32
"ZNF788",620.249476797788,-1.43637218125273,0.122104657716813,-11.7634511910592,6.02213519585479e-32,1.01401807361475e-28
"KRT222",10.7911626768101,-2.35975328687464,0.201576695174886,-11.7064786920301,1.18082569076637e-31,1.82260445369789e-28
"CDRT1",45.8842673673916,-2.47079473749408,0.211783404258153,-11.6666116787995,1.88793705331138e-31,2.68987462318719e-28
"TMEM236",81.0403636077002,-1.35401170681209,0.118001977112651,-11.4744832242894,1.77233354612363e-30,2.34479728152156e-27
"MUC3A",68.7742018638021,-2.5742775948829,0.224955150646414,-11.4435147961078,2.53407104771984e-30,3.12907092972446e-27
"SOGA3",29.8604016328444,-1.87739576872836,0.169246002285561,-11.0927037766051,1.36110529806528e-28,1.57564952067282e-25
"GOLGA7B",54.0982929200008,-2.61522056192388,0.236944594619058,-11.0372661850693,2.52601941517299e-28,2.75217244751966e-25
"TMEM239",7.30615868452041,-2.36154884543354,0.220842600956614,-10.6933573287224,1.09339882432936e-26,1.12510739023492e-23
"FAM47E-STBD1",54.2010126369531,-2.20814837524882,0.208060797429978,-10.6129958287407,2.59299172012843e-26,2.52775750737994e-23
"SYNPO2",38.816827108752,-3.22381617676101,0.305591150917407,-10.5494421781615,5.10995655594985e-26,4.73233076646515e-23
"HIST2H3C",39.5868141653555,3.21775414987945,0.308429248185654,10.4327140464402,1.75794007642468e-25,1.48002573161536e-22
"HIST2H3A",39.5868141653555,3.21775414987945,0.308429248185654,10.4327140464402,1.75794007642468e-25,1.48002573161536e-22
"SIGLEC5",22.48605757258,-2.15072615955319,0.207927768274102,-10.3436216211294,4.473066161797e-25,3.60217962820887e-22
"ZNF709",50.3180301199635,-1.69808425976168,0.165210533437662,-10.2783050476767,8.82661580422231e-25,6.81194074690857e-22
"MYBL2",12.7586001369041,3.20576853474641,0.313611781903145,10.2220921525725,1.57895663441602e-24,1.16981739130614e-21
"DES",115.153428389014,-6.29902327351135,0.625246581128577,-10.0744625618609,7.16514355529074e-24,5.10433803581135e-21
"MYH11",85.360686987541,-3.01107278262148,0.299079162707623,-10.0678119978725,7.66645851137291e-24,5.25919053880182e-21
"E2F1",8.89454887646053,2.54828182901412,0.255226594565174,9.98438988443033,1.78395156729172e-23,1.18008396176348e-20
"LTB4R2",227.051850339925,-2.05187880189977,0.206513935037871,-9.93578860198216,2.90865231604432e-23,1.85772614475079e-20
"ANKRD18A",132.003601445862,-1.91501858648433,0.194265818845656,-9.8577227731751,6.34725815092117e-23,3.91879718237873e-20
"ABCA8",19.7600054470647,-2.30837356938994,0.235893936510318,-9.78564181656689,1.29769324866963e-22,7.75350785543832e-20
"FGF10",6.59078328610549,-2.93222841726313,0.303342911454002,-9.666381862059,4.18927448725464e-22,2.42480443915408e-19
"NOVA1",9.13130247522677,-3.04139841419195,0.315850932342541,-9.62922094810711,6.0184021445645e-22,3.37796498550375e-19
"MFRP",4.09163610492728,-3.83864826745789,0.40128469949689,-9.56589740967095,1.11232227312638e-21,6.05953915966084e-19
"H2AFX",31.1903821753621,1.81127112496283,0.189608053584346,9.55271197991125,1.26344760606705e-21,6.68616473130681e-19
"MRPS17",343.853203909252,-1.3992621332978,0.147737474816459,-9.47127419793902,2.76450574722516e-21,1.42233820694734e-18
"ANK2",31.2932645041742,-2.43164208914031,0.257871793846641,-9.42965515098729,4.1143942089193e-21,2.0596435010163e-18
"CXCL10",11.1790717912957,3.76034876203254,0.399961529574732,9.40177613089643,5.36496646560567e-21,2.61499760199864e-18
"ZNF223",67.5666760964469,-2.37291757175832,0.252467853783995,-9.39888994259258,5.51417308137813e-21,2.6188080464945e-18
"CLN3",2006.12242211231,-1.24585540972224,0.132998860035211,-9.36741419732777,7.43312009322745e-21,3.44190625916897e-18
"MMP11",96.0832669144089,3.43454198153129,0.368719773408111,9.31477568936838,1.22210495847832e-20,5.52093366852083e-18
"COL17A1",31.4513555856563,-3.54435208559431,0.381490729624186,-9.29079479620887,1.53140447066862e-20,6.75349371564862e-18
"RAI2",6.98821505870268,-2.10958952046669,0.227621067610322,-9.26798886682239,1.89688694921402e-20,8.17073024961444e-18
"NUSAP1",16.4504658552971,2.39358290895129,0.258375594981612,9.26396670367274,1.96975245853551e-20,8.29176250840788e-18
"HIST1H1B",48.1199008201717,2.80247710583658,0.302827933799661,9.25435467816053,2.15528370143068e-20,8.87114771508869e-18
"PAQR4",20.0883176063183,2.56575121351903,0.277860417036125,9.2339572541038,2.60813914980442e-20,1.05017289853647e-17
"MTHFD2",33.815814146102,1.86823619624149,0.203882784743319,9.16328565255534,5.03407339960675e-20,1.98385335122375e-17
"TK1",25.2042593496847,2.61159089761797,0.28510712093168,9.16003391666875,5.18810087754208e-20,2.00195842612155e-17
"ABCA10",10.5177492966816,-2.30573384894938,0.252719102132961,-9.12370228245065,7.26008150852948e-20,2.74431081022414e-17
"CNN1",58.6606469766592,-2.6215514413605,0.287948339570615,-9.10424225841944,8.68707073787509e-20,3.21803848413845e-17
"GSTM2",57.349291544358,-1.75808467117573,0.193497901994852,-9.08580740695835,1.02931833327432e-19,3.73824199390334e-17
"ITGB3",81.1701352914394,-2.22153495581757,0.244680768543687,-9.07931983800728,1.0925544257564e-19,3.89159482189617e-17
"NTRK2",13.0075926073143,-2.41033770521309,0.265738800846101,-9.07032656706013,1.18660833294421e-19,4.14686029109296e-17
"HIST1H2AB",18.5991175233589,2.73003246412306,0.303676011515893,8.98995100237013,2.47340675116939e-19,8.483785156511e-17
"ANKRD29",7.18646539735612,-1.91996325711904,0.214254632720973,-8.96112832070911,3.21372802664743e-19,1.08226673653752e-16
"FLG",29.5052066277195,-5.23267645322882,0.588156342645257,-8.89674406926337,5.75089099010301e-19,1.90210719497657e-16
"CCNB1",9.96738915129223,2.35823209370233,0.267525318349008,8.81498658988912,1.19699388248732e-18,3.88960012130352e-16
"SEMA6A",19.865833484699,-1.61702545478421,0.184127706782865,-8.78208653677041,1.60469548123924e-18,5.03765588195138e-16
"ABCA9",9.91671477283727,-1.7959435627822,0.20446599587409,-8.78358063943375,1.58351266524942e-18,5.03765588195138e-16
"TLR9",34.2193101949753,-1.90712600255008,0.21726084861536,-8.77804728603663,1.6633734170694e-18,5.13483373849324e-16
"COL10A1",19.4188193323802,2.57651192652529,0.294594805193484,8.74595166344868,2.21143771462478e-18,6.71479497545578e-16
"ACSBG1",33.3756062526794,-3.77398776780249,0.431747860163776,-8.74118464969552,2.30678632585884e-18,6.89133811734798e-16
"TNXB",66.7215516164393,-2.46842107809949,0.282862104046809,-8.7265881246892,2.62470839914301e-18,7.71664269348044e-16
"ZNF763",66.6840793201632,-1.81237059682381,0.208230802185633,-8.70366236791482,3.21342103974132e-18,9.29984132782635e-16
"IDH2",79.5862531604443,1.59827323029789,0.183734775060937,8.69880636242002,3.35393265736789e-18,9.55716010457969e-16
"PYCR1",39.2442789607373,2.52937202543445,0.292040224230775,8.66103986906852,4.67479990103419e-18,1.31191884495387e-15
"AKAP12",10.5220162808612,-2.49364976535345,0.290327367818805,-8.58909645373063,8.76559107244122e-18,2.42322802751875e-15
"PITX1",11.5915447255555,2.57125846476333,0.299652396527982,8.58080394001859,9.42123432766846e-18,2.56617797378052e-15
"CACNA1G",3.61664451215247,-3.48291259568241,0.407873329130319,-8.53920162690901,1.35152368425587e-17,3.61351883975425e-15
"HIST1H3B",117.506121902031,3.0502006317232,0.357250030163431,8.53799964783158,1.36565337859193e-17,3.61351883975425e-15
"NDUFA7",1352.24365499733,-1.11349348407609,0.130491515005786,-8.53307193212309,1.42512015949408e-17,3.71775712593653e-15
"CRYBG3",138.804141233652,-2.12554701608743,0.249300714846329,-8.52603658757111,1.51447379537051e-17,3.89598383859063e-15
"RPP14",259.42405625239,-1.18100850784682,0.138565513312272,-8.52310563874066,1.55330991580744e-17,3.94115154254594e-15
"HN1",54.2505961019606,2.33584478697009,0.274480067337461,8.51007072982924,1.73827285881038e-17,4.35084998525484e-15
"FLNC",18.3632823392391,-3.05055263650888,0.359156359076847,-8.49366176990388,2.00226450263871e-17,4.94479241571656e-15
"TSPAN7",7.53447996389098,-2.12006662051069,0.249670502378086,-8.49145814310172,2.04060423898383e-17,4.97316733084979e-15
"PDE2A",16.8694559502316,-2.01495365813432,0.23773348040366,-8.47568316718803,2.33703994202244e-17,5.54957100078713e-15
"CPED1",10.7781126237887,-2.00535557205513,0.236840461608616,-8.46711562051008,2.51544368954603e-17,5.8976010149078e-15
"TROAP",10.9404119999772,2.14466110462418,0.254554096043693,8.42516831572042,3.60232033893128e-17,8.34027216471064e-15
"ABCA6",14.8867351795173,-2.17097066612897,0.258109025979351,-8.41106062793265,4.06319622516525e-17,9.2911753682112e-15
"HIST1H2BN",55.688565748685,2.05927003564882,0.245004609421283,8.40502568712055,4.27767958683863e-17,9.66233918383233e-15
"PHYHIP",5.32782753231874,-3.62914711678539,0.432172971580578,-8.39744119932485,4.56312916228667e-17,1.01829251016715e-14
"LMNB1",21.5201808564828,1.75494216519916,0.20999632922798,8.35701353281242,6.43259236513098e-17,1.41838661651138e-14
"LMOD1",19.1667954549253,-2.3846395498501,0.286649409989545,-8.31901084302627,8.87004361596998e-17,1.93283468064701e-14
"CLEC3B",28.4094821623707,-2.8903293630309,0.348275043839075,-8.29898499522238,1.05004628997029e-16,2.24519105092027e-14
"HIST1H2BO",53.1365236942321,3.21852118241975,0.387845053040063,8.2984716633405,1.05459249233378e-16,2.24519105092027e-14
"CELF6",55.601283658924,-1.67733019942134,0.202319726006734,-8.29049264017643,1.12780372695938e-16,2.37377052622064e-14
"CBX2",9.78883035990215,2.32282802014274,0.280274029969461,8.28770336087091,1.15456089769539e-16,2.40278392664202e-14
"FN1",437.241668847654,2.35494529865941,0.285360628600517,8.25252351807844,1.55084366298919e-16,3.19163625843175e-14
"LPHN3",4.63339098953028,-3.47789148217381,0.421774952132932,-8.24584642730911,1.63995180470995e-16,3.33793267327886e-14
"MAST4",31.6190358771678,-1.18734344602497,0.144205601100298,-8.23368466249207,1.81541182917467e-16,3.6383324852068e-14
"SVEP1",13.1549223806052,-1.9214608338146,0.233387126837552,-8.23293409474133,1.82682713057031e-16,3.6383324852068e-14
"HIST1H2BL",26.4577053719949,2.62712236737812,0.321541216070953,8.1704062685339,3.07352660467423e-16,5.99240629176591e-14
"IDS",1256.28486051405,-1.56913943362992,0.192651306943234,-8.14497165125528,3.79370780280925e-16,7.31948499204509e-14
"HSPB6",78.9394009861973,-3.21482381184314,0.39479665330413,-8.14298648414989,3.8564532756113e-16,7.36383789390438e-14
"ARHGAP23",36.5532139186326,-1.55901567370068,0.191620413886955,-8.13595817938481,4.08692888613631e-16,7.72429559479762e-14
"CHL1",6.5785919370964,-1.928576139708,0.237166956408581,-8.13172361324031,4.23228923626769e-16,7.83904612341501e-14
"ATOH8",6.20466143118278,-2.28583567408861,0.281062421824258,-8.13283988393828,4.19348367014165e-16,7.83904612341501e-14
"SBK1",6.99886711606056,2.05796698471285,0.253301493507692,8.12457501222887,4.48932615460338e-16,8.23280188470929e-14
"LGI4",9.00384717570352,-2.03767569152056,0.25092891148297,-8.12052975274177,4.6415316472773e-16,8.42847540890884e-14
"HIST1H3F",67.2558904494809,2.94670578449444,0.363050341226936,8.11652118143174,4.79737020894664e-16,8.62688262234075e-14
"MASP1",5.52714759934114,-3.24491646409168,0.400275444799245,-8.10670878329581,5.20093133632855e-16,9.26265867418051e-14
"FAM90A26",13.0035267019608,-3.73247526563199,0.460526642864578,-8.1047976777525,5.28333617507221e-16,9.31980501282738e-14
"FAT4",5.46985254925677,-2.07039925664785,0.255885066162821,-8.09112969230662,5.91138699650365e-16,1.03293122593623e-13
"HIST1H3J",31.5563304585621,2.97243715816829,0.370352865730052,8.02595965420415,1.00735327662588e-15,1.74375676538922e-13
"RBMS3",18.7280833115073,-2.08150443980549,0.25955021327038,-8.01965990926436,1.06038342409023e-15,1.81855757231474e-13
"CXCL9",10.3217021913551,3.28808655202163,0.410753481482827,8.00501200903176,1.19455014279328e-15,2.02985850869882e-13
"ABI3BP",49.7055726651055,-2.27249126568748,0.283936462120888,-8.00352039577065,1.20911643970302e-15,2.03593224510721e-13
"AURKB",12.7287877766242,2.42590130951818,0.30382562113325,7.98451855531382,1.41071801869872e-15,2.35399271552592e-13
"DPT",39.2584612535252,-3.07011675812594,0.385463678394421,-7.96473683568306,1.65575771676298e-15,2.66061689243469e-13
"PGM5",11.3672815812843,-2.17581719397052,0.273222028281279,-7.96354967298076,1.67172857971942e-15,2.66061689243469e-13
"PLK1",14.2146895803018,2.05231180231274,0.257734525120451,7.96289050275123,1.68066178822405e-15,2.66061689243469e-13
"HIST1H2AH",45.1789823790936,2.4550845872145,0.308179041568296,7.96642294271794,1.63333256228946e-15,2.66061689243469e-13
"CYP4F12",8.48078825601822,-3.09799471208689,0.388893914375213,-7.96616917254683,1.63668847074782e-15,2.66061689243469e-13
"PLIN5",14.4149168659439,-2.9105530568379,0.365396896694806,-7.96545642058069,1.64615041434898e-15,2.66061689243469e-13
"CAPS",58.6654779055653,2.17348186152388,0.273169307575269,7.9565375803612,1.76920414249885e-15,2.77705077350539e-13
"LIFR",12.2905516154096,-2.06556732740211,0.259764509437848,-7.95169182992769,1.83981456166781e-15,2.86361725304296e-13
"TSHZ2",13.2297456583997,-1.66734288742607,0.210198196343247,-7.93224164827443,2.15225125851667e-15,3.32199981752049e-13
"MAOA",7.61614223014038,-3.07039543178501,0.388069802467856,-7.91196689940679,2.53353764043947e-15,3.87819703935702e-13
"FLAD1",30.1350426287091,1.08022951011027,0.136664000212217,7.90427258409566,2.69502707150212e-15,4.09158126380018e-13
"LYVE1",6.28856366679239,-2.38591673034035,0.301933512645705,-7.9021262311482,2.74185531430647e-15,4.11638754811909e-13
"CDCA8",5.06266053043745,2.71310457807177,0.343366051096254,7.90149337539262,2.75581500899885e-15,4.11638754811909e-13
"RECQL4",31.0358300874096,2.25659929269652,0.286279767828319,7.88249658652021,3.20903784665399e-15,4.75502391965802e-13
"PGR",8.86450393768815,-3.05006793749664,0.387102247479889,-7.87923076487716,3.29402647334064e-15,4.84221891581074e-13
"TP63",21.7319561190903,-3.01577557160652,0.382951598697032,-7.87508286130023,3.40517108070203e-15,4.96618730368213e-13
"DNMBP",7.60952910157997,-1.47427399896507,0.187294870104844,-7.87140618501619,3.50677060906288e-15,5.07440665789553e-13
"MCM2",21.2996218760776,2.0561180209769,0.261712840678938,7.85638952847288,3.95364247127781e-15,5.67669502736493e-13
"MRGPRF",12.4027445726145,-2.49577866453048,0.318056295299252,-7.84697143687177,4.26204272287004e-15,6.07242733176914e-13
"SCN4B",5.39983954566647,-1.91380520105723,0.244232252762446,-7.83600519346111,4.65106647195805e-15,6.5761109308097e-13
"ARHGAP6",3.82016546106195,-2.11921811242118,0.270527148224724,-7.83366152464952,4.73863393914984e-15,6.64916498643434e-13
"ADCY5",8.88428436032001,-2.1887292707295,0.279585293802439,-7.82848497130221,4.93783959686911e-15,6.87659135437667e-13
"ESR1",20.2685133163236,-2.39483484872924,0.306865779497902,-7.80417696834003,5.9891102097434e-15,8.27838054513935e-13
"FREM1",5.91648704833876,-2.39725081710138,0.307435685830517,-7.79756849184689,6.31113850648865e-15,8.65888203090243e-13
"AOC3",25.7677190715496,-2.25205330752999,0.289009243710566,-7.7923227597016,6.57884192719429e-15,8.95980221878623e-13
"PSMA2",198.495983122958,-1.36741200765875,0.175549815793922,-7.78931041012288,6.73758967465867e-15,9.10902452219181e-13
"FANCA",40.5690129527044,1.89813409943735,0.244133617650794,7.7749804295794,7.54590709046545e-15,1.01279196470725e-12
"MEIS1",15.4540483655372,-1.65542382070117,0.2133993745618,-7.75739771543594,8.66897437304872e-15,1.14690530955435e-12
"KIFC1",13.0973060946059,2.28957770304513,0.295141768809025,7.75755228507365,8.65841867982203e-15,1.14690530955435e-12
"KIF2C",7.35918838960615,2.51699544733513,0.324811957181814,7.74908494494321,9.25570899204913e-15,1.21584568759386e-12
"RBL1",124.633724609154,-1.27942398933873,0.165195358908352,-7.74491485592243,9.56459165024504e-15,1.24757300384393e-12
"RUNX1T1",21.3090473256441,-1.78059779468979,0.230051777830993,-7.73998710845828,9.94268951189053e-15,1.28651147017215e-12
"DTYMK",18.437667590477,1.50425609422561,0.194367656999347,7.73923047408381,1.00020328098903e-14,1.28651147017215e-12
"TMEM132A",77.6382125958037,1.92635899599865,0.249560360376231,7.71901031515791,1.17236416725695e-14,1.49755373144367e-12
"SH3D19",29.1243747399023,-1.29806571793376,0.168319466955467,-7.71191675813225,1.23941967667446e-14,1.56166879260982e-12
"SHPK",233.882760098986,-1.39475442062577,0.180845453312026,-7.71241076334552,1.23463003118086e-14,1.56166879260982e-12
"CYP4F22",5.03227552323029,-3.81238558924619,0.494768108271201,-7.70539880302162,1.30435304684326e-14,1.63238021173181e-12
"HIST1H3I",54.4713590068363,2.43277754910034,0.31677353724528,7.67986357148457,1.59258104120302e-14,1.97971718423908e-12
"HOXC4",71.035804457473,-1.41749401328662,0.184776540886357,-7.67139598180068,1.70134419617713e-14,2.10081981343952e-12
"STMN1",38.0696163465296,1.73249165778083,0.22591820228924,7.66866786396761,1.73791809966387e-14,2.13176947297842e-12
"DBNDD1",13.9902420176204,1.86905791122714,0.243838364551047,7.66515111216578,1.78620773535255e-14,2.17658813646053e-12
"HPSE2",3.9929397529209,-3.82901215065463,0.500586677811703,-7.64904924636234,2.02470695174154e-14,2.45108641569653e-12
"HIST1H2AI",96.7992718616763,2.94014923682857,0.384498599290682,7.64670987684355,2.06186809282512e-14,2.47986498800694e-12
"FOXM1",26.7125313868271,1.60200123793054,0.210012066823348,7.62813900249871,2.38166689371933e-14,2.82777142342753e-12
"JAM2",8.15766702853217,-1.35059874118212,0.177051079313769,-7.62829995963251,2.37869584027126e-14,2.82777142342753e-12
"HIST2H4A",74.2840621408666,2.3088638088459,0.303028062765662,7.61930689776212,2.55041433011392e-14,3.00883912244395e-12
"MCM4",52.6079610083456,1.58944334959097,0.208642350394271,7.61802839446258,2.57579646511004e-14,3.01955076751697e-12
"ZWINT",10.9809858269704,2.12116240890209,0.278519574096459,7.61584680639884,2.61968245503043e-14,3.05168292025621e-12
"ADH1B",38.8409788803181,-2.85480310721083,0.375484365509131,-7.60298795221451,2.89370438636157e-14,3.34982454026181e-12
"POLR2J2",785.166196929624,-1.43859447581337,0.189323726745428,-7.59859580488694,2.9936119344515e-14,3.4439552950255e-12
"CXorf36",11.5693953381339,-1.2611557217455,0.166130665917745,-7.59134814020383,3.16594063130084e-14,3.61972545512063e-12
"FLG2",13.9162615996701,-6.07691023410365,0.800909524420857,-7.587511508866,3.26107657526054e-14,3.7056233329433e-12
"TPX2",7.14612772865064,2.66862250882533,0.351841711828021,7.58472466200866,3.33193864045666e-14,3.76305899381331e-12
"ADIRF",66.3751502704809,-2.48569924407245,0.327764411821149,-7.58379846750665,3.35582288953156e-14,3.76706373090324e-12
"DNALI1",5.95877971186772,-1.95725717850978,0.258933929924894,-7.55890577599276,4.06474204493456e-14,4.53537061182397e-12
"COL11A1",21.7609387207182,3.83768932141385,0.507781171969368,7.55776214885998,4.10063000163138e-14,4.54801610121057e-12
"PAFAH1B3",19.4630065784692,1.70976930677514,0.226622544160005,7.54456849433289,4.53787486532971e-14,4.97437037585867e-12
"HAL",6.65168955299029,-3.82634373852247,0.507218752067949,-7.54377420574916,4.56561366966836e-14,4.97437037585867e-12
"GFRA1",9.68442075219996,-2.41363839986503,0.319930689388262,-7.54425405227654,4.54883619932362e-14,4.97437037585867e-12
"ABCC9",45.3343834945022,-2.83116181556287,0.375353949354285,-7.54264560272584,4.6053146424898e-14,4.98828291276001e-12
"FXYD1",20.9743358577395,-2.49213589952095,0.330946314343731,-7.53033284103155,5.06111447882882e-14,5.45011409167834e-12
"NCAPD2",25.8926115554853,1.47425792188895,0.195914373326607,7.52501154895475,5.27156644395166e-14,5.64392795808513e-12
"SLC7A2",9.14460381255053,-2.3834899528572,0.317018385388757,-7.5184596941731,5.5425326613686e-14,5.89993045711892e-12
"FOSB",161.237265664262,-2.79505868388251,0.371800765753818,-7.51762487152384,5.57802744356808e-14,5.90378424627246e-12
"ACE",358.627955261983,-1.22106690612904,0.162570058479831,-7.51101966467297,5.86685778311842e-14,6.17420112834769e-12
"ZNF286A",136.302426542141,-1.61154699649793,0.214866891652314,-7.50021087057772,6.37152492848705e-14,6.6674228658439e-12
"EPCAM",35.0135518331278,2.0888565036871,0.27888568514711,7.49000976003932,6.88684924894327e-14,7.16619223533299e-12
"PCSK5",36.4133019049512,-3.4163081237339,0.456191881971302,-7.48875255949604,6.95312843799448e-14,7.19473994014155e-12
"PAMR1",5.10922630927076,-2.22604167566602,0.297343135317991,-7.4864404496354,7.07666312389063e-14,7.28188635448346e-12
"CENPM",11.0007283116528,2.16689700614371,0.289483715341968,7.48538481200556,7.13378022235424e-14,7.30010371704117e-12
"FHL1",83.2839254549289,-2.97261099888527,0.397245650697304,-7.48305486458394,7.26145481736589e-14,7.38992671028851e-12
"LDB2",18.0788059971655,-1.89213637321704,0.252967217675063,-7.47976908078063,7.44533187140445e-14,7.53565229082804e-12
"ASF1B",9.58662316492692,2.23289603509883,0.298585440060149,7.47824821816167,7.53198366720083e-14,7.58192399368988e-12
"CADM3",6.09416828945957,-2.33119642508092,0.312068119036226,-7.47015245351066,8.01019630535486e-14,8.01972194420447e-12
"LRRC15",12.082189406528,2.35915120947281,0.315844401922922,7.46934628288436,8.05941944139054e-14,8.02562187599116e-12
"SORBS1",40.6858267844647,-2.0438090818292,0.273806409265887,-7.46443111871976,8.36602643736428e-14,8.2863926028268e-12
"MYOCD",4.00206838199526,-5.24450304786497,0.703022414628818,-7.45993717801155,8.65637432381822e-14,8.52837049073198e-12
"GFPT1",13.6462232083424,1.16183018816437,0.155990960547994,7.44806099073223,9.47220328764684e-14,9.28275922189391e-12
"PARP1",42.5115464105126,1.35582509633427,0.18208555564307,7.44608813997303,9.61485820844175e-14,9.37296861772411e-12
"MELK",7.8381482482792,2.19519331354452,0.29522384343643,7.435691128441,1.04022641673534e-13,1.00874731365298e-11
"CST1",13.1466514534491,4.85469520081694,0.652981461393436,7.43466007512253,1.04837203433664e-13,1.01135139687413e-11
"MRVI1",13.7257151928465,-1.56236440748121,0.210436512804552,-7.42439791773346,1.13294081696966e-13,1.08385979470982e-11
"EGFLAM",7.12412799373371,-2.01102258859794,0.270876540287806,-7.42412977683938,1.13523809617593e-13,1.08385979470982e-11
"MCM3",26.722316029938,1.61816965608614,0.218040062976501,7.42143271285212,1.15860111353708e-13,1.10049281153507e-11
"TMBIM4",320.829254076459,-1.43132182730062,0.193820266710344,-7.3847892771692,1.5269502619988e-13,1.44296799758887e-11
"HSPB7",13.1870499438902,-2.85124680487994,0.386679772078361,-7.37366423269261,1.66000965186883e-13,1.56074613055404e-11
"GPC3",5.60307890003802,-1.9666827979314,0.266925782862756,-7.36790120773984,1.73335156159794e-13,1.62147159716753e-11
"DDX11",38.3833875024833,1.52343332312102,0.207006799462359,7.35933953414913,1.84822380768906e-13,1.72024127467421e-11
"TBC1D8B",476.709743585739,-2.9443908491981,0.400558188303272,-7.35071940900839,1.97142880103853e-13,1.82574021264178e-11
"SEMA6D",6.28580185508037,-2.35808526755385,0.320829075813003,-7.3499736941806,1.98245866886874e-13,1.82682086889487e-11
"SLC52A2",34.777965976768,1.69147225144057,0.230316521170747,7.34412035594522,2.07116689525182e-13,1.89911649672546e-11
"RFX2",29.6772860066667,-1.67570838171271,0.228238722631766,-7.34191097106802,2.10565450918341e-13,1.92122821768942e-11
"ZBTB16",41.2893252421211,-2.22991190733563,0.304132035784868,-7.33205202004105,2.26655077628648e-13,2.05789477835187e-11
"MFAP4",81.8698392412007,-2.4648820285371,0.336572164025152,-7.32348747757079,2.4160814986367e-13,2.18295909842678e-11
"ATP1A2",4.37259333040804,-2.53601277396858,0.347068006708301,-7.30696210814965,2.73249571117768e-13,2.4568585224482e-11
"SPP2",122.225450590873,-3.46796543875012,0.475330454063686,-7.29590416330756,2.96660021252926e-13,2.654462277124e-11
"GPD1",21.8986992069231,-2.96174582774769,0.406054017087766,-7.29397002149971,3.00952429889515e-13,2.67992351269884e-11
"GPR133",11.1146907086358,-1.47552438639845,0.202326926395314,-7.29277319972486,3.0363900630589e-13,2.69090989224771e-11
"C21orf58",13.0431915885009,1.54085559394006,0.211343839800677,7.29075233701288,3.08228919036134e-13,2.7185790658987e-11
"ACACB",54.7850531221297,-1.27963899383189,0.175832862232008,-7.27758723590265,3.39843246523725e-13,2.98321166450826e-11
"SCARA5",7.67754281791294,-2.38169027790597,0.327476313140279,-7.27286274560487,3.51947881159116e-13,3.07489559190054e-11
"HIST1H2AL",29.1350581786283,2.50948189312215,0.345081206169479,7.27214883991588,3.53813431686931e-13,3.07668186934523e-11
"THSD4",16.9014485858524,-2.20058284757804,0.302851583037559,-7.2662088324139,3.69716878977095e-13,3.19995141701578e-11
"ZNF747",141.779866364974,-1.3767148026523,0.189585119544247,-7.2617239473322,3.82187582341326e-13,3.29250158145397e-11
"H2AFZ",38.5964474375513,1.45376523427228,0.200262260746477,7.25930701497816,3.89078463306905e-13,3.320972948097e-11
"TMEM182",539.741320160036,-2.82785431552622,0.389535481741249,-7.25955515755722,3.88365404750145e-13,3.320972948097e-11
"FGF7",14.064557647101,-2.39455846206886,0.329944506804878,-7.25745818670335,3.94431854391374e-13,3.35122330598029e-11
"FANCI",16.0374782353338,1.93200194114663,0.266295920714494,7.25509401707286,4.01382935564597e-13,3.39470992352853e-11
"LRRC45",16.2087741507554,1.38594260652342,0.191137785422458,7.25101320735812,4.1366533931928e-13,3.48268609766895e-11
"NRXN1",3.62618065171866,-4.06944916903213,0.561825079616857,-7.24326719591681,4.3800278334371e-13,3.67089934529059e-11
"MAMDC2",7.07512719925592,-2.16008453015409,0.298975262353725,-7.22496073136126,5.01246657177565e-13,4.18202278569498e-11
"F11R",49.866287244254,1.30641200090459,0.180879582945445,7.22255093488698,5.10212842120902e-13,4.23774092455755e-11
"TRIM65",21.4203467913691,1.00763852116214,0.139593000869009,7.2184028919021,5.26016787998726e-13,4.34950131576446e-11
"ITGA7",38.7240394006854,-1.79895177869607,0.249254552116531,-7.21732768136175,5.30191139722706e-13,4.36453346219732e-11
"HIST1H2AM",58.4652178769989,2.56805840118391,0.356055962670094,7.21251339796647,5.49284240950063e-13,4.50170031454737e-11
"TAP1",47.0410543529036,1.60621866150285,0.222807920745693,7.20898366686049,5.63710220710741e-13,4.58777831100648e-11
"AQP1",995.908459673102,-1.99461626628318,0.276694359078543,-7.20873483986347,5.64741094325384e-13,4.58777831100648e-11
"MAB21L1",2.57634477359375,-2.92400784616118,0.405913318983783,-7.20352772232636,5.86743454441677e-13,4.74570404505185e-11
"PRDX4",23.3271826076834,1.50786977505867,0.209368285994588,7.20199703549012,5.93369832335128e-13,4.77843305848314e-11
"CREB5",22.8569080294085,-1.78418900817646,0.248344193769651,-7.18433952932021,6.75328483068419e-13,5.4149065642395e-11
"LSP1",777.985670323687,-1.67836039130697,0.233743685235166,-7.18034538395507,6.95355284267116e-13,5.51292594501443e-11
"FAM13C",9.64033659048449,-1.77674887155995,0.247513832160776,-7.17838213747116,7.05411645053676e-13,5.51292594501443e-11
"IGSF10",4.34923328019214,-2.15921683069069,0.300785865761674,-7.17858475571298,7.043671997855e-13,5.51292594501443e-11
"PPP1R14B",51.0040322620845,1.4354907599482,0.199944693335866,7.17943915389077,6.99979667122292e-13,5.51292594501443e-11
"HIST1H2BM",19.4853034465971,2.50245367021247,0.348573592843312,7.17912579033879,7.01585737294465e-13,5.51292594501443e-11
"HIST1H3H",66.0494949071375,2.49273485095032,0.347198384382546,7.17956926954997,6.99313851241559e-13,5.51292594501443e-11
"SLC12A8",19.6034479255648,1.32109352554704,0.184253616542823,7.16997337873147,7.50123517249152e-13,5.83772596070958e-11
"WDR72",62.0833761498977,-2.5380273867284,0.354152999579446,-7.16647152429117,7.69553971034846e-13,5.96388228096545e-11
"TMEM212",149.855833058246,-2.7895748777593,0.389411093129169,-7.16357321858314,7.86008502656189e-13,6.04085040921076e-11
"GNAO1",5.23068946547808,-2.07816695019141,0.290367224093335,-7.15703005626904,8.24436267844036e-13,6.31000353430051e-11
"SLIT2",10.1996371781036,-1.7733728010693,0.247929656893816,-7.15272558872941,8.50715622344259e-13,6.48434352142402e-11
"FLRT2",9.37765154153413,-1.73661914935942,0.242980172822738,-7.14716402241734,8.85890030489499e-13,6.72477669865840e-11
"MOSPD2",34.6233370892631,-2.95628546395523,0.413995477143863,-7.14086415714133,9.27459753819431e-13,7.0115957388749e-11
"TMEM246",1.72981282466267,-3.78523920596359,0.530159967629876,-7.13980578896935,9.34628771162261e-13,7.03707077214122e-11
"HIST1H3C",78.611538622637,2.84032085178602,0.398447484958541,7.12846977081949,1.0149088159324e-12,7.61058343672063e-11
"HLF",7.65723610541608,-2.27848510850582,0.319864524985306,-7.12328167248459,1.05387134572897e-12,7.87088913935161e-11
"LEPR",6.04627806982682,-1.5958767280603,0.224309687272109,-7.1146134947099,1.12226886349617e-12,8.34805778701851e-11
"DLG2",8.14831576410651,-2.43499560317924,0.342527189626196,-7.10891186722015,1.1696140122392e-12,8.66543629387775e-11
"SAC3D1",8.04179102594123,1.55695688598554,0.219189019858398,7.10326131752117,1.21846697924552e-12,8.99141250581097e-11
"TFPI",41.1654506934737,-1.71990057926528,0.242221493950259,-7.10052832726097,1.24280857041183e-12,9.13464299252693e-11
"DCLK1",10.7890984207212,-1.55229093051678,0.218901788475922,-7.09126655074142,1.32890102699838e-12,9.72881613520314e-11
"CLSTN2",5.53192251883387,-1.93035180170415,0.272257575533359,-7.09016745602964,1.33949817898232e-12,9.7677894768152e-11
"LMNB2",25.2461932471121,1.55845222247879,0.219823962728081,7.08954657689695,1.34552111859757e-12,9.77323221908403e-11
"C7orf63",10.0993530236244,-1.62880900359535,0.22983829349623,-7.08676077784254,1.37287392556639e-12,9.93295736302369e-11
"NLGN1",2.4785744785633,-3.37705459482447,0.476697239075453,-7.08427554851002,1.39773550327076e-12,1.00734852107319e-10
"NR4A3",15.4052452641028,-2.45624567740467,0.347490206183697,-7.06853210161037,1.56581132307327e-12,1.12410687309935e-10
"PAGR1",300.464549321557,-1.19742274281056,0.169477742091594,-7.06536875009469,1.60190032201746e-12,1.14557520325898e-10
"PMEL",9.91225293908855,-2.75969407045315,0.39101206953347,-7.05782323738967,1.6913100721354e-12,1.2048632752343e-10
"BOP1",48.6657447691137,1.68031189917533,0.238194996194921,7.05435431481646,1.73404018390094e-12,1.23057058567867e-10
"UBQLN4",27.6145315610515,1.09656869480831,0.155537608984846,7.05018356631126,1.78681911073136e-12,1.26318563240329e-10
"SLC9A4",10.6073315631287,-3.65468790964736,0.518431220272861,-7.04951354535289,1.7954435681954e-12,1.26445649316027e-10
"HIST2H4B",40.837054115699,2.40673906914041,0.341706570174539,7.04329175734339,1.87750518576094e-12,1.31724057010091e-10
"CCDC167",7.33419778793889,1.64248089708911,0.233280495404794,7.04079822121021,1.91141638676784e-12,1.33597186097034e-10
"GALT",404.367538064326,-1.89964588621367,0.269928001534817,-7.03760215839867,1.95576140845438e-12,1.36182754915008e-10
"EGR3",36.8711575065324,-2.39109882373442,0.340059893858584,-7.03140495811825,2.04464120126511e-12,1.41838368276525e-10
"PRC1",21.2483683952163,1.79785798719803,0.255785965247103,7.02875932016519,2.08378056367715e-12,1.44014117912046e-10
"PPP1R14A",14.3804696884949,-1.93190998411575,0.275165552167909,-7.02090057747084,2.204426836822e-12,1.51785850823855e-10
"GALNT16",19.2120081864032,-1.79465551110886,0.25594889803331,-7.01177275971431,2.35317187833753e-12,1.61427590853955e-10
"ALG9",256.357442428318,-1.67562712476736,0.239008488304621,-7.01074316085268,2.37055556240841e-12,1.6202003736874e-10
"SULT1B1",148.278410254134,-2.78562318146436,0.397509039379095,-7.00769770120316,2.42271549782288e-12,1.64976236951013e-10
"CDH8",368.740609378564,-2.35303676020811,0.335850612749966,-7.00620058704462,2.44876778233717e-12,1.66139475693953e-10
"SYBU",8.84174322802318,-1.8765963758521,0.268539921589255,-6.98814673343967,2.78540995230223e-12,1.8828964648373e-10
"HIST1H2BF",16.2537120995999,2.17760126844026,0.311742933101345,6.98524661578245,2.84356034403267e-12,1.91521544335175e-10
"ADAMTS8",3.43153333694244,-2.39452081617128,0.343228679836551,-6.97645901068517,3.02712602861208e-12,2.03146479354902e-10
"CKS2",11.5703828006732,2.2516373195839,0.323049560543353,6.96994391757341,3.17067355360635e-12,2.12011608519483e-10
"CRIP1",1335.86751196752,-1.59976571601617,0.229647737911443,-6.96617232360058,3.25680190822283e-12,2.1698735591404e-10
"BEGAIN",6.40783208161742,-1.96835427985115,0.282779546610822,-6.96073780244127,3.38495254333059e-12,2.2471717207014e-10
"CENPA",4.62775459553628,2.35952213247579,0.339149189127573,6.95718052148502,3.47150017671585e-12,2.28011086074933e-10
"KBTBD4",113.993351345263,-1.74486596041873,0.250794405259652,-6.95735600087349,3.46718039311967e-12,2.28011086074933e-10
"PMEPA1",65.4540083682438,1.83586432058936,0.263929848628686,6.955879867806,3.50368335483911e-12,2.29311742396926e-10
"LAMA2",11.3942646189677,-1.87761886137001,0.270182612120729,-6.94944373596852,3.66729344808922e-12,2.39174680441931e-10
"PREX2",5.37171204533827,-1.73000040384063,0.249105470778995,-6.94485110435601,3.78859697078257e-12,2.46218923132754e-10
"HIST1H2AD",65.5296365451383,1.97359572970298,0.28453739749096,6.9361558343686,4.02913142857278e-12,2.60026384390331e-10
"CDHR1",6.94519871272512,-5.64684555117227,0.815181900778205,-6.92709878099792,4.29558654958695e-12,2.7625990997031e-10
"KIAA1328",732.728570623972,-2.69703576018043,0.389408885619625,-6.9259738536498,4.32986435309922e-12,2.76755422248726e-10
"CLPSL1",6.954977729034,3.91088690054022,0.564678423356101,6.92586565871655,4.33317527546327e-12,2.76755422248726e-10
"SDPR",8.69050611232207,-2.75474765870945,0.397820999188935,-6.92459086957637,4.37237306956782e-12,2.78299292077441e-10
"CHRDL1",13.3267896076072,-2.2815749855805,0.329587173836225,-6.92252358920446,4.43667885997404e-12,2.81425225494655e-10
"ADAM33",30.6852892641281,-2.46737307744068,0.35711193141501,-6.90924290225767,4.87247049321018e-12,3.08013305376242e-10
"CIDEA",12.4806070593173,-4.09075878169941,0.5926949291685,-6.90196352352532,5.12886069097621e-12,3.2202290751953e-10
"FSIP2",147.015916720954,-3.19058418735142,0.462255827055128,-6.90220436522677,5.1201701682801e-12,3.2202290751953e-10
"IRAK1",63.1206533393413,1.55068026129978,0.225434319776808,6.87863437490369,6.04290335020995e-12,3.76857427113093e-10
"DUX4L4",75.2693366793144,-6.30624155867963,0.916735197430589,-6.87902196441749,6.02648691293357e-12,3.76857427113093e-10
"C1QTNF7",4.3470196860653,-3.23725380286297,0.470880735998634,-6.87489114626332,6.20372118563188e-12,3.85579850473638e-10
"BTNL9",36.8399185422819,-2.26285243386502,0.329170100645178,-6.87441669042782,6.22440207815667e-12,3.85579850473638e-10
"SNURF",310.579898362973,-1.62019415484624,0.235873859886418,-6.86890084228251,6.4698455550092e-12,3.99448264566268e-10
"ALDH1A2",6.4383808034672,-1.91998987923581,0.279753622840025,-6.8631457199528,6.73604501868965e-12,4.14501746964019e-10
"LCN10",3.43035153414782,-2.74189788091956,0.399617161283997,-6.86131164164636,6.82311281294226e-12,4.18469190467936e-10
"C4orf32",317.402033138835,-2.70113873815237,0.393725059507662,-6.86046943908027,6.86346263178731e-12,4.19554636521335e-10
"HIST1H4A",30.4502992974018,2.09910137928885,0.306007019059539,6.85965108166502,6.9028939965962e-12,4.20576982253141e-10
"REL",67.9795664539027,-2.55250577864678,0.372229465994644,-6.85734476131858,7.01521899358826e-12,4.26019299013908e-10
"ITFG3",576.76972103187,-1.49416452274676,0.218176866136697,-6.8484095000732,7.46755512556958e-12,4.52006719071241e-10
"TBX18",9.61170267745983,-1.30468369551795,0.190585789778433,-6.84565043928365,7.61291679975827e-12,4.57813133003645e-10
"TIMP4",4.33143914124577,-3.15329215286412,0.460612398743179,-6.84586902451638,7.60130017266662e-12,4.57813133003645e-10
"BLOC1S6",820.023300237593,-2.68974443082921,0.393110999060378,-6.8422008981135,7.79856146400074e-12,4.67459402706219e-10
"CDCA3",12.0918836191021,1.78734856511585,0.261261713342029,6.84121887685836,7.85221740427106e-12,4.69157325038415e-10
"ISG15",61.311346698589,2.79608400777012,0.409025589135723,6.83596352413621,8.1455669096389e-12,4.85119582959266e-10
"HIST1H2BJ",53.9414966517987,2.37587256352827,0.347638649094601,6.83431652296442,8.23969170599755e-12,4.89152467238739e-10
"EFCAB1",4.07321152937236,-3.86150820888313,0.565227593812351,-6.83177582120152,8.38698449753478e-12,4.96305836624087e-10
"UBE2T",4.25903064082245,2.53284431640354,0.371118833296464,6.82488758090109,8.79941953462808e-12,5.19053658026692e-10
"PLIN4",42.832144504438,-2.81820830414281,0.413005998669975,-6.8236498094905,8.87560902818414e-12,5.21885810857228e-10
"GRIK3",3.1464395164573,-2.80698981250143,0.412044199729121,-6.81235123403449,9.60163281856609e-12,5.62789376789497e-10
"KCNJ15",17.8694923490962,-2.28709067473335,0.335860336765942,-6.80964801249275,9.78378270037782e-12,5.7165685544605e-10
"IGF1",20.0133701117865,-1.86166086774419,0.27343525436182,-6.80841565982112,9.8679410757261e-12,5.74761020769179e-10
"UBE2S",33.4647827821925,1.54404126787239,0.22692449065893,6.80420726466715,1.01607167581369e-11,5.89958607505369e-10
"THRB",9.1492361729785,-1.5537492232154,0.228368219208297,-6.80370162101325,1.01964617122898e-11,5.90183949484473e-10
"POLD1",25.5930913339757,1.35879904647933,0.199756306428905,6.80228359630258,1.02973631518739e-11,5.92717985611136e-10
"FNDC1",12.3834900658804,1.94709950233187,0.286246083294951,6.80218740434454,1.03042431360968e-11,5.92717985611136e-10
"ADAMTS5",4.67757143596753,-1.64477204836422,0.241899108081716,-6.79941344723188,1.05045951556386e-11,6.02371862144697e-10
"PM20D1",24.595522717064,-6.96355702400482,1.02446007379,-6.79729469421203,1.06601902218443e-11,6.09407541015433e-10
"SPTBN4",3.3235770463638,-2.1876649092611,0.322136571749692,-6.79111004807294,1.11274001113485e-11,6.34159091884297e-10
"PIK3R2",399.910145628972,-1.19929758018546,0.176844761631522,-6.78164040099952,1.18818926549918e-11,6.75081029925639e-10
"ZNF385D",6.73213815217778,-1.70825440996109,0.252326713390351,-6.77001014679888,1.28773364092097e-11,7.29400687985876e-10
"MEX3A",17.0407653724018,2.40002795189165,0.354639311237101,6.76751808342832,1.31010280650927e-11,7.39808664090388e-10
"MEIS2",16.4401889946024,-1.53731744066479,0.227302723990808,-6.76330408045158,1.3487972985089e-11,7.57043138272174e-10
"HIST1H4L",26.8355478083794,2.45413506992335,0.3628448512888,6.76359347860781,1.34610452072572e-11,7.57043138272174e-10
"ASTN2",103.375646883547,-2.18938642213526,0.323800925435656,-6.76151996536008,1.36551494711616e-11,7.64110811192918e-10
"ADAMTS15",8.10700936882191,-1.81126578447607,0.26801767263079,-6.75800877866437,1.39901056151275e-11,7.8049619338371e-10
"HIST1H3A",33.0017054381464,2.15011690261179,0.318210502456905,6.75690112680357,1.40974321227493e-11,7.84122035368053e-10
"HIST2H3D",56.9582551696307,2.53328975546151,0.375235646234689,6.75119696351312,1.4663037888788e-11,8.1314008316207e-10
"NXPH3",3.83095263353488,-2.3015403393722,0.34096647834877,-6.75004871598548,1.47795522736555e-11,8.17154827500437e-10
"FAM189B",30.2078001921532,1.07974402624456,0.160002249312724,6.74830529497246,1.49581953024864e-11,8.24570516049562e-10
"MMP9",20.8913783041529,2.44046214198917,0.362167646177509,6.73848745945965,1.60043867999557e-11,8.79623894091335e-10
"PLA2R1",7.86847334693738,-1.57454032738521,0.233721630283566,-6.73681903328706,1.61891601702775e-11,8.87146818561775e-10
"MMRN1",2.49503558470693,-3.16225253803488,0.469528295017402,-6.73495627759276,1.63979236369209e-11,8.95936110923446e-10
"MROH1",72.5443856713872,1.24254584672687,0.184515553455533,6.73409814759229,1.64949810858642e-11,8.96764499541414e-10
"AC139426.2",12.4275687389361,-1.78785253065791,0.265497686065096,-6.73396652586855,1.65099176300411e-11,8.96764499541414e-10
"PER2",28.6020411901366,-1.12712517589492,0.1673941590713,-6.73336024475524,1.6578890113317e-11,8.97877785610693e-10
"CTSG",6.41736181017287,-2.8690973509164,0.426583890300935,-6.72575175985289,1.74688164109624e-11,9.43316086191972e-10
"SNCA",5.46057334264422,-2.9525803158969,0.439060782736192,-6.72476438796617,1.75876798132643e-11,9.46973853201397e-10
"TM9SF1",334.913795302417,-1.59755441874096,0.237596084711516,-6.72382468204673,1.77015403786427e-11,9.50341828676002e-10
"INCENP",17.7486898834121,1.22872941722912,0.182888391286243,6.71846588286738,1.8364772860617e-11,9.80266060300712e-10
"IQGAP3",17.1488099368589,2.54641500790444,0.379014277454274,6.71852001198465,1.83579534503268e-11,9.80266060300712e-10
"HIST1H2AJ",54.7014178578453,2.64157791273257,0.393413720421445,6.7145037796414,1.88707286909609e-11,1.00437826670683e-09
"TAC1",2.3747367389872,-3.74127297732422,0.557382201023197,-6.71222182993339,1.91682986825843e-11,1.01438636628236e-09
"CTHRC1",45.1483495174911,2.23872304580459,0.33352219339961,6.71236604372608,1.91493577287895e-11,1.01438636628236e-09
"OGN",4.98122915693863,-2.17040792462117,0.323452393450083,-6.71013097621774,1.94449798678549e-11,1.02609662994988e-09
"CHP2",6.27595389156421,-2.13122353236981,0.317767071565127,-6.70687343994677,1.98838569795543e-11,1.04627499708893e-09
"HDGF",113.244086173454,1.29034517041546,0.192439419479629,6.70520194825286,2.01128016961798e-11,1.05532383290834e-09
"MEOX2",2.93275435399697,-2.31682043951127,0.345681581421721,-6.70218074675151,2.05331830284589e-11,1.07433789845513e-09
"ATP9B",254.221152138224,-2.24467747934633,0.335046926971327,-6.69959130691691,2.09003243435302e-11,1.09046706335455e-09
"MEOX1",4.80159868327011,-1.95526303052076,0.292288823443921,-6.68948955174778,2.2395037304389e-11,1.16517101390981e-09
"KCNJ12",3.72946765482842,-4.10880084675403,0.614275836710322,-6.68885311972908,2.24926342551358e-11,1.16697078900175e-09
"SLC22A3",3.07541320317998,-2.67550108480112,0.400027080969941,-6.68829989788158,2.25778091114788e-11,1.16811782224249e-09
"MIPOL1",87.5840781801606,-2.36072699636753,0.353034147164351,-6.68696502967042,2.27846296788495e-11,1.17553457078454e-09
"RAPGEF3",33.132110900126,-1.50408826494812,0.225028615794349,-6.68398665493588,2.32527990128784e-11,1.19635650921259e-09
"MAPT",9.96835646496057,-1.38396442414292,0.207156426633749,-6.68076992170639,2.37690149236799e-11,1.21952823938061e-09
"GPI",119.080615109406,1.03961533833381,0.155624777630325,6.68026874745703,2.38504462053412e-11,1.22032586910312e-09
"ZNF8",62.9450702359772,-1.46937891735065,0.220028920218179,-6.67811720338229,2.42031450397061e-11,1.2349604750012e-09
"TIMM10B",296.458192387369,-1.56999181786024,0.235190607280893,-6.67540186239314,2.46555608816893e-11,1.25458873255673e-09
"TMEM132C",2.96773959740968,-3.42633741077212,0.513529953221201,-6.67212767099534,2.52121081289547e-11,1.27939360757397e-09
"TYMS",20.0491290981437,2.01125509813646,0.3014875051448,6.67110597890445,2.53882793363876e-11,1.28481341494145e-09
"SEC14L6",7.96797905409154,-3.38916679623973,0.508078570593303,-6.67055646980362,2.5483529407007e-11,1.28611970484083e-09
"ARHGEF25",15.5968146389283,-1.34338438829649,0.201421440310017,-6.66952031635177,2.5664085388884e-11,1.29171247166551e-09
"CASQ2",2.18056097303611,-3.59283126737584,0.53874449052381,-6.66889653735967,2.57733858697927e-11,1.29369824683008e-09
"SSBP2",392.308650547824,-1.91990511668168,0.288312555529371,-6.65911032960929,2.7549007965925e-11,1.37908844741855e-09
"CD34",21.3759904616523,-1.39415699651476,0.209513328486926,-6.65426398684586,2.84721236287486e-11,1.42145734191828e-09
"AURKA",6.7816133568115,1.74853425405006,0.262863647035851,6.65186789336293,2.89396410471865e-11,1.4409140631075e-09
"TSPYL2",21.6435822389477,-1.39554928499256,0.210047556235029,-6.6439682041863,3.05348472672549e-11,1.51626391711554e-09
"IL6",20.9944649941854,-3.53981147207034,0.53300303072913,-6.64125955762015,3.11013786343725e-11,1.54026667129906e-09
"AL953854.2",3.71331702961453,-3.36024691438914,0.506158313817181,-6.63872709913212,3.16403573829461e-11,1.56278053185847e-09
"ADCYAP1R1",3.5218478408795,-2.04722305931962,0.308464182648884,-6.63682584389358,3.2050995497106e-11,1.57885249626968e-09
"EGR1",263.128934996835,-2.38476801577975,0.359540655528734,-6.6328187900552,3.29336035524702e-11,1.61777843133901e-09
"EBF1",19.4297833029598,-1.6870390459853,0.254361343737034,-6.63245059646096,3.30158863538574e-11,1.61777843133901e-09
"CTTNBP2",3.45612035736315,-2.14375463633722,0.323298462698036,-6.63088410147965,3.33682165776709e-11,1.63072851570348e-09
"GPR17",7.10612380099177,-1.51500375139901,0.228576107198113,-6.6280057437758,3.40252234564251e-11,1.65846102331554e-09
"C1orf21",6.72702404103642,-1.65510838325012,0.250285398081026,-6.61288431502626,3.76902998319058e-11,1.83228276505659e-09
"GRIK5",2.6959694735165,-2.27505327032979,0.344214258266388,-6.60941031841024,3.85853882557914e-11,1.87088628605699e-09
"GLDN",3.96063855892943,-2.31166700777004,0.350782748255726,-6.59002479245302,4.39753136207842e-11,2.12665994486727e-09
"RASEF",277.392942904157,-2.11050966072541,0.32049113631728,-6.58523566354124,4.54164436230802e-11,2.18900523423338e-09
"TMEM45A",323.137650669287,-2.33258416867387,0.354229070220369,-6.58495974715669,4.55008646571564e-11,2.18900523423338e-09
"DCAF8",1670.55896430451,-1.65514601015625,0.251621697923516,-6.57791447961436,4.77092483326988e-11,2.28930232543587e-09
"ESPL1",7.15287975182026,1.57165048160509,0.239361265386859,6.56601843688017,5.16784202380576e-11,2.46063676002392e-09
"AK5",11.3253642194156,-2.30612392935962,0.351213537563664,-6.56615899648114,5.16296877649716e-11,2.46063676002392e-09
"GOLGA6A",11.4796867965432,-3.47796893880103,0.529680395528943,-6.56616512175781,5.16275651340567e-11,2.46063676002392e-09
"LAMC3",5.91544009474458,-2.00407846309087,0.305265766237141,-6.56502852512467,5.20229025403583e-11,2.47068769449363e-09
"NUP210",26.3964038255817,1.62091556639322,0.24729099761116,6.55468893753238,5.57579794170977e-11,2.64130254415213e-09
"TENM2",5.63394973625075,-2.14494220350011,0.327351691115389,-6.55240911141049,5.66161780827066e-11,2.67511441440789e-09
"OAS3",35.5144808734689,1.29681451179084,0.197990673633674,6.5498767592974,5.75845852669529e-11,2.71394831632189e-09
"AGTR1",2.06263960541492,-3.39988413695661,0.519360197696401,-6.54629321237292,5.89827234353958e-11,2.77278681083858e-09
"UBE2C",17.9196698271795,1.59380502884604,0.243505292789281,6.54525825943852,5.93926580171298e-11,2.78498939694501e-09
"LLGL2",64.0546825776597,1.29940949701081,0.198577861852409,6.54357683625669,6.00646018381163e-11,2.80938524051917e-09
"SCRN3",112.307948913764,-2.05463453287252,0.314135407617733,-6.54060154649225,6.12718769443991e-11,2.85863401703819e-09
"ZNF668",161.560319655718,-1.38592119699436,0.212095200112969,-6.53442980442827,6.38523333025701e-11,2.97153999354322e-09
"USP17L2",12.5989679237726,-2.67119365275713,0.409225842470505,-6.52743149511546,6.6907091685084e-11,3.10589762453916e-09
"RPAP2",55.1547349744577,-2.29206884060376,0.351247404356882,-6.52551111317231,6.77700327586732e-11,3.13809136689036e-09
"RORA",30.1942377346896,-1.38970148427517,0.212986592724889,-6.52483081914092,6.80783324461176e-11,3.14450591911968e-09
"RHOJ",14.7097484801176,-1.81526002009866,0.278252380677984,-6.52378971808126,6.85528023857103e-11,3.15070721039237e-09
"CFD",139.995652113735,-2.32898371524951,0.356987240517454,-6.52399708144648,6.84580416962686e-11,3.15070721039237e-09
"LDB3",3.45700854813883,-2.25820163706477,0.346170749185602,-6.52337507538519,6.8742670237745e-11,3.15161321322652e-09
"RERG",31.368114488072,-1.93017999917373,0.295977989315113,-6.5213633069139,6.96711986750034e-11,3.18629615273682e-09
"IGFBP6",24.1092546515094,-2.13903673941505,0.328175903580006,-6.51795794901676,7.12709644545761e-11,3.25143055080704e-09
"HHLA1",72.7201043682996,-2.23702318671312,0.343573133618117,-6.51105388583608,7.46253654537662e-11,3.39609586961832e-09
"CYSLTR1",128.488714765493,-2.55230872375521,0.392410016453495,-6.50418851899437,7.81138879917229e-11,3.53747049726819e-09
"KIAA0391",144.30921421725,-1.55155964271282,0.238569006043008,-6.50360945224006,7.84153191975605e-11,3.54245985896882e-09
"NR4A2",20.3801765093499,-2.10513993868247,0.324057203009065,-6.49619856968148,8.23749165256322e-11,3.7122827345201e-09
"ACSM2B",11.1667547126825,-2.73523755370406,0.421599490726347,-6.48776294532923,8.71202093027457e-11,3.91660319588703e-09
"NCAPH",3.80993833686823,2.21882305209746,0.342080658312488,6.48625696361524,8.79950392818783e-11,3.94635379559068e-09
"HMGA1",93.5181449667392,1.5463785019177,0.238429743854607,6.48567782239731,8.83337461014655e-11,3.95197498862643e-09
"CA12",17.4654919517898,-2.04720962107079,0.315753776929078,-6.4835633669415,8.95812283447735e-11,3.9981289431371e-09
"PTH1R",4.55300888777109,-1.92340315241859,0.297045473705411,-6.47511348490058,9.47407076548222e-11,4.21823891149667e-09
"TRIM46",6.40974894591302,1.4244852873745,0.220025442694224,6.47418439400277,9.53254334963137e-11,4.23409515400173e-09
"NAA60",555.006088296157,-1.49043002246055,0.230370958372853,-6.4696958027509,9.82004068001036e-11,4.3513586955778e-09
"TMEM178A",4.67503379886058,-2.73268127225974,0.422431727138488,-6.46892999910462,9.86993022616563e-11,4.36302739019188e-09
"RNASEH2A",21.114156873849,1.16094495104926,0.179622043198642,6.46326547886657,1.02467290601338e-10,4.51880751551902e-09
"TCF19",10.6671317390467,1.69135492321492,0.261703303612083,6.4628718853392,1.02734268284981e-10,4.51981975575871e-09
"C16orf59",6.58610468276232,1.77859243307974,0.275392997168216,6.45837930291791,1.05830218567821e-10,4.64499362159523e-09
"TPRG1",8.29544183838932,-1.60645234382755,0.248811875026772,-6.45649386169651,1.07156526072054e-10,4.69208788630399e-09
"PENK",6.02933881440417,-3.57328141707147,0.553554699734799,-6.45515505293945,1.08108157991417e-10,4.72259269414395e-09
"CCNA2",2.80995264002131,2.44980170657385,0.379650497097061,6.45278150642732,1.09815633561493e-10,4.78589450547287e-09
"POLA2",14.182198969752,1.05789479985758,0.163985603366743,6.45114435742062,1.11008694834859e-10,4.82653297120013e-09
"CACNA2D1",7.69228942678955,-1.43779433429294,0.222959171958612,-6.44868888623175,1.12821891032681e-10,4.89388071594221e-09
"CPEB1",5.38989152963873,-2.92461080278443,0.454688369094631,-6.43212142991006,1.25835145173093e-10,5.44560410957016e-09
"HIST1H2BB",13.4482965557308,2.56301683750063,0.398573964968192,6.4304672727562,1.27212269047979e-10,5.49236747623933e-09
"CMYA5",5.73814452538647,-1.64769593654045,0.256281573492911,-6.42924075298776,1.28242874453561e-10,5.52398725727642e-09
"CSF3",6.37531976080176,-5.5193374835373,0.858675415858958,-6.42773437040368,1.29519810211313e-10,5.56604622908109e-09
"CHTF8",517.745180952033,-1.46663860186739,0.228373864253636,-6.4220947815575,1.34411683771572e-10,5.76290094170617e-09
"HIST1H2BE",28.6279956370256,1.96692854780834,0.307100363705095,6.40483952567755,1.50527620350528e-10,6.43896670700342e-09
"SLC38A6",49.8807097908639,-1.94727423055619,0.304237993102504,-6.40049656750173,1.54872432746546e-10,6.60955575882841e-09
"PID1",8.04473303607625,-1.81510084566377,0.283702922935797,-6.39789265080831,1.57535974383931e-10,6.70777314376822e-09
"ALDH1L1",9.80068865898376,-1.87992310391426,0.293881251433197,-6.39688001444893,1.58583842183647e-10,6.73690349753557e-09
"CDT1",15.3226453000232,1.74454157325103,0.273155007510623,6.38663588542552,1.69574753233049e-10,7.18733084526894e-09
"GAREM",7.38236296051567,-1.64606626510268,0.258429848525168,-6.36948972611564,1.8965812334767e-10,8.02020036677063e-09
"F10",4.11634842847129,-2.06245631639001,0.323856075546743,-6.36843484534946,1.90966861934951e-10,8.05714855753796e-09
"OPHN1",37.4327316096922,-2.13567745045988,0.335433263001104,-6.3669220856396,1.92859079281089e-10,8.1184906055553e-09
"IGF2",110.720936184654,-2.57849112949256,0.405253366263909,-6.36266430866216,1.98283739664909e-10,8.32791706592617e-09
"EDNRB",5.26653054154947,-1.71120321331574,0.269320333945052,-6.35378394289705,2.10081854530954e-10,8.8034753611365e-09
"TPO",8.42004667640844,-2.60364000319512,0.409822978447263,-6.35308447822958,2.11039739248866e-10,8.82365248389953e-09
"BAX",36.8035026599583,1.10876812610138,0.174560034125425,6.35178683171376,2.12828119140347e-10,8.87838383494935e-09
"SULF1",49.4399164783184,1.28302503826306,0.202080475209981,6.34907967694493,2.16606831920389e-10,8.99549717674764e-09
"KIF26B",9.82605281450551,1.9385357185456,0.305364851833286,6.34826079985115,2.17762695103473e-10,9.00453349864455e-09
"DMD",88.6637477325899,-1.64758041014406,0.259533548328248,-6.3482367530392,2.1779672861423e-10,9.00453349864455e-09
"SEMA3G",12.7208681938456,-1.78136939379393,0.280674935033699,-6.34673485746083,2.1993269286063e-10,9.07259095136879e-09
"MDFI",44.0766126014072,2.21064320852561,0.348332708871672,6.34635551650138,2.20475412161203e-10,9.07476796455511e-09
"IL33",3.69349018676041,-2.14506659681963,0.338024708834646,-6.34588697440147,2.2114755667741e-10,9.08225065361194e-09
"CCL27",4.93311951051782,-4.14057793823486,0.652806452441084,-6.34273439355831,2.25722403165354e-10,9.2496246713024e-09
"1-Sep",266.180133148167,-1.4381291669966,0.226763482683103,-6.34197865538322,2.26832749504601e-10,9.27460526782388e-09
"PI4K2A",145.502050002097,-1.43020800464971,0.225715258563454,-6.33633726737019,2.35291443199692e-10,9.59926896683855e-09
"CERS3",7.4170255041258,-4.73425122616417,0.748127400942333,-6.32813504785542,2.48141927385782e-10,1.01012852286581e-08
"NR3C2",6.38625867292338,-1.40196705740942,0.22163275589957,-6.32563111765257,2.52199648391415e-10,1.02439515076881e-08
"EFNA3",229.244309246827,-1.08546861419973,0.171692236122035,-6.32217646363581,2.57904612029347e-10,1.04527554135833e-08
"CDC27",87.8750497748098,-2.50216216060354,0.395843720081158,-6.32108590756608,2.59731572632706e-10,1.05038170050283e-08
"ABCB1",3.64023891898521,-1.9447383921059,0.307748509382802,-6.3192455294296,2.6284337993999e-10,1.05834458331489e-08
"GPRASP1",7.19592047061501,-1.7844542604102,0.282379595542538,-6.31934562049965,2.62673208450428e-10,1.05834458331489e-08
"MMP1",6.79041470121923,4.61589750732429,0.731251057307874,6.31232934461369,2.74866492057899e-10,1.10435513360009e-08
"SLC5A3",73.8054498379144,-1.67397641949585,0.265226482495987,-6.31149802139832,2.76347335501299e-10,1.10790159050975e-08
"IL4I1",9.78792232491096,1.86902249890195,0.29630081230132,6.30785479251831,2.82929463599167e-10,1.13184007014768e-08
"SPARCL1",44.3907084194291,-2.04248041254358,0.323951432278364,-6.30489699699345,2.88385618929267e-10,1.15118069694135e-08
"TACC1",50.4220392996974,-1.40509832525794,0.223052736067788,-6.29939963987221,2.98800690807305e-10,1.19019062260923e-08
"WDPCP",234.214618419051,-2.47017982732934,0.392259783164591,-6.29730585022237,3.02863333010579e-10,1.20378426051973e-08
"HSPB8",9.87680959593417,-1.97474960795084,0.313628579090781,-6.29645937776365,3.0452103565983e-10,1.20778128961271e-08
"SPRY1",44.1489066220048,-1.19869372219433,0.190393315287273,-6.29588134638916,3.05658119872218e-10,1.20970078980197e-08
"TWIST2",14.9551355493667,-2.21583481471998,0.352058318109476,-6.29394251105565,3.0950249044077e-10,1.22230386523325e-08
"INHBA",14.434131117168,1.95823701352141,0.311625046562706,6.28395257416311,3.30071436438037e-10,1.29800066787799e-08
"FILIP1L",25.9640973203136,-1.58133193793747,0.251634932925134,-6.28423056987856,3.2948140438241e-10,1.29800066787799e-08
"SHE",5.44781010521405,-1.25751588806765,0.200249653602091,-6.27974064098219,3.39138298577368e-10,1.33083041657839e-08
"STEAP3",22.1638191208383,1.54631896114614,0.246338555809054,6.27721046779518,3.44701339250793e-10,1.34789415835491e-08
"HIST1H2BH",63.2094656424599,2.27367288713485,0.362216981912774,6.27710184963768,3.44942139650268e-10,1.34789415835491e-08
"RASD2",10.2487049737923,2.06284342177314,0.328879525522006,6.27233762423775,3.55667293923394e-10,1.3839642054725e-08
"POMK",14.9536161451189,1.11042924129293,0.177033354739278,6.272429525658,3.55457359938077e-10,1.3839642054725e-08
"MUC5B",34.4916033462901,2.12409695156759,0.338680946890712,6.27167536605775,3.57183699296911e-10,1.38695104368499e-08
"FAM228B",174.00692367435,-1.9888299802728,0.317205428414397,-6.26984850232322,3.61399556270927e-10,1.40038547724898e-08
"ALG3",35.0114938035323,1.36873287483411,0.218565627682575,6.26234275419526,3.79236222406938e-10,1.46643284163284e-08
"CDH6",3.73679973080206,-1.98794028722674,0.317513479809281,-6.26096343506683,3.82606239331947e-10,1.47572442676673e-08
"NPIPA7",3073.82680379515,-1.48040685968468,0.236459961331547,-6.26070837256444,3.83232614876794e-10,1.47572442676673e-08
"DTL",6.04400966130958,2.12142324344314,0.339263967940182,6.25301665933821,4.0259917347353e-10,1.54708337989144e-08
"GPX3",70.1902800092346,-2.05710400665727,0.329066657642774,-6.25132920300423,4.06974005346892e-10,1.56065683789547e-08
"MYOC",1.94229564345364,-4.17533818611501,0.668176893946536,-6.24885150016741,4.13481804807585e-10,1.58233677451366e-08
"TONSL",15.8936675064291,1.49406572759818,0.239245323874264,6.24491088646477,4.24041804378452e-10,1.61607043224232e-08
"TRIM22",710.397935662578,-2.3694248404729,0.380176806846741,-6.23242869580961,4.59258601091828e-10,1.74669154197594e-08
"LSM4",34.2346733694554,1.36594132611653,0.219359222783274,6.22696100389669,4.75569429279583e-10,1.80501987072058e-08
"GDF10",2.08626959577053,-2.58007473959724,0.414450966051477,-6.22528344951857,4.80686166258361e-10,1.82070944201173e-08
"SLC39A4",30.2102012908181,1.29568561988893,0.208200804440827,6.22324982542118,4.86961036910916e-10,1.84071271952326e-08
"EGFR",36.226336438541,-1.35081005066381,0.217104853924142,-6.22192468868426,4.91092769409275e-10,1.85254995417487e-08
"SLAMF8",7.9420212025648,1.61128993362809,0.259244804434616,6.21532198935341,5.12195097093114e-10,1.92822715210542e-08
"SHISA6",1.80319172659255,-3.31000139138335,0.532607380401019,-6.21471183687152,5.14189233484453e-10,1.9318079072209e-08
"TENC1",107.648722403299,-1.04716654608725,0.168616652618817,-6.21033883559844,5.28704754284254e-10,1.98232175280424e-08
"ZNF423",7.00645164082239,-1.30884681110987,0.210915960167744,-6.20553707774856,5.45104171195359e-10,2.03968069876372e-08
"C12orf49",14.3203929981203,1.22880600287065,0.198168667506336,6.20080872689607,5.61737506868277e-10,2.09768187544642e-08
"LAPTM4B",31.9819996319581,1.51177413450925,0.243828958986676,6.20014185678354,5.64122910314669e-10,2.10235101506002e-08
"CCL14",18.6007876148873,-2.15764865020116,0.348024598728568,-6.19970156731351,5.65703246005442e-10,2.1040071330347e-08
"PALM",23.9529216962508,-1.63182376518977,0.2632315461638,-6.19919530531628,5.67525717354656e-10,2.10655537812484e-08
"NUDT8",14.994141107703,1.94427218276825,0.313670260595278,6.19845878623763,5.70187315688033e-10,2.11220189223475e-08
"SOX5",5.97424345170167,-1.70145310549467,0.274569092522823,-6.19681221167762,5.76181759010813e-10,2.13014741325315e-08
"ACSM5",4.10150879925309,-2.33184802477284,0.376445375410065,-6.19438616355093,5.85126114431147e-10,2.15890555607444e-08
"CCNB2",5.75203620175948,1.78305078200747,0.287904201450343,6.19320861948242,5.89516181703995e-10,2.17077906908974e-08
"GPM6A",1.97432555187861,-3.88063220922412,0.626960140562743,-6.18959955849979,6.03172469667187e-10,2.20789732869084e-08
"ENC1",29.5764531756504,1.63004328929593,0.263341145519647,6.18985417595641,6.02198989464575e-10,2.20789732869084e-08
"PER1",129.425583925699,-1.79007051850196,0.289204897777021,-6.18962725825658,6.03066490658215e-10,2.20789732869084e-08
"TRHDE",2.02569887336206,-4.14744647945536,0.670259731264705,-6.18781986444209,6.10019786910503e-10,2.2285574937192e-08
"FOXP2",3.17729483451021,-2.09618061889692,0.338839605258638,-6.18635066965355,6.15729565655207e-10,2.24498878249326e-08
"PARM1",6.69724053638805,-1.47052860204815,0.238063278909203,-6.17704926516203,6.53106986235071e-10,2.37659088389901e-08
"SPTLC3",14.9321841644548,-1.74678313986424,0.282872946009441,-6.17515094499685,6.61002882615995e-10,2.40060693957127e-08
"PTN",7.93582164877048,-2.38994723379544,0.387107541757473,-6.17385862064337,6.66431393363979e-10,2.41558557101519e-08
"KL",1.58861707510559,-2.77648132465927,0.449892221152742,-6.17143661107365,6.76722621079369e-10,2.44332483189709e-08
"CAPN11",2.72386974998339,-2.42430570413676,0.392807604672152,-6.17173821306273,6.75432698778475e-10,2.44332483189709e-08
"KIF20A",5.0863841619288,2.02523211936307,0.328224202490748,6.1702705162949,6.81732541860921e-10,2.45421459403156e-08
"FBXO41",7.41537306826688,1.40433295903152,0.227602271196607,6.17011838962906,6.8238878950775e-10,2.45421459403156e-08
"TRPC6",3.51632772016012,-2.00298737424167,0.324679004624887,-6.16913119022215,6.8666239452984e-10,2.4647986185042e-08
"KLF15",4.85815127543857,-1.81265765694442,0.293983731931195,-6.16584341261666,7.01084371130428e-10,2.51169917254889e-08
"CHPF",49.9353105973778,1.53746113009394,0.249661855707678,6.15817392583235,7.3588513627312e-10,2.63128658186308e-08
"CDCA4",9.19408963724842,1.44708454980098,0.235120076506432,6.15466178517255,7.52378840904917e-10,2.68507916979593e-08
"MCM5",40.9043524189244,1.43417918055202,0.233039349738339,6.15423610717396,7.5440224594731e-10,2.68712276912232e-08
"GPIHBP1",3.39171191688137,-2.41125084118134,0.391942699472034,-6.15204937974201,7.64880531998152e-10,2.71921635579074e-08
"FOXRED2",17.6791644169575,1.20448021856575,0.195886471952757,6.1488688144643,7.80374881295776e-10,2.76898535466673e-08
"MX1",67.4294012911123,1.85774215572106,0.302259824696062,6.14617624948707,7.93730847881329e-10,2.8109909683476e-08
"SDHD",556.897474613673,-1.62197253195423,0.263962561480929,-6.14470674498065,8.01113828743848e-10,2.83172334656365e-08
"THBD",10.3274563616718,-1.56875799787318,0.255569189250746,-6.13829077938668,8.34140763949086e-10,2.94284861521238e-08
"EIF4EBP1",24.9368807513505,1.74758206849526,0.284722753508615,6.13783776308689,8.36522265343358e-10,2.94563980963682e-08
"SERPINB2",2.96479353920502,-4.07897198955867,0.664833928526995,-6.1353246495648,8.49854597995058e-10,2.98690832335189e-08
"GAS7",28.2593896534283,-1.27419685736333,0.207742521976535,-6.13353898489429,8.59453447051147e-10,3.01492362618965e-08
"TPD52",41.4288657748404,1.10653112966776,0.180421793728833,6.13302365971835,8.6224318546289e-10,3.01899211363774e-08
"RHPN1",32.0394051268388,1.86315449928461,0.303996870282145,6.1288607924002,8.85105244127006e-10,3.0931923267397e-08
"SAPCD2",9.31976406709857,1.49747341928826,0.244550366841047,6.12337425059596,9.16141637826714e-10,3.19544549528579e-08
"SH3BGRL2",2.75627173323119,-2.03713217669766,0.332697102929107,-6.12308360596619,9.17815032659561e-10,3.19544549528579e-08
"ADM2",5.61492213884022,1.62553958636962,0.265828405651876,6.11499580860595,9.65595014627615e-10,3.35548796640388e-08
"PTGS2",6.43856261323815,-2.42926369102567,0.397336995811498,-6.11386233004627,9.72482088382976e-10,3.36678752168775e-08
"MCC",11.7890516284689,-1.14634882795435,0.187491196849282,-6.11414747581913,9.70745032106743e-10,3.36678752168775e-08
"IFI6",118.781190319547,2.25588677542211,0.369154269781689,6.1109594553957,9.90339261724061e-10,3.42221339657706e-08
"TACR2",3.2205145038765,-3.19679643633865,0.523313316472786,-6.10876187498068,1.00407004222533e-09,3.46320024620068e-08
"TMEM88",7.56375086022353,-2.1670779469273,0.354834692483671,-6.10728881034378,1.01337768616323e-09,3.4888069708393e-08
"HIST1H3D",83.71902654962,2.19062680004281,0.358760875373101,6.10609169064109,1.02100367629532e-09,3.50853990581484e-08
"MOCS1",13.9741386199519,-1.43397314320432,0.234966723733571,-6.10287754971766,1.04175653421672e-09,3.57322491236336e-08
"KPNA2",22.8662626666705,1.54253340789461,0.252864073421841,6.10024740573279,1.05904416364511e-09,3.62580702385115e-08
"STAT1",60.2192817439537,1.69750840402481,0.278306416184851,6.09942245419639,1.06452387148953e-09,3.63784338518988e-08
"IFI27",118.013668470826,1.90549388072622,0.312692938543165,6.09381807470263,1.10248948484589e-09,3.76064645272847e-08
"ANGPTL1",4.52751877486051,-2.18530186293613,0.35867895963731,-6.09264024058134,1.11063471949248e-09,3.78146622691908e-08
"COL4A6",10.4432002025204,-1.41765375527403,0.232711310298451,-6.0918988142686,1.11579206399559e-09,3.79131312878715e-08
"PLXNA4",6.90626426682505,-1.77214400356045,0.290914261667788,-6.0916367365453,1.11762065020936e-09,3.79131312878715e-08
"MMP28",6.15703426607265,-1.81053059066915,0.29760199390066,-6.08373138546075,1.17417259821311e-09,3.97587291848321e-08
"PRRG3",4.02958991334715,-1.94190684913108,0.319407354315987,-6.07971865046655,1.20393607658682e-09,4.06921606031772e-08
"SOX4",46.2464497871589,1.63315941950037,0.268922076213865,6.07298382674084,1.25555105046759e-09,4.23594108502017e-08
"SGK2",4.15634552870446,-2.211548022495,0.364275307950134,-6.07108956942464,1.2704529972333e-09,4.27842371177367e-08
"KRBOX1",64.6871053818278,-1.55767938234426,0.256995284003911,-6.06112049247004,1.35176515838759e-09,4.5439916993929e-08
"UQCR11",839.097022418271,-1.23999666287004,0.204972866158212,-6.04956493076954,1.4523752026074e-09,4.87335027222722e-08
"HAGHL",18.623508390184,1.44428546968384,0.238763481872541,6.04902164416768,1.45728082510968e-09,4.88096843448129e-08
"RBM24",2.99424831786394,-3.44071264101434,0.569121891197682,-6.04565154535451,1.48807401128437e-09,4.97510953736627e-08
"PLIN1",37.1281954526101,-3.23899506773406,0.535783943078353,-6.04533806878269,1.4909703291999e-09,4.9758112499893e-08
"TNS1",162.138059812969,-1.3930224049668,0.230655465784789,-6.03940773840819,1.54680925884709e-09,5.1528778943104e-08
"OPN3",11.2069278149795,1.3057262353295,0.216327646831045,6.03587315101381,1.58105418602367e-09,5.24807986263985e-08
"PLEKHG4B",14.4267720857194,1.81721111258955,0.301054456332451,6.03615417199747,1.57830468842808e-09,5.24807986263985e-08
"PLOD1",55.4687928615864,1.17803087047291,0.195414689906642,6.02836394252503,1.65627745479518e-09,5.48793757025338e-08
"JAM3",11.7912036422353,-1.28174737548281,0.212898625454132,-6.02045867017098,1.73923512765574e-09,5.75252018472136e-08
"SCD5",41.2298077457497,-1.93120608539517,0.320871426659218,-6.01862903625325,1.75900464454706e-09,5.80753725959012e-08
"TOP2A",6.5163166740522,2.31787996820584,0.385628637283577,6.01065311055039,1.84777402870704e-09,6.07894681344792e-08
"FOXP4",35.3013820874897,1.24434686304429,0.207014352005761,6.01092074529047,1.8447257937987e-09,6.07894681344792e-08
"LHFP",22.7544787579599,-1.58303083854299,0.263632976389329,-6.0046768815643,1.9171331121398e-09,6.29594672039954e-08
"KCND3",3.7625777479991,-1.86235626145933,0.310337185011522,-6.00107351424929,1.96017212116147e-09,6.42589522622174e-08
"TMPO",26.5330704079934,1.14044704825182,0.190144822110043,5.99778124692666,2.00031729877028e-09,6.54591466569312e-08
"ZFP41",294.275468981306,-1.34098160163518,0.223667276078571,-5.99543046772797,2.02947119242515e-09,6.62960589525549e-08
"DPP6",4.96539124378961,-4.44144094350781,0.741325310088673,-5.99121719313286,2.08276260501255e-09,6.79171284683844e-08
"SLC39A1",49.8842010569032,1.33010273236465,0.222342896518977,5.98221374817396,2.20125139687752e-09,7.15290848648517e-08
"PTGER3",8.41264289642658,-1.38279591994243,0.231272580579681,-5.97907420099899,2.24409327846112e-09,7.27935126158613e-08
"FCGR3A",22.8901766750503,2.08251112858603,0.348634923584797,5.97332908353777,2.32460312936995e-09,7.52732502835494e-08
"ATP10B",8.46648564422113,-1.81212865474752,0.303387669578843,-5.97298056728239,2.32957658536469e-09,7.53026483667099e-08
"ACADSB",18.4547244292215,-1.33202927670222,0.223070741654166,-5.971331187697,2.35325478337709e-09,7.59355141075097e-08
"FBXL6",28.4774932067523,1.54997463001048,0.259625987670484,5.97002882460945,2.37211674797277e-09,7.64110372277419e-08
"ZNF471",36.9554721783862,-1.64332043431444,0.27569409509515,-5.9606660554238,2.51211876999806e-09,8.078031919775e-08
"OAS2",23.1576310109539,1.90921976706624,0.320406610962571,5.95874024362524,2.54189756596681e-09,8.15962334780542e-08
"ITIH5",29.7117272940136,-1.24077179633028,0.20824043537115,-5.95836151667105,2.5477941347751e-09,8.16440189693847e-08
"PRDX1",92.5281537554253,1.49485358326557,0.250951732475595,5.95673745113892,2.57323134169678e-09,8.23167373245385e-08
"PLAC9",20.6282417103952,-1.88986088686445,0.317382829576805,-5.95451521238365,2.60843866858431e-09,8.31557676755912e-08
"FAM110D",3.73722741900312,-1.68847115109478,0.283677626606322,-5.95207726211692,2.64760324209464e-09,8.42592908076922e-08
"NR4A1",222.815127855055,-1.82182812552618,0.306235655280001,-5.94910518783459,2.69612339842012e-09,8.56562565789665e-08
"PALMD",14.3284780061267,-1.97010930683333,0.331270292504355,-5.9471354703725,2.72875569300852e-09,8.65445427155886e-08
"ADAMTSL3",136.3768883958,-1.9338584728876,0.32589598671816,-5.93397449401557,2.9568778617093e-09,9.36193021445805e-08
"PEAK1",82.9659974861464,-1.48620485122031,0.250609075074172,-5.93037123967056,3.02250523871968e-09,9.55338601221263e-08
"LSR",75.1673053082761,1.65734646139214,0.279559273789729,5.92842597895254,3.05852227113366e-09,9.65075800782584e-08
"SLC35A2",17.3562845604213,1.30902933023713,0.220884619388362,5.92630366868406,3.09829411644125e-09,9.75962646678995e-08
"HIST2H2AB",41.1530544999415,1.66407080720433,0.280860814395443,5.9248949013634,3.12497184132498e-09,9.82694880221073e-08
"EMCN",4.62572033907222,-1.48842537577167,0.251506817036235,-5.91803193770777,3.25816710339997e-09,1.02284357778262e-07
"HHLA2",9.73978580422052,-2.21175722340089,0.374293538177974,-5.9091515022341,3.43874336425922e-09,1.07770566146885e-07
"TIMELESS",7.42398299166228,1.32751218982777,0.224918180921604,5.90220045524233,3.58684971419608e-09,1.12222348659358e-07
"RFWD3",17.7832696065149,1.0364389995906,0.175809654766996,5.89523368875396,3.74151486742903e-09,1.168639770228e-07
"TMEM8A",40.0118134297772,1.43891875023033,0.244332172934583,5.88919065773458,3.88091512585955e-09,1.20810604976757e-07
"TIPARP",10.849852431323,-1.72859877243144,0.293519241504902,-5.88921790465506,3.8802753925043e-09,1.20810604976757e-07
"INPP1",11.4213142412241,-1.64457204422536,0.279330085453092,-5.88755787461187,3.91943939737238e-09,1.21805128386126e-07
"ORC4",78.6176969472199,-2.07049735181184,0.35173883866351,-5.88646212536277,3.94550121124892e-09,1.22204972298917e-07
"NDUFB8",557.823017002012,-1.50536227099181,0.255722768495006,-5.88669628383602,3.93991774352979e-09,1.22204972298917e-07
"FBXL7",9.01343055954733,-1.1687970363678,0.198631044325455,-5.88426164871155,3.99834884807816e-09,1.23635087419205e-07
"PDGFD",3.8555405286899,-1.85399097959188,0.315382617735531,-5.87854521883185,4.13887751574009e-09,1.27554557980928e-07
"C2orf91",6.51008583281331,-2.11153775693523,0.359541210510375,-5.87286712957845,4.28321768104557e-09,1.31783650977286e-07
"COL14A1",37.746062366216,-1.87623146251791,0.319529498899187,-5.87185680502653,4.30940905160899e-09,1.32369609376288e-07
"CAB39L",6.74014663511216,-1.58571270645738,0.270077919469361,-5.87131561725936,4.32350269100982e-09,1.32582643779609e-07
"MYCT1",3.25089287675823,-2.00090370198504,0.340912342747753,-5.86926154054076,4.37740443473526e-09,1.33941740963268e-07
"HIST1H2BK",154.501454700216,1.88914019272184,0.321880301592967,5.86907674490361,4.38228566157761e-09,1.33941740963268e-07
"TRIM14",28.2804717244883,1.20509787141082,0.205363685188174,5.86811572993829,4.40775561791495e-09,1.34277055189179e-07
"GRIA4",3.52036266021627,-2.7506610208784,0.468734380127031,-5.86827238943503,4.40359383687207e-09,1.34277055189179e-07
"IFI30",62.1133727836003,1.8935427853601,0.322751036718049,5.86688366554894,4.4406200629341e-09,1.35056099845099e-07
"KLF9",13.9412521816895,-1.49486887238824,0.254818956956247,-5.8663958531347,4.4536979061229e-09,1.35231791175751e-07
"AFF3",24.7220004200087,-1.69641757960119,0.289350928373194,-5.86283786659643,4.55022477925393e-09,1.37936601246058e-07
"AC078925.1",4.33393181659192,-3.17160541502034,0.541036665846157,-5.86208960544309,4.57078239582266e-09,1.38333384861809e-07
"KLHL3",9.25161117035732,-1.061202895374,0.18109062562491,-5.86006532205622,4.62685130277842e-09,1.39676108788022e-07
"RRAD",4.09111572255705,-2.20725396146163,0.376668092811628,-5.85994408229709,4.63023057962669e-09,1.39676108788022e-07
"KRT2",17.3048572872393,-7.8792672446739,1.34504645643151,-5.85798892447035,4.68505887878593e-09,1.41100261061582e-07
"KLHDC7B",10.5471729237016,2.73578329968552,0.467372649437978,5.85353743522507,4.81225872768678e-09,1.44695870380218e-07
"CDC20",24.6277093226362,2.12380833571791,0.363286188746831,5.846102608646,5.03223707189648e-09,1.51064983866558e-07
"MAZ",103.423811247582,1.40935630265884,0.241116894750239,5.84511634540881,5.06214336005508e-09,1.51716859732913e-07
"KCNK5",9.67655127806401,1.92336178175597,0.329126100687092,5.84384458643878,5.10096204566294e-09,1.52469380351765e-07
"PSG6",4.14161210143314,-3.43775515077506,0.588278478934344,-5.84375474180611,5.10371535569021e-09,1.52469380351765e-07
"MCM7",57.0393155783227,1.21828385678632,0.208545182046389,5.8418221165873,5.16329241701949e-09,1.54000808611973e-07
"CECR5",18.787210849544,1.1241912515506,0.192519842010479,5.83935266002045,5.24040376775703e-09,1.5604945110353e-07
"SLC6A9",20.2211855029765,1.39749242520361,0.239408918353206,5.83726134688875,5.3065824467643e-09,1.57766484877959e-07
"CA4",2.46190199480097,-3.4555612048939,0.592081129639804,-5.83629680445332,5.33737827786017e-09,1.58427757151484e-07
"RPN1",68.5783975647143,1.10763461568135,0.189793702954886,5.83599244040585,5.34713202775347e-09,1.5846332706888e-07
"SLC25A10",450.935111039912,-1.39290021700984,0.238739800533897,-5.83438628119349,5.3988914426075e-09,1.59741641054275e-07
"PCNA",23.635797234285,1.60516848882521,0.275163335785913,5.83351151867883,5.42728586731479e-09,1.60325660022974e-07
"SEMA5A",13.2594846428256,-1.48206723230441,0.254336338572444,-5.82719418162208,5.63670128747453e-09,1.66246785424527e-07
"SMG5",54.3566186195752,1.25070936554837,0.214656209948125,5.82656968484921,5.65782485519795e-09,1.66604502333826e-07
"PSG8",3.59464973812323,-4.05255685947626,0.696020951795528,-5.82246389138411,5.79863306068863e-09,1.70479811984246e-07
"RRM2",17.3951301703899,1.58114900021435,0.271790144353243,5.8175361876233,5.9721335854762e-09,1.75025092199668e-07
"WSCD1",8.39938149721744,-1.72888695886404,0.29726963643638,-5.81588815995357,6.03127829619303e-09,1.76479204742634e-07
"RAPGEFL1",20.6207718789286,-2.04040032818992,0.350886193638397,-5.81499176993165,6.06368693191011e-09,1.77147648821513e-07
"PAPPA2",1.23809816608083,-3.62765538546136,0.624117734677304,-5.81245361876637,6.15637441462232e-09,1.79289885074897e-07
"MAP1A",6.3444914924238,-1.15467159272373,0.198646985970805,-5.81268115939818,6.14800923109979e-09,1.79289885074897e-07
"KRT13",12.6287708767933,-4.96285236007778,0.854551929595107,-5.80754918244607,6.33939329933284e-09,1.84330051319062e-07
"PSMA1",389.490375549107,-1.60443982541728,0.276515681295549,-5.80234660797555,6.53932082316994e-09,1.898452982551e-07
"LONRF2",4.37016148862662,-1.77312711325168,0.305676415720715,-5.80066705202312,6.60516342137312e-09,1.91456708749097e-07
"CLEC2B",7.4890604083162,-2.31610008969136,0.399567364774285,-5.79651967071866,6.77052467629288e-09,1.95943215709839e-07
"CYP4F3",3.1960111157021,-3.38927507343286,0.585053941777096,-5.79309843317689,6.90995803045698e-09,1.99666525179601e-07
"RCC1",17.5205413539593,1.21569144692761,0.209894166154842,5.79192585100615,6.9583864194717e-09,2.00752699784198e-07
"TSPAN17",15.7899102414904,1.04544466222871,0.180550130564924,5.79032902916001,7.02486732258497e-09,2.02355509407339e-07
"IER3IP1",125.109238589909,-1.42982780791916,0.247166378302666,-5.78487987621146,7.25641648439095e-09,2.08700848018461e-07
"CSRNP1",29.4483277623575,-1.60765061618739,0.277988086728283,-5.78316371434569,7.3308655141498e-09,2.1051517992726e-07
"STRA13",37.3453430460348,1.20075224077394,0.20770503822771,5.78104532764171,7.42378831156438e-09,2.12853571372748e-07
"NCAPG2",10.8891503094377,1.54246623845899,0.266841081313654,5.78046765087841,7.44932615328528e-09,2.13255670805487e-07
"FAM126A",13.5912246317604,-1.38262481534406,0.239334101385271,-5.77696536908613,7.60599330238207e-09,2.17069657853191e-07
"TG",6.83916489890892,-2.51074765853394,0.434712373384165,-5.77565262057801,7.66553798764476e-09,2.18096919519441e-07
"IL1RL1",3.18545134947772,-2.23739015154206,0.387371552402406,-5.77582462539179,7.65771032941804e-09,2.18096919519441e-07
"POPDC2",6.19667403978141,-1.55665887125196,0.269726904119243,-5.77124064184484,7.86900034008533e-09,2.23542368556841e-07
"CCDC170",2.53365610865199,-2.40216251123969,0.416268586544522,-5.770703312446,7.89413561225895e-09,2.23912985926892e-07
"ATF3",53.2145300395134,-1.81954420225009,0.315540166343366,-5.76644242581176,8.0962350203571e-09,2.28595221108314e-07
"FAM90A1",10.2975831825384,-2.16783067481811,0.375931977382112,-5.76655034752375,8.09105460619327e-09,2.28595221108314e-07
"AC008394.1",71.6182497976511,-1.5664848023402,0.271780273377934,-5.76379139983373,8.22450588286837e-09,2.31863467218399e-07
"RDH12",3.50163537116503,-4.22473635499395,0.733669160383334,-5.75836709939747,8.49314954536581e-09,2.38710342760646e-07
"EXOSC4",20.3237829193587,1.29905148005525,0.225590992291333,5.75843683677596,8.48964220138797e-09,2.38710342760646e-07
"RIMBP2",1.70923828096769,-3.33172493611823,0.578770109921238,-5.75656012466095,8.58452156189781e-09,2.40912891468896e-07
"PROS1",6.22322578085777,-1.29709357836373,0.225358269510795,-5.75569550289612,8.62857963677282e-09,2.41782983407422e-07
"PTPN5",1.88565219096324,-3.26959049916975,0.568113241399692,-5.75517390003845,8.65526490756089e-09,2.41938119796183e-07
"RP11-47I22.3",466.020616250424,-2.02571559655326,0.351987585969205,-5.75507681890373,8.66024043974027e-09,2.41938119796183e-07
"HIST3H2A",16.6041669488759,1.85874129656309,0.32305432335995,5.7536493467449,8.73372204638716e-09,2.43257142470952e-07
"LDLRAD2",7.03136031870258,-1.649530270743,0.286683925697302,-5.75382894848689,8.7244435081747e-09,2.43257142470952e-07
"RFX5",19.530440262951,1.0345864927708,0.179870845136519,5.75182983092986,8.82826393036098e-09,2.45521177955174e-07
"INPP4B",20.1292206038325,-1.74157691067578,0.302914937993118,-5.74939262558041,8.9564611307609e-09,2.47969466463309e-07
"DAAM2",15.6319672022065,-1.4102733369554,0.245281623746956,-5.74960861483168,8.94502738404747e-09,2.47969466463309e-07
"MCTP1",13.5558955170333,-1.93422960963884,0.336419257761382,-5.74946161676263,8.95280742546083e-09,2.47969466463309e-07
"ANKRD30BL",7.70454799557041,-3.46614589017897,0.602949013247697,-5.74865505046452,8.99561308437168e-09,2.48681709774227e-07
"PIK3R1",51.8355487412883,-1.60550271352638,0.279414058156069,-5.74596254791736,9.13995371827127e-09,2.52295413963965e-07
"MYLK",78.0765661751372,-1.3214710193054,0.230232654187101,-5.73972021462903,9.48330939862888e-09,2.60995329392874e-07
"PDXK",92.7409442683702,1.15109653639853,0.200558113012114,5.73946632779197,9.49753641155163e-09,2.6099906441359e-07
"CCDC180",21.8066869566154,-1.49970689910075,0.261364447032054,-5.73799120779738,9.58060883368131e-09,2.62891906396215e-07
"CFB",817.538520429519,-1.37499124899204,0.239856702297767,-5.73255296108039,9.89301293871381e-09,2.71062700666948e-07
"DPP3",22.6661278986283,1.16822368517105,0.203824953784527,5.73150472245921,9.95435770591323e-09,2.72340640219977e-07
"CDR2L",9.97023718588293,1.13817400595438,0.198675155915562,5.72881898951732,1.01132235775272e-08,2.76278948529437e-07
"CORO2B",2.83151110432984,-1.79192951813529,0.312865249396761,-5.72748019024271,1.01933336140871e-08,2.78057327246129e-07
"KRT79",34.0473932019024,-7.00250791717359,1.22319294052608,-5.72477790311796,1.03569141959701e-08,2.82032056571225e-07
"AADACL2",1.14251341369698,-3.41081423913391,0.595819981808565,-5.72457175534907,1.03694973828423e-08,2.82032056571225e-07
"C4orf48",16.2929233296539,1.99199091117626,0.348128104477183,5.72200545017135,1.05273930015708e-08,2.85906705535329e-07
"PGK1",127.939601877887,1.58692022348769,0.277358263344116,5.72155379239167,1.05554226613203e-08,2.86248226256186e-07
"CDH5",16.8757455123149,-1.26535684106193,0.221233844694463,-5.71954459684714,1.06809938316126e-08,2.89230069808668e-07
"HOMER3",35.0526743964503,1.19862259575793,0.209692409649565,5.71609910802708,1.0899718251352e-08,2.94292392786504e-07
"ANKFN1",1.62567294414331,-3.58948850242088,0.62795234872815,-5.71617975422975,1.08945493201557e-08,2.94292392786504e-07
"HBEGF",9.48149865502824,-1.76199155060011,0.308296980643541,-5.7152410215699,1.09548641784955e-08,2.95350792305812e-07
"PYCRL",13.5672486139238,1.17255345994741,0.205226745848666,5.71345345412263,1.10706164421285e-08,2.97575267223446e-07
"RSPO3",2.48552182720073,-2.11875363001273,0.370861099000878,-5.71306517647923,1.10959156746881e-08,2.97575267223446e-07
"MACROD2",15.246182508279,-1.29193723665245,0.226140788630205,-5.71297749723991,1.11016364135299e-08,2.97575267223446e-07
"DCTPP1",18.2029452364397,1.41882909916297,0.248326320777368,5.71356711089432,1.1063221454077e-08,2.97575267223446e-07
"FAM104B",8.1369748397558,-1.99286078087965,0.348939512175767,-5.71119266045117,1.12187152688208e-08,3.00278965620084e-07
"HIST3H2BB",14.887576359868,1.88635708349205,0.330419443898248,5.70897723583405,1.13657090051727e-08,3.03774404320069e-07
"HIST1H1A",4.67773581440015,2.2502625954913,0.394435328760852,5.70502293128931,1.16327426923065e-08,3.10463487243374e-07
"PPM1G",40.3977306100524,1.22523007777364,0.214787594182434,5.70438009903389,1.16767252822298e-08,3.11188929032317e-07
"IGSF9",18.7923945071028,1.52035930983962,0.266613380019233,5.70248691093424,1.18071980531663e-08,3.14213968880382e-07
"NEDD4",2204.51655896394,-1.88770369181464,0.33167514094602,-5.69142350080997,1.25984598386718e-08,3.34606241378699e-07
"SYTL2",62.3673735887369,-1.52751146618756,0.268395418645372,-5.69127250344705,1.26096078437713e-08,3.34606241378699e-07
"PGP",9.56838576517089,1.09957475436909,0.193274730343038,5.68918012415531,1.27650765231875e-08,3.38247134996393e-07
"SAMD1",27.7048043319965,1.10240548529703,0.193798316963615,5.68841619767011,1.28223008596828e-08,3.39278080747207e-07
"FBXO15",9.17051791847063,-2.02120745591179,0.355432489631325,-5.68661423723055,1.29582715372584e-08,3.42386740960201e-07
"PI4K2B",30.6094682101722,-1.86955162058646,0.328828768717611,-5.68548678960623,1.30440568028066e-08,3.43672859319466e-07
"ALB",3.21953143604275,-2.87765256037917,0.506131434941805,-5.68558354947869,1.30366729430573e-08,3.43672859319466e-07
"CYP3A5",157.498219280723,-1.56414217112946,0.275194943443817,-5.68376057915755,1.31764708414029e-08,3.4629926163659e-07
"PTPRB",8.23328183365472,-1.19013558046757,0.209650452959224,-5.67676131231183,1.37268797679811e-08,3.59230675207684e-07
"HMCN2",36.4506489233818,-1.48776029807905,0.262081738800173,-5.67670340135148,1.37315256477184e-08,3.59230675207684e-07
"PTTG1",12.0284606633001,1.89248267504301,0.333364968304971,5.67690925853889,1.37150177837747e-08,3.59230675207684e-07
"ETFDH",13.0236919530519,-1.25838357406732,0.221789451415138,-5.67377558327569,1.39684098550377e-08,3.64912393984497e-07
"PRDM8",3.74082500592805,-1.52165638261832,0.268206435995824,-5.67345215624137,1.39948199337688e-08,3.65087401145446e-07
"EFNA4",12.9896614082434,1.271249789289,0.224139952454443,5.67167867829089,1.41405013163644e-08,3.6836900897567e-07
"INPP5J",9.25641773818679,-1.69854100173968,0.299590479061403,-5.66954266057149,1.43179197441946e-08,3.72467007727489e-07
"TPPP3",19.7567331347126,-1.79931033795365,0.31758040350023,-5.66568440030445,1.46438842822293e-08,3.80412376823914e-07
"PSRC1",8.33065573895422,1.5748453136599,0.278004395155101,5.6648216398927,1.47177546159245e-08,3.81795869742511e-07
"WDR34",38.4860427974833,1.40287576768834,0.247683135447011,5.66399389751133,1.47889668321608e-08,3.83106634496899e-07
"AP1S1",17.7789125345389,1.35951252049425,0.240170110279234,5.66062329285528,1.50824182286784e-08,3.90162779932376e-07
"NCAM1",10.4774296701571,-1.87779662670493,0.332048297664428,-5.65519124751743,1.55672834749563e-08,4.0214396725682e-07
"SERTAD4",12.1548002044525,1.43596797208333,0.253986733857367,5.65371250015654,1.57018770471443e-08,4.05055942433436e-07
"AARD",10.9403945625165,2.11989339751104,0.375209976375938,5.64988548008925,1.60554761893422e-08,4.13601571598048e-07
"COMP",30.2776398850798,1.51454072439063,0.268306925425509,5.64480667798162,1.65366960450111e-08,4.2540650575791e-07
"ANAPC11",38.8270912675959,1.23429094847359,0.21874815857319,5.64252040576888,1.67578667342587e-08,4.30498207561636e-07
"RHBDD3",26.9986219307494,1.21264032816516,0.214957332141685,5.64130711933973,1.68764023722914e-08,4.32942832049282e-07
"B4GALNT3",13.450542597281,1.852897263348,0.328517129729889,5.6401846225537,1.69867929285828e-08,4.35172031290749e-07
"KIF4A",2.67215392240277,1.83308337140109,0.325100467939397,5.63851348175482,1.71524393804131e-08,4.38808677077363e-07
"DYNAP",4.83544041209795,-2.47113562878922,0.438353845145958,-5.63730797882338,1.72729038073789e-08,4.41280999062443e-07
"JMJD4",22.1363520740549,1.32557954662101,0.235189673618584,5.63621491635195,1.73828421372734e-08,4.43477964279033e-07
"MRPS12",21.196444957104,1.08731946900283,0.192968173499283,5.63470881900049,1.7535436614966e-08,4.46755649219256e-07
"GOLGA8G",4.41105334181364,-2.44596178369046,0.434188460949399,-5.63341038207718,1.76680348844524e-08,4.49515579848663e-07
"SCUBE2",20.3289656459887,-1.95350969652845,0.346968335368429,-5.63022471331313,1.79974982836493e-08,4.57269771206792e-07
"HIST1H3G",36.1100868421989,2.4330001591606,0.43219132405849,5.62945164265105,1.80783447170876e-08,4.58694658698489e-07
"MORC4",277.098237685722,-2.22521293826819,0.395345002516715,-5.62853437909363,1.81747281150497e-08,4.59901929105336e-07
"TRABD2B",2.79249295951604,-1.86767173596432,0.331822516064846,-5.62852623177425,1.81755864434244e-08,4.59901929105336e-07
"TRAF2",21.3519674413884,1.22375196576206,0.217544180448599,5.62530316020658,1.85182462255315e-08,4.67933092209133e-07
"ELOVL3",8.2504208936899,-5.69834206346775,1.01308418847852,-5.62474681598345,1.85780251850283e-08,4.68804063320291e-07
"INTU",13.5073835002029,-1.48031232660452,0.26328153390451,-5.62254520722071,1.88164303944291e-08,4.74174045939614e-07
"C11orf84",12.028933821544,1.07119668002135,0.190528942165293,5.62222551517679,1.88512948878358e-08,4.74407179228933e-07
"SIAH1",128.951391484004,-1.4844346746363,0.26408187568365,-5.62111531052037,1.89728577258155e-08,4.76818549250413e-07
"IL20RA",9.13560155072684,-1.91207859961701,0.340306430081149,-5.61869665278162,1.924033190906e-08,4.82885403278603e-07
"LRRC59",26.8167419516296,1.25558988275797,0.223548444635261,5.61663439352746,1.94712814020344e-08,4.8802039800877e-07
"CYB561",54.1365600822134,1.27297085260703,0.227041795958198,5.60676877680006,2.06138754640858e-08,5.15959731548376e-07
"LRRC8D",12.2991091225999,1.19628108913289,0.213425136013803,5.60515556637867,2.08067998044224e-08,5.20085757054672e-07
"ZFPM2",10.9202898954466,-1.37406089964828,0.24515364355483,-5.6048969116829,2.08378950107898e-08,5.20161039608961e-07
"RIC3",24.0735249606083,-1.49562263655281,0.266853275817374,-5.60466283193155,2.08660747272324e-08,5.20163440239299e-07
"DKK2",2.04017917498146,-2.72350270134412,0.486426263658855,-5.59900421670939,2.15586554519808e-08,5.35985793666562e-07
"G0S2",54.4090843890281,-3.01995127390344,0.539503421181306,-5.59764990422285,2.17276958623026e-08,5.39464320055722e-07
"FAM203A",14.0117081226935,1.51119100390513,0.270064877866582,5.59565914621336,2.19785129726807e-08,5.44961201178034e-07
"HIST1H2BG",61.1505253522573,1.66255249947255,0.297316193980355,5.59186661585746,2.24641368887147e-08,5.55515011285413e-07
"SHISA9",101.271978059295,-2.20557591551219,0.394411941978915,-5.59206170189973,2.24389045014094e-08,5.55515011285413e-07
"VGLL1",9.4720594209837,2.75283503415235,0.492408980814558,5.59054595145386,2.26356771118495e-08,5.59010681954235e-07
"MPPED1",1.28967584229783,-3.47067004911802,0.620915693986514,-5.589599494313,2.27593932210253e-08,5.60571118669987e-07
"LYPD6B",3.98791117156345,-2.0314530592907,0.363462705253944,-5.58916507780727,2.28163974830697e-08,5.61228836894313e-07
"NACC1",42.2423099057957,1.26858276681117,0.227009642276879,5.58823296705565,2.29391774121013e-08,5.63500588895146e-07
"GYPE",1.80690519211941,-3.42402581091238,0.613080357194654,-5.58495435505405,2.33761602014457e-08,5.73474489074406e-07
"PKMYT1",25.3461624963835,1.71876713063596,0.307802410520937,5.58399503021128,2.35055424661544e-08,5.75885790420783e-07
"ADRB2",4.92551068163175,-1.45885470310203,0.261277301295251,-5.58354933960943,2.35658880966423e-08,5.76444460601743e-07
"ADAM32",19.4269906845829,-1.69119414819996,0.30293243813042,-5.58274365940256,2.36753574357594e-08,5.76993382138337e-07
"TBC1D29",5.33841050780142,-2.54342081320511,0.455774184225016,-5.58044071216948,2.39909920283481e-08,5.83917417015853e-07
"NAV3",95.8696310676156,-1.71860252285196,0.308107502401991,-5.57793143449548,2.43395549278509e-08,5.91623669781699e-07
"DSN1",6.70473625675947,1.07742516305855,0.193179205577928,5.5773350958518,2.44231121699309e-08,5.92876649556304e-07
"SCN2B",1.07942258580629,-3.44142982070513,0.617174346775914,-5.57610639308482,2.45961531072956e-08,5.9629574326352e-07
"TACC3",19.7310843317442,1.42050581531828,0.254782353959782,5.57536969590332,2.4700473769207e-08,5.98042059023859e-07
"ARHGAP20",1.79455556924395,-2.21653821834911,0.397612618478227,-5.57461739225584,2.48074475147281e-08,5.9984796719033e-07
"GINS1",4.65622221495484,1.68661554820814,0.3025749304245,5.57420783619413,2.48658731769805e-08,6.00476796589352e-07
"STX1B",5.34242371913723,-1.44353254607541,0.259167449604363,-5.56988367281101,2.54909469211345e-08,6.1476994644955e-07
"PCSK2",1.33998830655771,-3.41175298480396,0.61256625994338,-5.56960643754573,2.55315383036392e-08,6.14948182652804e-07
"ARHGAP24",9.72549750206111,-1.18312298030824,0.212478647956304,-5.5681970479761,2.5738865942702e-08,6.19136720767178e-07
"USP18",6.80341415511081,1.57211460679591,0.282627649325923,5.56249401127404,2.65946160979773e-08,6.37288383034914e-07
"ZNF469",13.1394325626873,1.51923467184856,0.273191708982503,5.56105702294889,2.68145557260788e-08,6.41678554468258e-07
"GULP1",9.96449235092188,-1.2122001463452,0.218000709745899,-5.56053302651232,2.68951948369175e-08,6.42777804863725e-07
"SCAMP3",34.9863388033787,1.10704588051582,0.19914165621782,5.5590874432868,2.71188812257684e-08,6.47288554205776e-07
"CTXN1",17.7599389115121,1.75307497791921,0.315371884757457,5.55875479917129,2.71706087758647e-08,6.47688565954397e-07
"HIST1H2BI",27.7601078011694,1.99949334015961,0.360043459528362,5.55347774621108,2.80041331254025e-08,6.65844099805782e-07
"SLC39A7",42.3963179707358,1.12995781480535,0.203492576848163,5.55282080706304,2.81096190671851e-08,6.66640671398723e-07
"ROBO2",2.28529456758638,-3.22803927459103,0.581316584676449,-5.55297983866691,2.80840477528909e-08,6.66640671398723e-07
"MAGED1",46.5301823401071,1.22998987730851,0.221521503146752,5.55246267218436,2.81672877283552e-08,6.67154096297436e-07
"MME",20.0119518335752,-1.53592161845211,0.27695333074973,-5.54577774635991,2.92650373053665e-08,6.92269503154533e-07
"PPARG",7.93389884963789,-1.59413309104212,0.287536654836407,-5.54410390546241,2.95463352755659e-08,6.98032170885245e-07
"C12orf55",66.5152391015895,-1.93142889048549,0.348566087820784,-5.54106942118402,3.00629998708774e-08,7.09333609692219e-07
"GREM2",1.07058940817017,-2.81731272545088,0.508497582445408,-5.54046434577366,3.01670657264455e-08,7.10883449599521e-07
"RELN",3.86482791660565,-2.37977924680361,0.429712482259438,-5.53807335149,3.05817183690429e-08,7.19738993178414e-07
"APOBEC3B",5.3739401600075,2.08893778283236,0.377296621640621,5.53659286359076,3.08412347735425e-08,7.24925571669485e-07
"SORCS1",2.50293161793707,-3.82069848099804,0.690261275132047,-5.53514823827707,3.1096523629696e-08,7.29999760037045e-07
"PRDM16",3.41393295433396,-1.6925729607543,0.306173117426567,-5.52815666829486,3.23612998349973e-08,7.58729108283316e-07
"MRPL12",22.3220803674269,1.40761243695534,0.254686200008256,5.52685004884328,3.26031390555741e-08,7.63432795938488e-07
"LRRTM4",127.480244987909,-1.48804939905251,0.26936397698805,-5.52430735427744,3.3078795965884e-08,7.73592751111241e-07
"GSTM5",4.36679700528148,-2.3466611512278,0.42525267444156,-5.51827488048,3.42343654535527e-08,7.99607713657886e-07
"CBS",31.8295835052815,1.80763451440605,0.32759908691392,5.51782525230609,3.43220461833675e-08,8.00646019405961e-07
"LRRC17",3.95657106441818,-1.58252406382918,0.286930163512709,-5.51536319658873,3.48060402550341e-08,8.10915066168229e-07
"PSAPL1",5.39698786819189,-4.38065399071383,0.794331121692451,-5.5148965854191,3.48985104996083e-08,8.12048004364001e-07
"GRAMD1C",4.47173532885083,-1.99919891193562,0.362718285522999,-5.51171251003516,3.55359028035883e-08,8.24807007178024e-07
"COL21A1",3.46331914362799,-2.12843922067436,0.386191731691167,-5.51135367749521,3.56084383442832e-08,8.2545618900227e-07
"PIK3C2G",4.30483472452546,-1.97931222117223,0.359379974971852,-5.50757515447891,3.63810110083968e-08,8.42311357371907e-07
"ART5",1.71439383397373,-3.24208198656448,0.588708078560485,-5.5071131255614,3.64765875308682e-08,8.43469855489064e-07
"GAPDH",819.371020119851,1.66450249442552,0.302480771400488,5.50283737613753,3.7372712557361e-08,8.63113942627732e-07
"ABCC8",4.62403355773151,-2.58366099353845,0.469704591492784,-5.50060834050447,3.78483102813312e-08,8.72527371549666e-07
"GRPR",1.10152324888769,-3.11727734561862,0.567068131686983,-5.4971830921709,3.85905970897559e-08,8.87919303473863e-07
"EGR2",17.2538150678186,-1.66326995278911,0.302641439844458,-5.49584337704693,3.8884751489029e-08,8.93577378510911e-07
"ANKRD20A3",5.31722500889687,-2.45482345824051,0.446776573694541,-5.49452142922529,3.9177135504517e-08,8.99180797787688e-07
"ARPC1B",104.260835693577,1.40439571294684,0.255749848570287,5.49128658647427,3.9901627201896e-08,9.1467566712069e-07
"IQCJ",1.94659685873338,-3.54154003086303,0.64522894063824,-5.48881150210009,4.04647158960346e-08,9.26436919439248e-07
"AL590867.1",543.716453083938,-2.10315270981329,0.383193448315088,-5.48848817499597,4.0538840337638e-08,9.26988149053988e-07
"FRMPD2",6.91623168197283,-2.49967723032754,0.455497205286055,-5.48779926927922,4.06972149901687e-08,9.29462165287181e-07
"ADAMTS1",34.1431037335244,-1.60569964491184,0.292841742149974,-5.48316518377187,4.17782581719978e-08,9.52976475199192e-07
"ERBB4",6.13880994718898,-2.22803942869588,0.406549725458557,-5.48036141503436,4.24457879856512e-08,9.67012158757972e-07
"DAB1",1.62653371454097,-3.01890676745993,0.551112594072092,-5.4778402815179,4.30548485586108e-08,9.79682929978611e-07
"CKS1B",572.458953953146,-1.51370597735442,0.27634683251878,-5.47755863006519,4.31234143649359e-08,9.80039117628641e-07
"ODF2L",73.4800672777751,-1.61573618709681,0.295106297738068,-5.47509897105251,4.37267151904797e-08,9.92532130830963e-07
"GOLGA6L4",19.0080280419011,-1.19296215351534,0.217987797505816,-5.47260978442389,4.4345586338345e-08,1.00534755221398e-06
"GNB4",19.0589057061123,1.14080105532483,0.208474289033261,5.47214268298963,4.44626613769637e-08,1.00676945479722e-06
"PPAP2B",35.8392887337709,-1.22982213264212,0.224823097181233,-5.47017698831336,4.49586385366229e-08,1.01675690228978e-06
"CHPF2",33.0694947120434,1.32404973998139,0.242062630290125,5.46986430079872,4.50380276091594e-08,1.01731017972787e-06
"FAM13A",21.0194015577641,-1.17888425974541,0.215647403569457,-5.46672132486727,4.58435921598442e-08,1.03375413820906e-06
"UCHL1",13.4471283591015,2.04058345435628,0.373282722593521,5.46658961384166,4.58776536879303e-08,1.03375413820906e-06
"HIST1H2AE",57.7649440190157,1.77183369927818,0.324378350615349,5.46224399969047,4.7015325028837e-08,1.0581018835773e-06
"AOX1",9.58352645927576,-1.6308888088666,0.298655068897976,-5.46077726015,4.74054510529764e-08,1.06558709272236e-06
"ADAMTS9",26.3975841072977,-1.95010130423292,0.357260345929077,-5.45848798069532,4.80206364736294e-08,1.07810694395705e-06
"CTSB",353.201931999952,1.44056224411202,0.264103022731869,5.45454659780456,4.90979592091052e-08,1.09962805377394e-06
"PPP1R15A",53.0836597213708,-1.4761270143105,0.270647516681794,-5.45405711609027,4.92333766583975e-08,1.10132923003241e-06
"COL28A1",18.3535781139192,-1.39247605113594,0.255329777860665,-5.45363749893608,4.93497538941827e-08,1.10260089460561e-06
"LRFN5",2.08386186288403,-2.38554637096836,0.437479425560889,-5.45293385605475,4.95455019522994e-08,1.10564070742228e-06
"CORIN",5.08521738054796,-2.15172375842257,0.39468312905743,-5.45177536106306,4.98694270936437e-08,1.11153011868649e-06
"TRIB3",10.2852862057478,1.39588252543737,0.256166577043499,5.44912041823605,5.06195333990552e-08,1.12554021322605e-06
"PSG1",3.15783185169344,-4.26961482234939,0.783758581651042,-5.44761476595912,5.10497757666197e-08,1.13374573950759e-06
"TCEAL7",1.17174119893628,-2.96781489654139,0.544984503727849,-5.44568676034033,5.16058839038842e-08,1.14472357085957e-06
"DIO3",1.31604334889778,-3.02104082423669,0.555010482829557,-5.44321398910306,5.23277223249295e-08,1.15934697715591e-06
"ADAMTS14",4.09995503184004,1.72353410239838,0.316669350600598,5.44269314074603,5.24810085172178e-08,1.16135393041327e-06
"HYAL1",6.29740518025034,-1.51152927257995,0.277781986096456,-5.44142294401729,5.28566556900359e-08,1.16827085523967e-06
"HGF",4.50408201182575,-1.40064947246029,0.257584413523693,-5.4376328648917,5.39930851572137e-08,1.19186455970001e-06
"AP000349.1",7.8766396450136,4.01792008735102,0.738936555656574,5.43743580770739,5.40528144988665e-08,1.19186455970001e-06
"RTL1",3.02400960439416,-1.96243417705755,0.360928340385221,-5.43718505164496,5.41289129209277e-08,1.19212333545948e-06
"TUBB",194.974501121895,1.41386629261845,0.260075261446552,5.4363736279816,5.43758727054908e-08,1.19614004067827e-06
"POLH",12.0368796856679,1.15714011203564,0.212886277319736,5.43548474145059,5.46476618836037e-08,1.20069275611875e-06
"KDELR3",8.14478601202954,1.26387874664406,0.232611735371621,5.43342641171945,5.52820878868037e-08,1.21228845733715e-06
"PTK7",75.2036264918062,1.17158058650986,0.215627737513658,5.43334823255589,5.53063247192471e-08,1.21228845733715e-06
"DGKG",3.25521810082067,-1.94834161873816,0.35873888171629,-5.43108572289918,5.60122183652897e-08,1.22631005740177e-06
"ASPM",2.15662637221999,2.29482571755027,0.422573485625143,5.43059561381465,5.61662768491707e-08,1.22823114498269e-06
"KLF4",54.4891098868701,-1.95285705295955,0.359661961771604,-5.42970138777054,5.64484222018229e-08,1.23149314019101e-06
"HS3ST6",3.8479201009163,-4.06573653336925,0.74878246831738,-5.42979664375093,5.64183018878391e-08,1.23149314019101e-06
"KLRG2",7.842743591711,2.25744266269511,0.415800424513625,5.42914949001245,5.66232413633231e-08,1.23385373709585e-06
"ZNF695",2.44117752047166,2.48366998254384,0.457861338068429,5.42450252083229,5.81161700841074e-08,1.26341279612422e-06
"MASP2",3.58584365911751,-1.81071153930178,0.33417994042709,-5.41837291905567,6.0143865655443e-08,1.30596093747962e-06
"TMEM26",2.79479748541487,-2.11637170376251,0.390693304449913,-5.41696435453972,6.06194200219936e-08,1.31474578178848e-06
"TMOD1",2.13084029279191,-2.09603768804595,0.387168465517159,-5.41376138484361,6.17143957729963e-08,1.3369287000087e-06
"UBXN10",1.08164904159183,-2.83586914929894,0.523910887384475,-5.41288455266978,6.20174776348435e-08,1.34192490742123e-06
"PDIA4",35.9105727843432,1.26635815296954,0.234003153237581,5.41171405362998,6.24243153670651e-08,1.34915188941515e-06
"LPAR1",19.0662113204244,-1.43537199751062,0.265320075431131,-5.40996377744208,6.30374979885641e-08,1.36081647755732e-06
"STK33",22.0185144836151,-1.58391959148282,0.29302471707203,-5.40541291980319,6.46592590703605e-08,1.39420116007127e-06
"ASXL3",1.41094391550682,-3.14711977077352,0.582417479427323,-5.40354622232149,6.53361090684745e-08,1.40604503155139e-06
"LCLAT1",40.6994368055174,-1.81642501922472,0.336158389250073,-5.40347966111136,6.53603699474002e-08,1.40604503155139e-06
"RASL11A",5.617994769139,-1.56460711536365,0.289599876810843,-5.40265117718127,6.56630751763159e-08,1.41091818841731e-06
"MAML3",6.76384116754683,-1.14385368067007,0.211774234814292,-5.40128822409929,6.61640180508877e-08,1.42003469564141e-06
"MPP2",5.40776418382176,-1.92491190371941,0.356500589898166,-5.39946344624356,6.684050088182e-08,1.43123671367985e-06
"ABCD1",14.4748579059289,1.11465534539334,0.206454407323009,5.3990387507175,6.69989028187771e-08,1.4329719145605e-06
"KCNN2",2.63428894376099,-3.17200360157204,0.587747553052169,-5.3968809995037,6.78093296904612e-08,1.44863253117269e-06
"AL445665.1",8.89651630952632,-2.24891367813594,0.416787088176397,-5.39583336896495,6.82062245168788e-08,1.45542044714e-06
"LEPREL1",5.65896847480503,-1.4445659750551,0.267771076577403,-5.39477972572414,6.86076666218931e-08,1.46063356456403e-06
"BACE2",28.3829541988449,1.03513510035215,0.191898631493202,5.39417656237336,6.88385033058981e-08,1.46386539406641e-06
"PARP15",163.385456729204,-1.99385205051108,0.369778664717643,-5.3920148476753,6.96720094382127e-08,1.47819582911177e-06
"PKM",244.298919133723,1.22999773181579,0.228138114918064,5.39146092382479,6.9887157849109e-08,1.48106400192357e-06
"ACVR1C",1.77219940136912,-3.49925059013131,0.64907458737537,-5.39113787258418,7.00129304695619e-08,1.48203371217969e-06
"RCCD1",10.3681585983763,1.04778725691366,0.194372190777043,5.3906232816789,7.02137275891029e-08,1.48458751416137e-06
"HOXD8",3.91911791022323,-1.60164909485117,0.297249250198142,-5.38823594604037,7.11526034919185e-08,1.50272351411324e-06
"CDO1",4.13159899643399,-1.73309806956806,0.321734518477926,-5.38673337808785,7.17497468655332e-08,1.5136091246508e-06
"PHGDH",41.6680188488007,1.34078245614127,0.249058967191075,5.38339362466172,7.30944519763455e-08,1.54022234301009e-06
"PRKG1",4.44520089770027,-1.37042665721884,0.254682910515801,-5.38091328720628,7.41088882719866e-08,1.55982366883379e-06
"NT5DC2",39.5385279425161,1.1567832064391,0.215165389971029,5.37625129485208,7.60526277184064e-08,1.5989180143023e-06
"SOX17",4.31984852055802,-1.8027534307756,0.335560559792673,-5.37236387938272,7.77110890683874e-08,1.63193287043614e-06
"CCNE1",3.55290179052936,1.85749628622492,0.345842237108247,5.3709353193998,7.83293026972443e-08,1.64305248534355e-06
"DNTTIP2",20.0015127897548,-1.52204904769082,0.283441019439637,-5.3698968861314,7.87816744399388e-08,1.6506721425074e-06
"TPI1",223.424248898071,1.40827887848705,0.262701370944711,5.36075953247859,8.28727719734939e-08,1.73247119920209e-06
"PSG4",9.19509708349946,-3.48714747634561,0.651659305754231,-5.35118189144799,8.7381635863868e-08,1.82467041653953e-06
"FER",13.9467816909504,-1.20620986444282,0.225426517552367,-5.35078959449663,8.75712923093494e-08,1.82657148215515e-06
"PGA3",6.11401829935936,-2.64938076602132,0.495221471627521,-5.34989074143789,8.80073479059178e-08,1.83360190991385e-06
"TP53AIP1",3.08003730962674,-2.52762899940969,0.472532524221435,-5.34911116134137,8.83872429926812e-08,1.83944776933757e-06
"TCEAL2",2.92105448350196,-2.22399304634451,0.415921915811131,-5.34714080167495,8.93545048866453e-08,1.85749061673451e-06
"C1QB",63.7185479342977,1.69792248008531,0.317616178619376,5.34583120880647,9.00030531700026e-08,1.86887505696725e-06
"RPP25",9.93430027417211,1.36172294400118,0.254776542582235,5.34477362083542,9.05301254182288e-08,1.87771442664774e-06
"ZNF696",10.8791505068285,1.11673107440514,0.208989058726414,5.34349061721475,9.11735509067777e-08,1.88683408926853e-06
"RGS19",14.2970968398841,1.30417031887305,0.244110927572839,5.34253149516996,9.16574396530707e-08,1.89393068457246e-06
"UBD",5.68193636466251,2.52486827630517,0.472608841013007,5.34240593318838,9.17209709567809e-08,1.89393068457246e-06
"SEPHS2",22.2888581621625,1.0325291673105,0.193455856248146,5.33728565955677,9.43483336837243e-08,1.94249100048757e-06
"BTNL8",1.91473379389019,-4.3840159305044,0.821489105111109,-5.336669595772,9.46693221030825e-08,1.94613227968179e-06
"GTSE1",8.95123662236697,1.40152014304808,0.262754593396076,5.33395106412254,9.60984314333277e-08,1.97332056209323e-06
"C10orf129",1.58925438364235,-3.32564412942481,0.623521057665284,-5.33365166828105,9.62570920418395e-08,1.97438965536982e-06
"C2orf62",5.35012241357578,-2.46313268338382,0.461891461986647,-5.33270884200719,9.6758387890659e-08,1.98247661560928e-06
"YDJC",16.2664801208713,1.11112046975128,0.208452724429476,5.33032356757324,9.8037936504373e-08,2.00647365738563e-06
"RBKS",5.16183540753753,-1.55743894013155,0.292221939596445,-5.3296441132461,9.84054080463931e-08,2.01177148767692e-06
"LRRC4B",3.00357730945436,-1.78285926781833,0.334650100089763,-5.32753245058083,9.95559963571396e-08,2.0308107538843e-06
"ATAD2",9.8254466967546,1.20542486266529,0.226359715427086,5.32526231706442,1.00807454248683e-07,2.05181941493857e-06
"CHMP4C",6.60881201313572,1.06205041288205,0.199448718178424,5.32492974926995,1.00992063083951e-07,2.05332051859599e-06
"LOR",8.95675181830094,-6.5121905476311,1.22315972170681,-5.32407209954879,1.01469656970808e-07,2.06076862545318e-06
"PRELP",17.7216538510906,-1.13659600017068,0.213575834723333,-5.32174438949535,1.02776918169827e-07,2.08503184922403e-06
"MS4A4E",35.8123798521443,-1.24053240069408,0.233185205158915,-5.31994471882835,1.03798787055462e-07,2.10345857094231e-06
"BDKRB2",5.73628504142765,-1.58397598867623,0.29776224756551,-5.31959978683243,1.03995762330609e-07,2.10514700534157e-06
"DUX4L2",17.4236830253514,-4.97463078400134,0.935225558092136,-5.31917754060272,1.04237380859813e-07,2.10773446319373e-06
"GFRA2",2.90552855364256,-1.60038112185637,0.301030887427923,-5.31633526223968,1.05877990305534e-07,2.13857375838506e-06
"KRT15",178.931101136604,-1.72838297173479,0.325266083244995,-5.31375098962577,1.07391345477193e-07,2.1667783234516e-06
"PODXL2",11.4232769155758,1.55954643850119,0.293632462546425,5.31121942368556,1.08894122881913e-07,2.19470831775712e-06
"CITED1",4.50629416524715,-2.77715469962305,0.522917781240405,-5.31088212956807,1.09095875939077e-07,2.19638458059085e-06
"S100P",12.8266893440054,2.92126021978114,0.550210115177903,5.30935389807689,1.10014531862768e-07,2.21247465707077e-06
"C19orf35",9.24059816610455,-1.38882930090066,0.261703589219786,-5.30687907277529,1.11518106910414e-07,2.24028023448447e-06
"BOLA2",5.43450020172336,1.36015061244352,0.256337573900058,5.30609146271246,1.12000775410198e-07,2.24753885389782e-06
"TENM1",1.10890297664843,-2.61159817889896,0.492495480751292,-5.30278607818902,1.1404854057857e-07,2.28368331740138e-06
"TRPM2",6.66086724033018,1.05356251526376,0.198692416957673,5.30247973926552,1.1424014894125e-07,2.28504971780759e-06
"USP2",4.90753361268723,-1.65551648466731,0.312470470979344,-5.29815338863413,1.16979680309532e-07,2.33524218368304e-06
"SEMA3A",2.28724812009001,-2.21526195586792,0.4182570057013,-5.29641327143712,1.18099390334797e-07,2.35208269653882e-06
"HAO2",1.50775579310916,-3.69986994080828,0.69855954383753,-5.29642744623182,1.1809022754896e-07,2.35208269653882e-06
"FAM180B",1.1882304187286,-2.84353310074632,0.536944079010702,-5.29577140693202,1.18515022174305e-07,2.35782517799407e-06
"ROBO4",16.0199068541361,-1.05768029359958,0.199733472580242,-5.29545839230658,1.18718224192817e-07,2.35933363572892e-06
"CFL1",327.052214119317,1.43232217400498,0.270583377612394,5.29345958589059,1.20023776169435e-07,2.38272281051477e-06
"POGK",24.3313069475033,1.02193860463043,0.193116793989909,5.29181633309338,1.21107487589317e-07,2.40166261791148e-06
"SCN4A",2.56574668544501,-2.47101153955246,0.467082272465914,-5.29031326003234,1.2210703781603e-07,2.41889471061873e-06
"TBX15",4.43791472392872,-1.56477977582968,0.295829847717745,-5.28945874766044,1.22678846256151e-07,2.42762563072268e-06
"NIPAL4",3.0612684059252,-2.36164605859906,0.446585780902852,-5.28822492696604,1.23509047235778e-07,2.44144564877383e-06
"EPB41L4A",11.662589088131,-1.08986147785459,0.206138577078695,-5.28703308861265,1.24316159496894e-07,2.45478028379687e-06
"FAM182B",9.42626854592252,-2.28927206660154,0.433173222902835,-5.28488822845601,1.257815308343e-07,2.48107083505102e-06
"ZNF780A",19.4833728082089,-1.43142891880808,0.271253945916093,-5.27708053784726,1.31258208751412e-07,2.58634525797197e-06
"DKK1",5.68019040057892,2.48523507464995,0.471050130837511,5.27594604470502,1.32072945984392e-07,2.59963348089576e-06
"DNMT3B",3.33620783252283,1.36394738722229,0.258658965418023,5.27314947316049,1.34102254562773e-07,2.63397874762639e-06
"MLK4",4.54815683845819,1.41166972136663,0.267703298592009,5.27326233479878,1.34019776562436e-07,2.63397874762639e-06
"AMY2B",10.9441742334547,-1.20832768479324,0.229252855060955,-5.27072033398215,1.35889389825685e-07,2.66625347282981e-06
"ECM2",11.1525555397268,-1.20942708195848,0.229566112306579,-5.26831713011425,1.37680104151801e-07,2.6985300413753e-06
"PTPN13",10.8840937479823,-1.22247183896199,0.232141914909916,-5.26605391118782,1.39387366910571e-07,2.72910445023002e-06
"EPHB4",60.8467506399315,1.10376577895282,0.209665542667618,5.26441190531065,1.40638815821287e-07,2.75069920447929e-06
"RPUSD1",17.0045744700715,1.14261201785291,0.217053648267477,5.26419171929728,1.40807453951558e-07,2.75109247055987e-06
"PYCR2",35.5721836851203,1.08877099791614,0.206870572855082,5.26305400951758,1.41681934780406e-07,2.76526111275309e-06
"FRK",17.9218973760705,-1.62207635596826,0.308526536565017,-5.25749380921222,1.4603180884428e-07,2.8471591193829e-06
"LONRF3",2.58464827083965,-1.76585947817118,0.33609360125845,-5.25407050761808,1.48773882987542e-07,2.8975708314356e-06
"OLFML1",6.66172480267403,-1.1577411294587,0.220393570458499,-5.25306217894729,1.4959100639121e-07,2.91042502140545e-06
"ARHGEF15",18.4842891332635,-1.2884975786729,0.24543282258631,-5.24989919887257,1.52182463262708e-07,2.957737234577e-06
"APBB1",15.5081033666686,-1.00686865266248,0.192047313770278,-5.24281560046643,1.58144568849039e-07,3.0671766536355e-06
"B4GALT2",35.0337299408713,1.08899547121952,0.207781778873971,5.24105374937636,1.59662196066335e-07,3.09337154345256e-06
"ERG",8.20196420486183,-1.31493366734976,0.250938830109116,-5.24005657784403,1.60527372879177e-07,3.10688401302834e-06
"SPP1",114.071827121427,2.40135002476516,0.458372751483517,5.2388585861468,1.61572783220542e-07,3.12385291316376e-06
"RASSF8",10.7985260835211,-1.1158409190742,0.213015363508358,-5.23831192593965,1.62052002945415e-07,3.12985109338372e-06
"BEAN1",6.76534379250757,-1.24425869282675,0.23755143427466,-5.23784963296882,1.62458335994306e-07,3.13443052009013e-06
"PRX",3.18848001529148,-1.40182644507614,0.267708820243412,-5.23638497902885,1.63752211167032e-07,3.15610661314856e-06
"SYPL2",1.84518103830239,-2.89080086178758,0.552148838924277,-5.23554639256252,1.64497498140958e-07,3.16717532283454e-06
"SLC7A5",41.2813050290314,1.74484975889851,0.333306400456431,5.23497225528557,1.65009648370889e-07,3.17373697520831e-06
"HCAR3",1.65793049412681,-2.46154315023269,0.47031756672749,-5.23378951664578,1.6606955598189e-07,3.19080945632425e-06
"UQCC2",16.7545944307726,1.17594724017812,0.22469846402381,5.23344583278286,1.6637877956474e-07,3.19343808818457e-06
"ABLIM1",44.3750660988495,-1.29779404930661,0.247989899517342,-5.23325366005824,1.66551926234389e-07,3.19345215084198e-06
"CD36",38.6490820033675,-2.21829119638967,0.423954696145893,-5.23237793225507,1.67343161052278e-07,3.20459965153501e-06
"TUSC5",5.70575046480593,-3.20480144084844,0.612562984055053,-5.23179089215162,1.67875595119584e-07,3.20886663860159e-06
"AKR1A1",71.4490260095433,1.03727755389188,0.198287873708106,5.23116988696358,1.68440617607567e-07,3.21634754569831e-06
"HIST1H2BD",95.0300147301288,1.74442461656744,0.333551394355309,5.22985256871457,1.6964527511384e-07,3.23601419738265e-06
"MROH6",13.6523824529256,1.47762369834939,0.282721736196412,5.22642410954512,1.72819704179746e-07,3.29317547409184e-06
"RSAD2",7.61373363389514,1.44734879970286,0.277034000305225,5.2244446461742,1.74678570997811e-07,3.32517625079286e-06
"UCK2",26.8148138443352,1.20649683643039,0.231000449657231,5.22291986106802,1.76123625580842e-07,3.34924208727757e-06
"AQP7",12.8033199811513,-2.43419252529865,0.466187109321538,-5.22149256516603,1.7748675656177e-07,3.36645056391815e-06
"TAP2",576.301207850863,-1.3687669369944,0.262145492246937,-5.22140176915589,1.77573814973979e-07,3.36645056391815e-06
"SLC29A2",11.6374203049421,1.38765267372271,0.26586594892879,5.21936968353319,1.7953308667349e-07,3.40011434700038e-06
"MAATS1",3.2589556386933,-1.71666290627193,0.328984430710607,-5.21806731876016,1.80799756573232e-07,3.42060581332932e-06
"ATP6V0B",64.1275054369482,1.2658839874527,0.242624383839978,5.21746399688997,1.81389466760852e-07,3.4282609217801e-06
"SLC2A4",3.49880148799524,-1.74335200032345,0.334161785862009,-5.21708966758802,1.81756285006826e-07,3.43169206003713e-06
"RP11-544M22.13",5.17304251067962,1.89251330897377,0.363024446723565,5.21318419752288,1.856264122784e-07,3.49763215485302e-06
"XKR9",10.5072528318589,-2.02865989644662,0.389182658437551,-5.21261637039808,1.8619569198344e-07,3.50479329971269e-06
"CPD",30.0544010523429,-1.30090234108246,0.249598209339615,-5.21198587331367,1.86829779305836e-07,3.51315855056112e-06
"CACNB2",7.31715468010219,-1.27528915383414,0.244708875064925,-5.21145444151049,1.87365857959949e-07,3.5196657415154e-06
"CDCA5",10.7037868552527,1.77104975243131,0.33992908429941,5.21005655071093,1.88783081130449e-07,3.5426952671714e-06
"FRA10AC1",7.26930566256476,-1.65835311339649,0.318335361735201,-5.20945302575574,1.89398150166809e-07,3.55064022002999e-06
"INMT",22.4694182404412,-1.82375911320938,0.350276557400377,-5.20662623483753,1.92304888558054e-07,3.59784964229523e-06
"RAD54L",7.49602494669041,1.42500163074297,0.273742657099962,5.20562504156084,1.93344701444944e-07,3.61365344113345e-06
"CAV1",50.1398748208659,-1.57997024285264,0.303549016933844,-5.2049921255287,1.94004832694758e-07,3.62233620077854e-06
"LEP",5.12528845666645,-4.09293983125718,0.786681651359102,-5.20279051149351,1.96318127402786e-07,3.66183721626829e-06
"MAGEL2",1.53008138488402,-3.39309965705918,0.652240274627077,-5.20222345821747,1.96918249632947e-07,3.6693358347097e-06
"ILF2",55.9519648109449,1.35438170360056,0.260397355719679,5.20121143264824,1.97993702627237e-07,3.68566769855446e-06
"GNG2",10.2839659901116,-1.37057331268252,0.26352103102828,-5.2010016329036,1.98217360638375e-07,3.68612645958232e-06
"TMEM158",8.38388735092529,1.7221530952088,0.331198521950957,5.19976081132332,1.99545145682234e-07,3.70709647775962e-06
"WNT16",1.78940832846972,-3.85257141997236,0.740992885195955,-5.19920163464666,2.00146318553204e-07,3.71453919062369e-06
"DMKN",117.349111526237,-2.43150266661882,0.468066423484323,-5.19478122040568,2.04960730186261e-07,3.80008272723717e-06
"RAD51",3.61496042078901,1.79883604991678,0.346550788147197,5.19068520817425,2.09521594337215e-07,3.88075897031389e-06
"CENPF",7.36076774317623,1.62502704155566,0.313248935109308,5.18765384146831,2.12959981556004e-07,3.94050427410619e-06
"GMPS",18.821363740832,1.09148439095769,0.210428327925532,5.18696509028933,2.13748779378094e-07,3.95115258646812e-06
"STRC",5.44027456603308,-1.76866552848865,0.340999892483651,-5.18670406493882,2.14048457910691e-07,3.95274729553522e-06
"FAM195A",14.0667714627542,1.18359783029496,0.228361592711311,5.18299866559099,2.18346601523296e-07,4.02810334005427e-06
"MFN1",302.19447914361,-2.75000443624495,0.530923919463366,-5.17965820606563,2.2229281861737e-07,4.0968234690855e-06
"SHANK2",81.2068723506115,1.7416004950927,0.336345706828581,5.17800721024307,2.2426856583137e-07,4.12315826440391e-06
"SFTPB",4.14974375339786,-1.85113560753045,0.35750656898502,-5.1779065564751,2.24389565409737e-07,4.12315826440391e-06
"SYTL4",8.7007651553224,-1.16382859953561,0.224853229323542,-5.17594789737698,2.26756736663665e-07,4.15840423414297e-06
"CBLN1",2.95896515097014,-3.33351885611106,0.64434773476819,-5.17347804025465,2.2977613898898e-07,4.20960795880701e-06
"NR2F6",28.0363935437842,1.27563977107175,0.246587110925693,5.17318105671855,2.30141807309576e-07,4.21214086461262e-06
"HIST2H2AA4",509.825384746394,2.12378715000556,0.410768845055707,5.170273197612,2.33752012628005e-07,4.2739928705784e-06
"DNAJB5",7.09204096985556,-1.4519405739722,0.280886664759824,-5.16913316341913,2.35182282812797e-07,4.29590359197103e-06
"FMN2",1.64799273194844,-3.39444998193574,0.656726374750265,-5.16874319723576,2.35673466633661e-07,4.30063443250114e-06
"KIAA1377",2.74055076736223,-1.53869489114644,0.297778730004443,-5.16724243912077,2.3757301683869e-07,4.3262212743866e-06
"KCNJ3",1.79605163003948,-3.43719908643074,0.665183755209485,-5.16729258571305,2.37509306745601e-07,4.3262212743866e-06
"KLK13",3.04596553162889,-2.79661843712399,0.541237427589823,-5.16708249386517,2.37776333944799e-07,4.3262212743866e-06
"EN1",19.394645205164,2.98389435092289,0.577850370321001,5.16378374779844,2.42007271459127e-07,4.39456733526074e-06
"KCNK1",10.7584377760862,1.26808244919929,0.245585557040484,5.16350580417174,2.42367062677092e-07,4.39679014192468e-06
"ATP6V0E2",22.6161069267955,1.34816862545489,0.261129329270811,5.16283877119268,2.43232629979944e-07,4.40817492415707e-06
"PSG5",3.00644909813683,-3.21169180035057,0.622156575435918,-5.16219216698028,2.44074538235267e-07,4.4191090881658e-06
"MBOAT1",78.7116238507278,-2.22747191221421,0.431661760275484,-5.16022524393323,2.4665290485204e-07,4.46143076530223e-06
"CTD-2117L12.1",129.493880901936,-1.47949981881895,0.286765447477074,-5.15926807722269,2.47917117709275e-07,4.47992278459629e-06
"C11orf72",68.5364657648605,-1.31069378301542,0.25408180781602,-5.15855028851373,2.48869268128001e-07,4.49274520883707e-06
"TBC1D15",14.8694995815714,-1.20678756443577,0.234003254319787,-5.15714009167832,2.50750199601115e-07,4.52229327849256e-06
"ANO2",6.42795674539992,-2.11593447878921,0.410367777835365,-5.15619060041819,2.52024366391913e-07,4.54085147306518e-06
"CCDC74A",12.2775184786948,-1.52540218913858,0.295854211577539,-5.15592521399274,2.52381617772851e-07,4.54286911991133e-06
"HMGCLL1",1.30714440543587,-2.56004483270348,0.496686288726242,-5.1542490517883,2.54649320497358e-07,4.57479603710191e-06
"ERVW-1",69.470769845253,-1.55592539029568,0.301867202457811,-5.15433732988313,2.54529398433338e-07,4.57479603710191e-06
"MAGI2",3.40719059080205,-1.69411169794213,0.32875095435692,-5.15317651702649,2.56110680457363e-07,4.59659110797604e-06
"TLE4",20.5948046654415,-1.05711133324977,0.2052358962179,-5.15071365550707,2.59497124676842e-07,4.6528613197139e-06
"POTEC",3.2053343145851,-3.65065437641986,0.708898062037553,-5.14975928404566,2.60820982431846e-07,4.6675615812586e-06
"CPE",31.7161533969994,-1.56933028183491,0.304830299107689,-5.14820963148582,2.62984492719429e-07,4.69720228943998e-06
"OCIAD2",14.7747032529268,1.26118876113029,0.244971582679235,5.14830637634279,2.62848918918224e-07,4.69720228943998e-06
"DNAH6",1.07125324059664,-2.8289116657986,0.549555108879916,-5.14763964539314,2.63784617323577e-07,4.70695441432302e-06
"CDKN2A",48.615316327493,2.09613627292744,0.407415167677798,5.14496375987936,2.67572459688097e-07,4.76994908406442e-06
"TTC28",19.2427582385979,-1.06618651377824,0.207298290835831,-5.1432479712175,2.70028824618711e-07,4.809109509219e-06
"NME1",24.1890128730906,1.34279248356479,0.261107741205082,5.14267588301841,2.70852670960582e-07,4.81914809945427e-06
"NGFR",11.9771576674606,-1.60434346791073,0.311990613062256,-5.14228121212925,2.71422438692501e-07,4.82465106474328e-06
"METRN",35.561937925166,1.79087780815017,0.348308818171228,5.1416378647921,2.72353691195111e-07,4.83656286511587e-06
"FIGF",2.80866727875959,-2.52410095405707,0.491125772857607,-5.13941864498504,2.75589777758217e-07,4.88934278126216e-06
"HIST2H2BF",94.6120994688564,1.50420725875095,0.292782653561269,5.1376242426062,2.78233514448427e-07,4.92680798720245e-06
"MALRD1",1.56666653548007,-2.63654586314193,0.513167690307779,-5.13778617192486,2.77993938190678e-07,4.92680798720245e-06
"LPCAT1",26.5354342658787,1.21027099283973,0.235587720272648,5.13724141240925,2.78800709285498e-07,4.93213632988156e-06
"WNT4",7.85671580669416,-1.41973943811158,0.276422568638875,-5.13611983675025,2.80468852485261e-07,4.9569122955458e-06
"CXCL3",5.27063986950134,-2.2792578650804,0.444612200799388,-5.12639522933114,2.95342285405572e-07,5.20983791455429e-06
"TSHZ3",7.30202345516954,-1.41528196594478,0.276164537184791,-5.12477807748996,2.97888401677235e-07,5.24173059844129e-06
"GPR97",3.90124907470537,-2.61924971156519,0.511102237893116,-5.12470796911857,2.9799926142742e-07,5.24173059844129e-06
"PDXP",5.77213116577892,1.27623465323545,0.249056208074381,5.12428364304937,2.98671083110241e-07,5.24856337890691e-06
"UCP2",63.981348020027,1.42358732541603,0.277852766301623,5.12353122974004,2.99865952163022e-07,5.25958064958665e-06
"SPATC1",2.71134178713612,1.87721557030246,0.366381009906586,5.12367049477013,2.99644444953668e-07,5.25958064958665e-06
"FBLN5",32.7750081119284,-1.35514436527133,0.26460971847188,-5.12129476232879,3.03444884717591e-07,5.31229315192744e-06
"PYGO2",17.0759152310238,1.01915825944103,0.199000701743689,5.1213802288682,3.03307361152006e-07,5.31229315192744e-06
"PPP1R1A",6.65701761578113,-1.93984049358956,0.378820339806933,-5.1207400705522,3.04338899616912e-07,5.3179351710413e-06
"KRTCAP2",93.9255994961834,1.10598498622083,0.215981538730022,5.12073852572796,3.04341393008519e-07,5.3179351710413e-06
"CXCL12",97.1532472677105,-1.45605078733597,0.284444950321899,-5.11891944535558,3.07291169330602e-07,5.36441756676853e-06
"GPAM",10.8561848921971,-2.17844130473408,0.425773727605245,-5.11642960449127,3.11373419053599e-07,5.43056352891786e-06
"MEDAG",7.37473775895101,-1.97161427790064,0.38537837629594,-5.11604801714821,3.12003664502111e-07,5.43643638185146e-06
"TSPAN11",6.79302329952232,-1.26454504321092,0.247209161437035,-5.11528389910824,3.1326941815893e-07,5.45336105558243e-06
"MUC12",2.03602784247294,-2.53188641097266,0.495041414988356,-5.11449412981378,3.14582872588476e-07,5.47108353622887e-06
"PRAME",6.18234693291678,3.47100455392446,0.679749103270236,5.1063025125383,3.28523609608344e-07,5.7028250207739e-06
"DACH1",2.36622440462368,-1.68691327548928,0.330400535454393,-5.10566144564295,3.29639410217796e-07,5.71683628844009e-06
"ANKRD18B",5.88509893565914,-4.14490354292529,0.811930684347551,-5.10499679693229,3.30800118394255e-07,5.7262427971013e-06
"STMN2",1.37867620162736,-3.21321603412809,0.629583823339967,-5.10371441420121,3.33050765335135e-07,5.7598191181488e-06
"CMA1",2.02113699063101,-2.19117443779057,0.429518510947896,-5.1014668330706,3.37031090532121e-07,5.82321815189921e-06
"KLK3",2.16816299921504,-3.59529955843834,0.705415295776533,-5.09671335447947,3.45601020284704e-07,5.96016955094347e-06
"CNIH2",4.95075698684037,1.43741038475155,0.28225682987654,5.09256192447239,3.53257280498261e-07,6.08088415370706e-06
"GRIA1",1.69052421747029,-3.0654022398217,0.602007783643218,-5.09196446144028,3.54372537078149e-07,6.08876450070638e-06
"TTYH1",41.1595847308351,1.65076437133168,0.324180691080015,5.09211195099907,3.54096909647037e-07,6.08876450070638e-06
"ABLIM3",17.0166081014419,-1.61743370881138,0.317658669218021,-5.09173482591553,3.54802090553692e-07,6.09049520040359e-06
"OR11A1",2.62591822151196,-2.89024800952878,0.567769343696829,-5.09053199440103,3.57060316172016e-07,6.11791968190386e-06
"CDKN3",2.55067133897694,1.94876747351971,0.382964976751809,5.0886310545903,3.60657500142135e-07,6.1738430846882e-06
"CNR1",2.36287342353012,-2.08494806366071,0.410021613577352,-5.08497112010749,3.67682011704504e-07,6.28210803274598e-06
"EEPD1",9.15155766505638,-1.05068234808964,0.206631694950797,-5.08480728641279,3.6799952572775e-07,6.28210803274598e-06
"SLC1A7",2.73327997780047,-1.53999621960691,0.30291053865884,-5.08399683426454,3.69574099713602e-07,6.30317815367894e-06
"CHST11",23.4846947981754,1.23619834055968,0.243340054801147,5.08012682733173,3.77182970466364e-07,6.42703125940937e-06
"UTP11L",20.0458821400516,-1.63604414793757,0.32233914027528,-5.07553673606122,3.86403689950103e-07,6.57809664086011e-06
"SOD2",234.503162493823,-1.46589823746751,0.288948790967855,-5.07321118235995,3.91157980125179e-07,6.65291837270759e-06
"PROL1",1.58079163561484,-3.54766815776441,0.699352851910674,-5.0727871461051,3.92030929957885e-07,6.661648518055e-06
"SLC17A7",2.35644552189298,-1.99227337686382,0.393106476816821,-5.06802480843423,4.01965025386568e-07,6.8241945006508e-06
"LAYN",4.60731550893081,-1.23935098404718,0.244580141036369,-5.0672592582359,4.03584434647251e-07,6.84541291074761e-06
"RGS22",1.45788073062456,-2.8508659784094,0.562821568326418,-5.06531046222448,4.07735287077606e-07,6.89416967670777e-06
"HIST1H4H",115.422101137659,1.51648107823846,0.299391481042518,5.06521118422572,4.0794784395161e-07,6.89416967670777e-06
"CLDN5",11.7637127006684,-1.19238535589224,0.235396922206654,-5.06542458038363,4.07491089033778e-07,6.89416967670777e-06
"NPR1",6.635907767609,-1.44663501366778,0.285663998252203,-5.06411386285573,4.10304371824265e-07,6.92767326793896e-06
"SEMA3D",3.19023120278563,-1.54647724003095,0.305445020581852,-5.06302979529675,4.12645331124192e-07,6.96085320863595e-06
"PLN",2.5799133746829,-2.29158249745969,0.452691113392967,-5.06213272066254,4.14592232981962e-07,6.98733151891893e-06
"FAM227B",28.0655561256737,-1.25355755186283,0.247723040763905,-5.06031876565547,4.18556135866559e-07,7.04772431683674e-06
"AMPD1",1.73080896771825,-3.77310696676084,0.745793399170822,-5.05918525285395,4.21051655080855e-07,7.08330495495695e-06
"TUBA1B",248.303304981808,1.29173026699101,0.255463912929795,5.0564099335079,4.27222493207566e-07,7.18059439127998e-06
"CLPS",4.38980836116206,2.99747731038918,0.593003208298806,5.05474046082866,4.30976446837356e-07,7.23361404052124e-06
"TMUB1",27.9114512056548,1.08833919099441,0.215314023491941,5.05466004184881,4.31158076921253e-07,7.23361404052124e-06
"OPLAH",25.9453782102052,1.33070424924687,0.263395621662351,5.05211225930213,4.3695074758385e-07,7.32416447669509e-06
"COLGALT1",59.844775236876,1.18004210015788,0.233599742871599,5.05155564664516,4.38226225171849e-07,7.33227293824118e-06
"MIF",260.066498886913,1.78755069145258,0.353963559300859,5.05009808067052,4.41583277398952e-07,7.38177388446154e-06
"TMEM91",19.5362067204613,-1.69728331971573,0.336344586362066,-5.04626323281638,4.50534588358345e-07,7.52461825570177e-06
"PDLIM3",44.4067081386763,-1.26306773473878,0.250371048991716,-5.04478349164311,4.54035192714687e-07,7.57258385375131e-06
"RAC3",12.9848967581408,1.36657429387107,0.270892864771143,5.04470390914721,4.5422420157206e-07,7.57258385375131e-06
"GHR",8.77245076082563,-1.30066849690379,0.25830101743997,-5.03547570115969,4.76663594973777e-07,7.93240171258247e-06
"CLMP",17.4265492490065,-1.32098650430177,0.262363018875367,-5.03495694615898,4.77956244744957e-07,7.94677339781517e-06
"ANK1",4.25015168207799,-2.57212268736364,0.511463419720632,-5.02894750277266,4.9317938013379e-07,8.18518680899468e-06
"HDAC2",31.1500975219206,1.0956250901253,0.217943481033949,5.02710649993995,4.97935847829569e-07,8.24934505679721e-06
"COA6",4.45681204223231,1.24283474255206,0.247289074857831,5.02583764877838,5.01239808559029e-07,8.28925333404495e-06
"LINC00923",60.0443354976539,-1.3999825479827,0.278552680029403,-5.02591663391975,5.01033523613771e-07,8.28925333404495e-06
"WSCD2",2.59262689703387,-2.9154239325178,0.580334197320352,-5.02369832069097,5.06858332475363e-07,8.35977741238528e-06
"ZNF493",35.7752439822318,-1.17184013415542,0.233271897870188,-5.02349466375727,5.07396352225349e-07,8.36120572590562e-06
"MRPL14",15.5446628475903,1.18011833953343,0.23507174291918,5.02024754178628,5.16049336078539e-07,8.49623626919707e-06
"DCTN4",109.385838567733,-1.0442495396129,0.208084207967433,-5.01839880024114,5.21039282961165e-07,8.56424215742968e-06
"DPYS",3.32690686370856,-4.14756244178834,0.826480071313801,-5.01834537304116,5.2118417805467e-07,8.56424215742968e-06
"GCOM1",4.01873114043711,-1.81946928386697,0.362654541661467,-5.01708671710342,5.24608926705147e-07,8.60656026610517e-06
"SLX1A",46.2367290830445,1.23158796747821,0.24554095907676,5.0158147630807,5.28091899355433e-07,8.64850850471363e-06
"MAD2L1",5.53940587938364,1.45980625120905,0.291040867602644,5.01581191409214,5.28099725668455e-07,8.64850850471363e-06
"NACAD",3.16996635160481,-1.4262029547229,0.284403013777567,-5.01472518093053,5.31093207459421e-07,8.68984839979099e-06
"SNCG",23.5418588366977,-1.98589522663106,0.396085520524378,-5.01380415017931,5.33643053895525e-07,8.72386288107054e-06
"CCDC78",6.68909332401978,1.16550438752186,0.232603442597239,5.01069276751836,5.42344409601153e-07,8.8582920234855e-06
"ITGA8",3.22668322053729,-2.0290032686658,0.405114037682466,-5.00847435520404,5.48631838226333e-07,8.95309154857104e-06
"PLEKHH2",10.3897769364265,-1.26072169660738,0.251766007087752,-5.00751356861277,5.51376657971355e-07,8.98996343217028e-06
"ASTN1",1.89899664472137,-2.33625822189475,0.466646988119869,-5.00647873311598,5.54347833055286e-07,9.03045783979773e-06
"LRFN4",27.7391808870338,1.39525472965973,0.27879098242906,5.00466233700642,5.59600356934275e-07,9.10801213632394e-06
"CDCA7",5.28107370984939,1.77293004573755,0.354295731848529,5.00409653959795,5.61246267134408e-07,9.1267808251655e-06
"ADAM22",3.5988111065386,-1.31129832660739,0.262105784143214,-5.00293547848949,5.64638433165742e-07,9.17388864832972e-06
"ACR",3.74350278104949,-2.25176934068257,0.450123422497704,-5.0025598050145,5.65740230109959e-07,9.18373404215307e-06
"C1QTNF9B",1.56863858714032,-2.8633747868807,0.572618894028055,-5.00048953456365,5.71849322603742e-07,9.27477509042601e-06
"TICRR",7.38706452725492,1.47118562829402,0.294403176327449,4.99717987640765,5.8174799706474e-07,9.42706596818295e-06
"MATN2",27.1429939791165,-1.03556797987819,0.207272874069826,-4.996157767993,5.84838204303519e-07,9.46885770988617e-06
"DCN",421.682898592543,-1.42142353070034,0.284523621791451,-4.99580147950671,5.85919109256869e-07,9.47807313681722e-06
"ARHGAP42",4.14144407625994,-1.5717621912328,0.314756041094899,-4.99358864015865,5.92675651012804e-07,9.57900384647396e-06
"HDC",7.04590430807013,-1.79887653174204,0.360294724933319,-4.99279175423664,5.9512715552127e-07,9.61023990807756e-06
"KRT10",234.372189833438,-4.04270314722279,0.809840310270209,-4.99197569688019,5.97647767197744e-07,9.64253653661725e-06
"F8A1",16.2291512711886,1.02845226899329,0.206030114097589,4.99175702298618,5.98324946392176e-07,9.64506062408692e-06
"VAX2",4.6325613049824,1.94062557555398,0.388918914426541,4.98979479672627,6.04434664434558e-07,9.73507726491903e-06
"PLA2G4F",8.15507470984348,-2.93379264608111,0.588069043717441,-4.98885747757666,6.07374345168986e-07,9.76544064342011e-06
"PSG11",5.27869478567585,-3.82583523981236,0.766862989755659,-4.98894234161876,6.07107622738984e-07,9.76544064342011e-06
"TAS1R1",1.00240048306832,-2.71773185777759,0.54489452421306,-4.98762923283649,6.11247312365945e-07,9.81918709422553e-06
"BDH2",8.42424602189878,-1.06929939115772,0.21442465918519,-4.98683031709615,6.13779262046974e-07,9.85131671718723e-06
"HIST1H4J",253.197353341149,2.02903761577811,0.406925999494324,4.98625700569525,6.15602446070144e-07,9.87202468061576e-06
"STK32B",2.55769762076351,-1.59277855970173,0.319541984834061,-4.98456739739182,6.210059702255e-07,9.9500627859141e-06
"PAQR6",11.1392566208208,1.08623054269767,0.218021638592688,4.98221437885341,6.2860736170685e-07,1.00544607543474e-05
"SLC10A6",3.08478542077613,-2.30979114436159,0.463731887665192,-4.98087624724488,6.32970093626401e-07,1.01155065350718e-05
"EIF4E3",8.05790259988267,-1.22884207720899,0.246786618407649,-4.97937078249177,6.37913269420376e-07,1.01857151519002e-05
"GPR116",10.4097139277701,-1.14598447884718,0.23017778086029,-4.97869288062496,6.40151281327472e-07,1.02038571710391e-05
"GATM",9.66177284078434,-1.33672457249107,0.268486934226583,-4.9787323034609,6.40020924579077e-07,1.02038571710391e-05
"HYDIN",9.99122172183778,-1.70151343384965,0.342216907677645,-4.97203205240931,6.62547477126733e-07,1.05427013499496e-05
"GPR75-ASB3",118.395619091412,-1.35413206780838,0.272632141909339,-4.96688342880233,6.80374575452368e-07,1.08078026471087e-05
"GREB1",43.9653701001506,-1.18845773208228,0.239454380797538,-4.96319060074803,6.93444698474254e-07,1.10059834662726e-05
"CNTN4",10.5506189123608,-1.56033749775516,0.314420584335829,-4.96258061809523,6.95626777328606e-07,1.10311636726716e-05
"GNAL",5.51820810245076,-1.2825616885673,0.258465063145834,-4.96222457672603,6.96903493399283e-07,1.10419559493084e-05
"AWAT1",1.77762411271698,-3.72696578545369,0.751154996830562,-4.96164679883556,6.98980132754228e-07,1.10653931785246e-05
"SLC47A2",1.72144701812428,-2.6613325260288,0.536647160591843,-4.95918495700925,7.07895461311952e-07,1.1196959636567e-05
"SLC7A4",1.01304857367637,-2.72413218116452,0.549433863705002,-4.9580711367058,7.11964961516632e-07,1.12517192979617e-05
"DSC2",12.1652306018162,1.45583961328456,0.293844320204844,4.95445891984458,7.25318376741965e-07,1.14529812225189e-05
"SLIT3",40.1207286020346,-1.13847767847561,0.229819074005044,-4.95379978099915,7.27780932521971e-07,1.14820770291073e-05
"OXTR",12.4789831449693,-2.26262514576896,0.456814221836381,-4.95305320546559,7.30579882269006e-07,1.15164260250098e-05
"HN1L",22.9441523873943,1.0105380703162,0.204044250663947,4.95254371063127,7.32495954948413e-07,1.15368112904375e-05
"MTL5",15.1529871977058,1.35553844780431,0.273804507546417,4.95075285630392,7.39269365744688e-07,1.16335999934776e-05
"ATF5",16.903071721662,1.09005924830214,0.220193829891229,4.9504531931735,7.40408635857145e-07,1.16416373118387e-05
"AL163636.6",1.80989215180984,-3.2968546392219,0.666270802194364,-4.94822019569776,7.48951549040845e-07,1.17659716635577e-05
"GCK",1.4934922344075,-3.92134460973316,0.792686206495726,-4.9469065786681,7.54021410958511e-07,1.18298220992318e-05
"WDR4",20.1920308909344,1.04889792114262,0.21203408410672,4.94683638039387,7.54293267422133e-07,1.18298220992318e-05
"MFAP2",28.4468932983326,1.4238105412478,0.287837213415657,4.946582564332,7.55277007590015e-07,1.18352290478699e-05
"POU3F1",2.13076893054122,-3.45968289582696,0.699435215374737,-4.94639506244101,7.56004520962187e-07,1.18366151625204e-05
"CXCR2",4.50273290367221,-2.23242539303266,0.451491443562638,-4.94455747691915,7.6317023155769e-07,1.19387153960401e-05
"SPRY2",15.8683593720987,-1.25005364275921,0.252858025324641,-4.94369771793593,7.66545307739624e-07,1.19813942531252e-05
"ARID5B",23.877610139292,-1.31825425509046,0.266807228610218,-4.94084909901864,7.77830914662622e-07,1.21475414851442e-05
"RERGL",1.40027171295448,-3.12763687328924,0.633047027054712,-4.9406074740462,7.78795509432004e-07,1.21523592465877e-05
"RAB3C",1.29084220393563,-3.23365681945728,0.654588562108267,-4.93998368844465,7.8129106359224e-07,1.21810379460063e-05
"PRICKLE1",17.4396525360757,1.09780658509985,0.222343223628971,4.93744116497916,7.91542751510555e-07,1.23304918784512e-05
"PRRT4",1.65570213021552,-2.71684546326232,0.550375338237507,-4.93635029498707,7.95980850705945e-07,1.23892078292231e-05
"STXBP1",12.1412749281003,-1.15322381939698,0.233633154542454,-4.93604523576905,7.97226236980719e-07,1.23981732673022e-05
"SLC25A25",19.9170479627059,-1.15225650604217,0.233566464826596,-4.93331312308738,8.08463916244468e-07,1.2562389812651e-05
"DIRAS3",2.10634571453471,-1.87195002655178,0.379505022962842,-4.93260935504157,8.11383263172006e-07,1.25971842418038e-05
"SLC26A5",2.28074523496268,-2.33210465509754,0.472852359346266,-4.93199327232237,8.13947208996954e-07,1.26264072069025e-05
"CSRNP3",2.27669831175749,-1.62195772179035,0.328898045512482,-4.93149091008749,8.16043659310043e-07,1.26377597472748e-05
"TSPYL5",12.7494569593937,1.31292235382071,0.266228397410998,4.93156389997663,8.15738736438679e-07,1.26377597472748e-05
"CHAF1B",7.15288116227079,1.1579240686398,0.234891930650989,4.92960343691111,8.239670080827e-07,1.27498052829639e-05
"KIF11",2.86778783010069,1.29510395507674,0.262905894263705,4.92611228327082,8.38818075203215e-07,1.2957955286834e-05
"KIF18B",14.3738411654968,1.2587844933734,0.25552912955893,4.92618785007485,8.38493908124529e-07,1.2957955286834e-05
"CNTN1",6.20046923056561,-1.40053001296159,0.284460765482805,-4.9234558255671,8.50290778600228e-07,1.31133104090203e-05
"WRNIP1",18.410345395094,1.02297171708804,0.207812346771743,4.92257429830024,8.54131199471133e-07,1.31556821645669e-05
"MKI67",8.69154500436282,1.58018690871476,0.321013131442388,4.9224992809939,8.54458786522727e-07,1.31556821645669e-05
"APOA1BP",42.3769235218187,1.28952578024528,0.262080090828679,4.92035002036166,8.63895778373047e-07,1.3289931567297e-05
"TMEM14A",3.97774223410482,1.23156059848697,0.250326438389455,4.91981832366792,8.66245797041283e-07,1.33150246081317e-05
"PRR11",10.8511770683859,1.03854323416546,0.211108046854695,4.91948672558315,8.6771452574415e-07,1.33208674968228e-05
"PELI2",4.90211275575776,-1.47388328223392,0.299632798697095,-4.91896510876936,8.70029747843906e-07,1.33399759847391e-05
"NEGR1",11.9777762669381,-1.26922106931033,0.258091930401543,-4.91770923382091,8.7562843964662e-07,1.34147146063976e-05
"CES1",10.5854413405278,-1.88293836005585,0.382969320741311,-4.91668198489388,8.80233695271175e-07,1.34741227304237e-05
"AMOTL1",21.252179542466,-1.13917613116707,0.231806115824868,-4.91434890366623,8.90779922911746e-07,1.36242987053438e-05
"SHMT2",38.2409257994177,1.00802046561972,0.205161773265763,4.913295735234,8.95580319593012e-07,1.36751349377591e-05
"TMEM220",4.45523634436826,-1.2703135185457,0.258539328060054,-4.91342469278263,8.94991188813913e-07,1.36751349377591e-05
"ALDH3A2",26.9965294949141,-1.13333254446707,0.230699840979119,-4.91258485336214,8.98834627141138e-07,1.37128402828805e-05
"KY",2.4310291798715,-1.85503580659763,0.377620566143733,-4.91243320124558,8.99530339256013e-07,1.37128402828805e-05
"DUSP1",150.791834696467,-1.70523950277942,0.34726438116692,-4.91049354687419,9.0847445977153e-07,1.38377992959608e-05
"ACTA2",273.804124772167,-1.09746959949441,0.223512985571952,-4.91009323993444,9.10330982204812e-07,1.38546840200473e-05
"GPRASP2",3.84959058505981,-1.19488888753736,0.243442553254732,-4.90829919240562,9.18696287372968e-07,1.39705194045338e-05
"PLSCR4",14.553286357756,-1.39985008038376,0.285254077234236,-4.90737974354797,9.23012140602116e-07,1.40246356589273e-05
"AC187652.1",3.0817688305588,-2.86745962542646,0.58448408013058,-4.90596702785444,9.29681428838154e-07,1.41028332718594e-05
"SRSF5",168.488408460153,-1.12498476565488,0.229357253497001,-4.90494522628904,9.34534140291403e-07,1.41648456190486e-05
"TBC1D24",22.8239623106701,1.0139715026088,0.206744108558374,4.90447592281693,9.3677110710934e-07,1.41768111162278e-05
"TCEAL5",0.921351561901357,-3.07253691719916,0.626499809850053,-4.90429026296839,9.37657489726941e-07,1.41773812446713e-05
"KM-PA-2",17.5323079329349,1.85334797517471,0.378253259040849,4.89975414851497,9.59566520049466e-07,1.44968116511878e-05
"CDK2AP1",60.757035951255,1.11351653841831,0.227361386876505,4.897562218967,9.70329150995184e-07,1.46474625384945e-05
"CT83",1.74124896009693,3.02534669935005,0.617978254777701,4.89555526583751,9.80285366385508e-07,1.47736741710272e-05
"SVIL",49.843053975244,-1.02305664004085,0.208984970823725,-4.89535987209235,9.8125992392831e-07,1.47763384642278e-05
"AC021860.1",66.8498827998277,-1.35151973115806,0.276169443231999,-4.89380619137759,9.89042417191005e-07,1.48814326979787e-05
"BTG2",61.9525465096061,-1.66591430334042,0.340426789119328,-4.89360519379243,9.90053557948153e-07,1.48845551950614e-05
"MARCKSL1",77.4394797109157,1.47973334743288,0.302391092204761,4.89344225269339,9.90873981550931e-07,1.48848076936629e-05
"GAB1",19.6869786119889,-1.27562399311923,0.260871246794513,-4.88986045336007,1.00907486734859e-06,1.51459357317914e-05
"VIPR2",4.06486472854918,-1.54198559032196,0.31571674563631,-4.88407919958181,1.03913304037954e-06,1.55631475977287e-05
"TFF1",9.31586291896238,-3.17058647666043,0.649137841588637,-4.88430387743386,1.03794895802577e-06,1.55631475977287e-05
"CAPNS2",3.39162260596006,-2.91280453866427,0.596393644402606,-4.88403014687047,1.0393917275883e-06,1.55631475977287e-05
"PAK3",4.47603859412149,-1.25401745431158,0.256805697082331,-4.88313720668569,1.04411163657867e-06,1.56211920296527e-05
"PPFIA2",4.68230066717591,-1.80426047311943,0.369934854740669,-4.8772383839967,1.07581391690062e-06,1.60806569035421e-05
"YIF1A",42.7584070095101,1.19876325385044,0.245827673626433,4.87643736836611,1.08018963726464e-06,1.61218956175792e-05
"PPARGC1A",6.76206782689994,-2.5223389348609,0.517626147381928,-4.87289706599733,1.09973529189081e-06,1.63872060148041e-05
"NAP1L2",0.879818920192638,-2.6267737873092,0.539144690835352,-4.87211287055294,1.1041105716237e-06,1.64391768549954e-05
"WNT3",2.75413167594647,-2.00664488561443,0.411942041750552,-4.87118255055293,1.10932285303764e-06,1.65035163726611e-05
"CEP55",2.62901249677409,1.65966925058338,0.340899304914301,4.86850288826668,1.12446879622434e-06,1.67135120268949e-05
"ZC3HAV1L",11.1810629341092,1.00088397322032,0.205589266723954,4.86836686160379,1.12524292719674e-06,1.67135120268949e-05
"ZEB1",16.806330430607,-1.19549589991761,0.245644318393203,-4.8667761083893,1.13433409290889e-06,1.68291980805573e-05
"KCNE4",44.6431216345047,-1.64101650377895,0.337193803134126,-4.86668642343408,1.13484874217774e-06,1.68291980805573e-05
"PRDM5",11.2585773508776,-1.23540079115946,0.253869946930531,-4.86627427191103,1.13721672782497e-06,1.68508225862193e-05
"SLC16A7",4.29973296941625,-1.31498219124292,0.270250420889279,-4.86579146450865,1.13999670865124e-06,1.68785124201744e-05
"CERS2",60.5272594788841,1.15492989092563,0.237376670584067,4.86538920646212,1.14231788293008e-06,1.68993704693538e-05
"EPRS",14.0677706633779,1.05614314932226,0.217095768236586,4.86487211566143,1.14530836467561e-06,1.69300890107914e-05
"CHGA",3.09748775205386,-1.95696748825851,0.402398948764979,-4.86325198975974,1.15472686354768e-06,1.70557025252234e-05
"GOLGA8N",15.9390658488704,-1.13736241590252,0.233961998249839,-4.86131262517247,1.16609925393417e-06,1.72099524951145e-05
"AP000974.1",25.1517004231069,-1.25616275256596,0.258450447516815,-4.86036207185994,1.17171255607429e-06,1.72790286334459e-05
"C19orf48",37.9233626470253,1.13556299992804,0.233697148616656,4.85912218719774,1.17907352986296e-06,1.7359936343499e-05
"KCNV1",3.64126254211168,-1.57406717524938,0.324268914146889,-4.85420312147576,1.2087179681059e-06,1.77540636044865e-05
"CPNE6",2.70408773318763,-2.35130063152243,0.48454583211929,-4.85258664023255,1.21861517357139e-06,1.78852537598172e-05
"SNX22",12.3267109413941,1.3263012657736,0.273377636955024,4.85153533605167,1.22509376942468e-06,1.79661019772636e-05
"GOLGA8J",6.73880593713787,-1.5439091297406,0.318254782421744,-4.851173383766,1.2273319356524e-06,1.79846852153115e-05
"CH25H",4.7823383778113,-1.76954439826896,0.364781650202403,-4.85096878444161,1.22859883465647e-06,1.79890178778713e-05
"LETM2",6.16537456975532,-1.28341526126698,0.264600332333374,-4.85039172078584,1.23217885099688e-06,1.8027185369798e-05
"ITM2A",19.7900760704471,-1.70643122059352,0.351869503342338,-4.84961386077644,1.23702046206354e-06,1.80837355945864e-05
"CLDN7",42.8166413307237,1.41048181169302,0.290952292740272,4.84781129720168,1.24831055122921e-06,1.82343911907471e-05
"SH3RF2",11.0079942168492,-1.55892575061651,0.321597715815223,-4.84744037023013,1.25064606324201e-06,1.8239737309739e-05
"SAMD4A",23.0730566295219,-1.05250350405,0.217247456658417,-4.84472186804412,1.26789164678141e-06,1.84621769510104e-05
"HJURP",8.17454578924765,1.39952264069685,0.288962683018943,4.84326427923257,1.27723224516323e-06,1.85689918719884e-05
"EDN2",7.63880629632632,2.481493035291,0.51261919145553,4.84081180855725,1.2930978663114e-06,1.87701870531503e-05
"GALNT9",2.57499439828098,-3.44062093387343,0.710748895528955,-4.84083894539554,1.29292127886655e-06,1.87701870531503e-05
"ADCY7",48.7332723194858,1.002567167526,0.207187800771013,4.83892953057624,1.30540318031609e-06,1.89339684462135e-05
"NAP1L3",0.901030448536637,-2.5387331981209,0.524975882939362,-4.83590443032626,1.32541594805316e-06,1.92091973316437e-05
"GPR144",3.52644900709607,-3.22785661145324,0.667740188879805,-4.834000806314,1.33816043290803e-06,1.93787392793764e-05
"CMPK2",12.8448109425503,1.59362661102934,0.329732199101205,4.8330936904958,1.34427482485252e-06,1.94368917298348e-05
"HRC",2.0622737188038,-2.76820484659854,0.572844336834627,-4.83238581338666,1.34906490978299e-06,1.949093623947e-05
"CHD1",15.8804113054214,-1.49414914501508,0.309359330748646,-4.82981761500214,1.36658166902395e-06,1.97286248430722e-05
"ISLR2",2.7167144305484,-2.11549083654822,0.43819266166888,-4.82776418137916,1.38074456643948e-06,1.98865869825755e-05
"GLIPR1L2",10.2277592606783,-1.52215163776899,0.315272406649372,-4.82805220395275,1.37874954638507e-06,1.98865869825755e-05
"SPINK9",20.5768018046778,-2.21223685877762,0.458223030330997,-4.82786047916363,1.38007724050912e-06,1.98865869825755e-05
"CHST1",5.7571044086203,1.89583990741366,0.392729058373916,4.82734818570171,1.38363090742227e-06,1.9912674178147e-05
"IL11RA",30.999300948023,-1.25675316404681,0.260376377412578,-4.82667888898164,1.38828693199132e-06,1.99641696850491e-05
"EFNB3",2.55854963743264,-1.58108576724134,0.327596098357872,-4.82632661123494,1.39074363340358e-06,1.99839826050436e-05
"AP000679.2",1.47501731187905,-3.10938196269879,0.644399108245088,-4.82524249787786,1.39833024061531e-06,2.00774207106021e-05
"DPP4",4.06499223070908,-1.66439652242124,0.344995449182689,-4.82440138374079,1.40424374473564e-06,2.01467100232328e-05
"DYNC2H1",4.21080972535219,-1.30497426414901,0.270512964714626,-4.8240729072844,1.40655964194001e-06,2.01643170959852e-05
"LRP4",5.73290996264592,-1.45622971506648,0.301947202740834,-4.82279584592271,1.41559840877438e-06,2.02782008718632e-05
"HSD11B1",2.76373694544221,-2.55362463265263,0.529758452107675,-4.82035656532309,1.43301858917369e-06,2.04967455330052e-05
"GOLGA8I",3.83674885782621,-1.50837777860851,0.313100118211088,-4.81755735905403,1.45326321284192e-06,2.07535398830054e-05
"TAF6",31.3001590826845,1.0124737426897,0.210186345357175,4.81702910324255,1.45711442446052e-06,2.07925064482725e-05
"UNC80",31.6633251062977,-1.26956081453892,0.26359711292124,-4.81629256280305,1.46250050409652e-06,2.08532981808127e-05
"SMIM10",1.80494357322721,-2.28006375066877,0.473660490227732,-4.81370897026376,1.48154522741118e-06,2.11086005400845e-05
"GFAP",5.02322362530499,-2.28956960837931,0.475661949158308,-4.81343864572464,1.48355162491085e-06,2.11209401972319e-05
"LRRC7",2.18039443421609,-2.65675064838757,0.55219535406868,-4.81125136025164,1.49988242128814e-06,2.13370370254216e-05
"USP17L22",6.36516212033854,-4.04332161744872,0.840774983243566,-4.80904129883869,1.51655874811778e-06,2.15577138393227e-05
"OAS1",20.9899333194279,1.40057589618145,0.291285092175964,4.80826493974971,1.52245907190007e-06,2.16249899767892e-05
"CWC25",24.7843504163574,-1.30833584636701,0.272119586592013,-4.8079444142644,1.52490149475274e-06,2.16430846634561e-05
"FRY",9.19331254505986,-1.07550210301856,0.223720292801477,-4.80735157973771,1.52942885903636e-06,2.16907207711114e-05
"TMC6",110.658789722238,1.07377082892712,0.223459065992362,4.80522382996009,1.54578474126979e-06,2.19059104650337e-05
"MAP6",2.34079585653844,-1.59648336984275,0.332270912168464,-4.80476415893222,1.54934022652854e-06,2.19395104554752e-05
"METTL24",1.99176972042647,-2.05756089460277,0.42839916203019,-4.80290597407324,1.56379329636433e-06,2.21272570170055e-05
"ADH1A",1.68047689998386,-2.3732713893389,0.494152314555855,-4.80271228006287,1.56530729742114e-06,2.21317723380415e-05
"WNT2B",5.56020054972063,-1.32472985702124,0.275849330557421,-4.80236748932579,1.5680058270355e-06,2.21530159636549e-05
"QPRT",23.1834312669551,1.21547479196016,0.253210507977023,4.80025415086823,1.5846439964471e-06,2.23710183705741e-05
"AL139147.1",37.3433105240259,-1.58457017525488,0.330425002605824,-4.79555167665437,1.62227740223486e-06,2.2798044039601e-05
"EYA4",2.59429745796075,-4.40230772203385,0.918164456325964,-4.79468323098641,1.6293208229187e-06,2.28706688153236e-05
"PKNOX2",2.12472850631757,-2.07065981437837,0.431872404254356,-4.79461015332398,1.62991484916462e-06,2.28706688153236e-05
"MAP3K7CL",24.3745761600162,-1.35899984048972,0.283526605850367,-4.79320039970762,1.64141513711736e-06,2.30117546921249e-05
"DDIT4",97.704836949774,1.42386183513119,0.297066557085221,4.79307347518998,1.64245436254125e-06,2.30117546921249e-05
"HRG",27.905539510198,-1.68530927612114,0.351902393252777,-4.7891384327999,1.6749890521736e-06,2.33967927785516e-05
"HPDL",4.18070277924571,1.6900809219705,0.352892723627808,4.78922009101274,1.67430765687175e-06,2.33967927785516e-05
"ARG1",2.40282943865967,-2.5775923930915,0.538329600703919,-4.78813052397833,1.68342150556417e-06,2.3479166510587e-05
"MECOM",5.6028616689898,-1.31177597229634,0.274016503863568,-4.78721519981683,1.69111470887938e-06,2.35333032591013e-05
"SYNGR2",97.138617473503,1.02895580354895,0.214933075813824,4.78733112459727,1.69013850780006e-06,2.35333032591013e-05
"PPP1R16A",42.6806348682066,1.07918615444338,0.225429708503398,4.78724016283379,1.690904449864e-06,2.35333032591013e-05
"ZNF536",1.51424135415271,-3.71050230994118,0.776099502332,-4.78096210446209,1.74458249514236e-06,2.42409279632609e-05
"KIF26A",4.79207092764502,-1.16111400133217,0.242896186289726,-4.78028913943997,1.75043264352407e-06,2.42857778452081e-05
"CCDC90B",82.9593565922828,-1.20885844750964,0.252900967016818,-4.77996767576319,1.7532338067834e-06,2.4288254726434e-05
"CELA2A",2.53766400055416,-2.06785263996584,0.432603177668283,-4.7800218461443,1.75276147648021e-06,2.4288254726434e-05
"DAPL1",26.216310880789,-1.24016047362838,0.259487927750292,-4.77926077093575,1.75940877886518e-06,2.43555825128109e-05
"MEF2C",21.8604999302129,-1.42223437298103,0.297770838110117,-4.77627151808291,1.78575239938801e-06,2.47017968196152e-05
"ABHD12B",53.8912629736461,-1.25747126230699,0.26335647102734,-4.77478779010692,1.79896851930388e-06,2.48474980719959e-05
"LILRB4",12.1749670625498,1.28607077446301,0.269522288767605,4.77166760620647,1.82706849341773e-06,2.52168126938027e-05
"TYW3",6.16234024265245,-1.42833810424529,0.29937114214047,-4.77112821908229,1.83196870659426e-06,2.52656175603417e-05
"SPINT2",168.55673322447,1.41031808889785,0.295640732223632,4.77037814881018,1.83880392458967e-06,2.53410165857513e-05
"CACNB4",3.56277996709623,-1.46991231973476,0.308168748694634,-4.76982927685282,1.84382118810835e-06,2.53912684357939e-05
"MMP14",117.020857278419,1.2232855044038,0.256497466827447,4.76919136681667,1.84966888099018e-06,2.54528729670877e-05
"MGAT4B",80.9879634372501,1.15603724545474,0.242470785492735,4.76773827867761,1.86305587685234e-06,2.55800748339949e-05
"TYMP",129.853374149519,1.52959631272026,0.320936860900488,4.76603500273699,1.87886632709559e-06,2.5701892252928e-05
"ANGPT4",0.810339683388908,-2.76149082363377,0.579400413205148,-4.76611814678842,1.87809156894555e-06,2.5701892252928e-05
"CPN2",2.33303439781337,-3.27758437719536,0.687640611823776,-4.76642059942109,1.87527582411623e-06,2.5701892252928e-05
"SMOC1",6.93966345114062,1.46544450262603,0.307472058807086,4.7661062547003,1.87820236373713e-06,2.5701892252928e-05
"MAFF",36.7275111996718,-1.33863374640276,0.281247152407434,-4.75963484410154,1.93943517731612e-06,2.64717895020259e-05
"C16orf89",4.94853186214679,-1.78569441636223,0.375345249325444,-4.75747173987526,1.96032690007801e-06,2.6711974685017e-05
"MYRIP",1.7512572736586,-1.82111046027834,0.382798098254146,-4.75736548479214,1.96135868543479e-06,2.6711974685017e-05
"OSR2",17.022744362719,-1.53800505972733,0.323319220903892,-4.75692430356469,1.96564833939304e-06,2.67310855669881e-05
"DUX4L7",44.2561800690349,-4.53921553891231,0.954383435046604,-4.75617594797279,1.97294530168187e-06,2.68106330724517e-05
"USP6",6.20613781445775,-1.77656164784009,0.373562103382757,-4.75573306754781,1.97727592842382e-06,2.68497835383182e-05
"USP17L11",16.1134220814654,-3.28974578674124,0.692389666882921,-4.75129243558962,2.02120568464543e-06,2.73860802421379e-05
"C1QTNF4",3.13591288506463,-1.49175242416931,0.314025792569922,-4.75041369042052,2.03000925316506e-06,2.74852568619322e-05
"PDIA6",39.6901931064581,1.04743743973549,0.220553177877076,4.7491378261585,2.04285688616702e-06,2.76390031012312e-05
"ZNF365",3.02278061195711,-2.35003072531864,0.495037090700694,-4.74718110918177,2.06271239584317e-06,2.78872693400053e-05
"RGS5",25.7749624877674,-1.27300565656459,0.268182480365368,-4.74678903271484,2.06671316776055e-06,2.79209783320649e-05
"KCNE1",4.09186057837789,-1.45979957051633,0.307572817334397,-4.74619175767153,2.07282212703326e-06,2.79627177253532e-05
"PCK1",4.38904140153255,-2.72997977387174,0.575533960360939,-4.74338607605304,2.10175162713771e-06,2.83117408275234e-05
"PKD1L2",2.99271308971889,-1.33937272065744,0.28244745050123,-4.74202446607535,2.11593062758483e-06,2.84820254971847e-05
"GABARAPL1",32.4927821064724,-1.11248249416091,0.234653307453537,-4.74096234241738,2.12705469190666e-06,2.86109709538817e-05
"RCAN2",5.03166670493239,-1.20780143435351,0.254827225464286,-4.73968757519115,2.14048003096526e-06,2.87497977763152e-05
"FILIP1",1.99391093282241,-2.02265715745384,0.427056125398298,-4.7362794657667,2.1767737022775e-06,2.9176559236074e-05
"AC011239.1",3.10659062451851,-1.88215503946155,0.397392647938041,-4.73626034408922,2.17697899061949e-06,2.9176559236074e-05
"CABP1",2.80905227204756,-2.17312155209328,0.458886960842749,-4.73563587011129,2.18369350627087e-06,2.92453876523131e-05
"TTYH3",77.1870724967182,1.23294026998422,0.260589556599937,4.73134950636972,2.23032134863479e-06,2.9826723479721e-05
"KCNA1",1.472246263646,-2.49443479635805,0.527410220180412,-4.7295913141478,2.2497225102651e-06,3.00372288050406e-05
"SMOC2",20.1221374725498,-1.23122017818852,0.26033677364526,-4.72933639358307,2.25254890455682e-06,3.00372288050406e-05
"CACNA1H",6.32722121684362,-1.26813073247503,0.268136826914846,-4.72941649629412,2.25166041034645e-06,3.00372288050406e-05
"TAGLN2",229.607056847331,1.33995181149673,0.283422318980075,4.72775685527763,2.27013797002261e-06,3.02499967487473e-05
"PARP12",32.5727518978158,1.12268450838988,0.237490745763533,4.72727686622253,2.27550899949759e-06,3.02997682880621e-05
"LCNL1",3.00149135974033,-1.81042380917539,0.383133975458391,-4.72530217924252,2.29773418750137e-06,3.05737303311066e-05
"ZNF35",7.13222585603872,-1.21716696234668,0.25773322866263,-4.72258454473458,2.32866234939175e-06,3.09630179723145e-05
"PEAR1",10.8928344101676,-1.21214938897855,0.256704945744258,-4.72195572806046,2.33587535993214e-06,3.10366452056406e-05
"TYRP1",4.93246234412962,-5.34527431515003,1.13234657322256,-4.72052853918907,2.35232599455476e-06,3.12328186889916e-05
"KDELR2",55.8852332487076,1.12515888716179,0.238365259485456,4.72031406586093,2.35480773651456e-06,3.12433731344719e-05
"HIST1H2AK",21.5937930802726,1.18403305359663,0.251147201737749,4.71449829185442,2.42307036927817e-06,3.21260625481534e-05
"FDCSP",53.7388112688724,3.62179222632777,0.768344713696257,4.71375954277671,2.43187622571817e-06,3.21967201234825e-05
"IKBKE",10.6228981910066,1.20283814503723,0.255563892658646,4.7066044131823,2.51877003498427e-06,3.32757907189576e-05
"PKIA",1.66515325477183,-2.54386418208303,0.540639069840574,-4.70529106013957,2.53504018459499e-06,3.34668669273473e-05
"GNGT1",10.3281775576319,-1.22424969184976,0.260310003103956,-4.70304512793097,2.56309739320444e-06,3.38131694565047e-05
"DARC",24.9765328524024,-1.62563800151783,0.345799514465176,-4.70109972257218,2.58764097421275e-06,3.41126591632516e-05
"CACNA2D3",1.73483039000379,-2.55474525168909,0.543563677842605,-4.69999257829152,2.60170945945474e-06,3.42737287397018e-05
"C11orf96",32.5528334102641,-1.72084500944843,0.366219581169255,-4.69894319674051,2.61511170071876e-06,3.44257988064768e-05
"PLXNB3",27.5588981776498,1.3372215904119,0.284600645745235,4.69858944595979,2.61964456585899e-06,3.44609777335513e-05
"MMRN2",19.5582639284267,-1.10701242656779,0.235616640341528,-4.69836266641934,2.62255442217591e-06,3.44747714744799e-05
"FSCN1",67.2619979350269,1.4501798026421,0.308670186802577,4.69815312474483,2.62524585306551e-06,3.44785775432261e-05
"TCIRG1",126.902504054173,1.32507595458823,0.282048771376214,4.69803838578243,2.62672072583956e-06,3.44785775432261e-05
"WDR78",4.79456019882813,-1.18712976023635,0.25270118408264,-4.69776097229576,2.63028992919655e-06,3.44785775432261e-05
"TMED9",63.5796840952879,1.20885560258453,0.257322028712689,4.69783177379759,2.62937855456739e-06,3.44785775432261e-05
"JTB",64.1482893317363,1.22720592899261,0.261271244338555,4.69705700717065,2.63936805325366e-06,3.45731082619266e-05
"CLCA4",1.38489964353103,-3.6936391984813,0.786409020936265,-4.69684235575504,2.6421421111738e-06,3.45849867018806e-05
"C15orf59",3.92507772823564,-1.86610533360677,0.397357518802113,-4.6962879656396,2.6493197513308e-06,3.46544494591448e-05
"KRT19",310.249312692032,1.68040416660064,0.358283945450133,4.69014642698949,2.73009606132453e-06,3.56047025408905e-05
"KCNK7",4.63572607550315,-1.63165255819662,0.347897705436859,-4.69003541183962,2.73157770816356e-06,3.56047025408905e-05
"FOXN1",1.7090660068576,-3.66191015555642,0.780892980207791,-4.68938798064494,2.74023393494361e-06,3.56611333508898e-05
"BGN",152.957497033144,1.5535704880301,0.331302579270266,4.6892797860253,2.74168307373216e-06,3.56611333508898e-05
"NSA2",15.1968052522329,-1.16013908659984,0.247450001909243,-4.68837776378494,2.75379325073912e-06,3.57935148001334e-05
"MEX3D",24.3757057808023,1.25502123129765,0.267742234179785,4.68742346586578,2.76666113406051e-06,3.5935552261619e-05
"BST2",54.6902377488488,1.70223572911942,0.363194600628745,4.68684205704763,2.77452919475842e-06,3.60124945657431e-05
"BAI3",0.974474806161407,-3.04581571309924,0.650034943807382,-4.68561843038668,2.79115843633476e-06,3.62029667771656e-05
"GRID1",3.18246590548771,-1.22124797399656,0.260724860955809,-4.68404880731167,2.81262987995269e-06,3.6455934665139e-05
"C20orf24",21.0516364489171,1.10786957573055,0.23661587439398,4.68214391180655,2.83890056728878e-06,3.67707107044215e-05
"HBB",118.845684833358,-2.84745656178709,0.608286834041823,-4.68110832330017,2.85328114402137e-06,3.69311483924276e-05
"POU6F2",20.0896883280036,-1.4154060027575,0.30238967633618,-4.68073520203092,2.85847955635742e-06,3.69725966081369e-05
"OLFM1",7.14348756396993,-1.07726671383668,0.230223884718756,-4.67921351927789,2.87977425199565e-06,3.71945523687238e-05
"PRR7",6.82392420945627,1.31183933965888,0.280362725439355,4.67907899526625,2.88166411019969e-06,3.71945523687238e-05
"C14orf23",185.324766114552,-3.11531213552408,0.665786506205203,-4.6791458019786,2.88072542858846e-06,3.71945523687238e-05
"EPPIN",12.4973747724417,-1.40823687366138,0.300982179217974,-4.67880482931025,2.88551941042858e-06,3.72172829912998e-05
"NDUFA9",29.0682583000693,1.0391770722479,0.222109593851408,4.67866810356293,2.88744388610829e-06,3.72172829912998e-05
"CAPN15",50.7746273890762,1.04357782579344,0.223083509558456,4.67796937505137,2.89729804421845e-06,3.72973714208586e-05
"THSD1",4.05684441387446,-1.05421272513087,0.225358229167526,-4.67794199938975,2.89768477889081e-06,3.72973714208586e-05
"PI16",18.1049030274844,-1.50308330346107,0.321336550554392,-4.67759830267626,2.90254438242776e-06,3.73339771189771e-05
"ACSM2A",13.7152665353255,-1.40687066666188,0.300812737957499,-4.6768985788782,2.91246210729401e-06,3.74355469474668e-05
"C1QC",91.1731034122298,1.59804306719421,0.341704447780552,4.67668207883704,2.91553730998422e-06,3.74490860301857e-05
"FAM26F",3.53192163525843,2.03991301484861,0.43624736965083,4.676046566152,2.92458224279349e-06,3.753923236384e-05
"HES6",5.24090080223817,1.60958064727565,0.344314474540452,4.67474000163346,2.94326256529134e-06,3.77267191933053e-05
"MMP7",38.1601200394206,2.41326465499001,0.516306631703488,4.67409191903607,2.95257080650195e-06,3.7819859251749e-05
"LIME1",17.639030750327,1.0642514170458,0.227730742804881,4.6732883050298,2.96415213185775e-06,3.79419666802137e-05
"ZEB2",52.2992080475256,-1.07952321989656,0.231108392949013,-4.67106886998571,2.99636447744796e-06,3.83013546247695e-05
"PSMA7",58.9781899421474,1.15197458646995,0.246648498288868,4.67051125168735,3.00451024908457e-06,3.83789922989962e-05
"SLBP",11.0417561360776,1.06608121975021,0.228305469428268,4.66953867736912,3.0187686269475e-06,3.8534550315866e-05
"NXNL2",7.88536925215977,-1.37411669253154,0.294325868119128,-4.66869154693318,3.03124081567089e-06,3.86671090825456e-05
"COL12A1",56.7577072931019,1.36537066582639,0.292470792188644,4.66840006692266,3.03554365645977e-06,3.86736045205655e-05
"ADAD2",3.38681119995524,-2.31682415877757,0.496295751784193,-4.66823290436911,3.03801396055624e-06,3.86736045205655e-05
"MMP19",26.7361405517126,-1.4191063261994,0.304086866068628,-4.66677941256143,3.05957489248662e-06,3.89213229111519e-05
"WLS",26.4099910859492,-1.2592607653086,0.269948983090029,-4.66481018336949,3.08902048402868e-06,3.92689343892788e-05
"BUB3",37.6565853044985,1.05611114868669,0.22641590519936,4.66447420183129,3.09407143655253e-06,3.93061667680562e-05
"CYP4A11",2.81324766728279,-1.75693114039496,0.376684284801624,-4.66420079436079,3.09818753234655e-06,3.93314801056359e-05
"LUZP2",1.65553192931428,-2.62740892394645,0.563350365700021,-4.66389849713087,3.10274467216882e-06,3.93623539848705e-05
"AC135983.2",3.28429177003862,-3.63317036113466,0.779494511116418,-4.66093129498899,3.14781796752945e-06,3.987953788959e-05
"HTN1",10.8685808865222,-1.89385131538796,0.40650163874241,-4.65890204341352,3.17900424335347e-06,4.0247106353652e-05
"SERPINA12",1.5388411438404,-3.85111370261447,0.82667330617993,-4.65856786934432,3.18416828918552e-06,4.02849488062118e-05
"C17orf107",6.18138419572226,-1.24138503737961,0.266566912690636,-4.65693594471081,3.20950248668946e-06,4.05777508931482e-05
"PCDH19",1.6777352275517,-1.82358704799079,0.391683825735235,-4.65576296025935,3.22783134167793e-06,4.07416342395513e-05
"TBC1D3C",19.5970088914161,-1.19559376017869,0.256803012904746,-4.65568431871227,3.22906376544981e-06,4.07416342395513e-05
"ZNF571",12.6649166526683,-1.18729502893474,0.255147314636839,-4.65337066402075,3.26552461691139e-06,4.11736194380073e-05
"IER5L",12.5107428250164,1.00054067297097,0.215023168663409,4.65317611674294,3.26860841672772e-06,4.11844660507692e-05
"PIANP",3.82660314796311,-2.03491252923803,0.437440690591088,-4.65185926459739,3.2895556047993e-06,4.13920848587586e-05
"POU2F3",7.94361397055466,-1.73227858391184,0.372429744064039,-4.65128956943346,3.29865759728978e-06,4.14502958052926e-05
"PVRL3",4.05441227147659,-1.24857574670538,0.268434228200987,-4.65132839084339,3.29803658337484e-06,4.14502958052926e-05
"FFAR3",1.63995291147718,-3.26685422670043,0.702396378346838,-4.65101234489464,3.30309553223807e-06,4.14779223377041e-05
"TUBB3",599.904657233755,-1.30925006614162,0.28165354317479,-4.64844166838376,3.34452172527959e-06,4.18845377928523e-05
"FHL5",1.55817548425209,-2.05273214217958,0.441752926732398,-4.64678787159021,3.37143537975945e-06,4.21077047227947e-05
"NOSTRIN",9.0607264471932,-1.1146685436199,0.239875792198932,-4.64685716470918,3.3703035565629e-06,4.21077047227947e-05
"PLLP",5.02576676971339,-1.58940562437031,0.342231913362182,-4.64423556750025,3.41337922640833e-06,4.26028369484738e-05
"LIMD2",34.6227924492023,1.17490695187948,0.253017124124122,4.64358669772529,3.42412208293975e-06,4.27081408890304e-05
"AHCY",38.8688997082388,1.06963433513048,0.230364335578046,4.6432288767551,3.43006012152759e-06,4.27534142469274e-05
"THEM6",29.8555150967891,1.29172433139287,0.278433604775796,4.63925441913883,3.49668373009748e-06,4.35252527210117e-05
"DCDC2",2.47352594735686,-2.40515163794646,0.518574351040692,-4.63800732357804,3.51784324435023e-06,4.37592293968133e-05
"DSC3",13.9728769821808,-1.94302361352009,0.41896741840838,-4.63764848565423,3.52395437020676e-06,4.38058274127313e-05
"ALDH1A1",11.4432483142956,-1.5718417200773,0.339092490050771,-4.6354365437051,3.56184981741612e-06,4.42472047740988e-05
"CCIN",1.8222163879286,-3.87864546863564,0.836835431728304,-4.63489632677852,3.57116411886339e-06,4.43331781565602e-05
"ELOVL4",2.56250261973882,-3.12546312351195,0.674432072034119,-4.63421484996318,3.58294730724631e-06,4.44008094171661e-05
"PDGFRA",23.8435628207948,-1.1099771143664,0.239510291026048,-4.63436084358345,3.58041984699534e-06,4.44008094171661e-05
"LIN9",2.3018945648813,1.48732903099756,0.320948628091345,4.63416541096494,3.58380358917306e-06,4.44008094171661e-05
"SRPX",11.1067418331483,-1.48164236143294,0.319794997457064,-4.63310049630111,3.60229557918832e-06,4.46000793567687e-05
"GMDS",16.1743028365647,1.07317441713647,0.231782480281065,4.63009290363585,3.65501705576806e-06,4.51924071474873e-05
"C3orf52",5.92498372871157,-1.35462357719672,0.292682249779174,-4.62830792854288,3.68665566332241e-06,4.55531929259892e-05
"CENPO",7.83789378545163,1.01251665782896,0.218809263526525,4.62739392981055,3.70295772707154e-06,4.56936595741633e-05
"ABCB4",2.43842214832255,-2.27947715101501,0.492661989663277,-4.62685816815902,3.71254566474468e-06,4.57814719057263e-05
"ENDOU",2.01570953449739,-3.13735802408638,0.678665570345472,-4.62283363290306,3.78533304582363e-06,4.66169805018253e-05
"SRL",2.0215696803511,-2.43555490346861,0.526968116855257,-4.62182592374481,3.80377140756961e-06,4.6812926253159e-05
"NEXN",5.33089532200736,-1.44036276924072,0.311686478936987,-4.62119105760735,3.81543191936311e-06,4.68961622650265e-05
"CTPS1",26.9441241330461,1.15257815291889,0.249411980175132,4.62118199819261,3.81559856027399e-06,4.68961622650265e-05
"POTEM",2.67632736932345,-2.48761267278084,0.538551720957177,-4.61907849511568,3.85448032218044e-06,4.73426289969669e-05
"SQLE",10.7844841037986,1.18324071938408,0.256272550352353,4.61711844580009,3.89105204538074e-06,4.77285205195642e-05
"GATA3",42.5549549095681,-1.3943815191076,0.302076574521016,-4.61598692754837,3.91231574235093e-06,4.78941917910271e-05
"CALR",229.124808253241,1.0182006585222,0.220580716407462,4.61600032453135,3.91206333350975e-06,4.78941917910271e-05
"GPLD1",2.75520796763372,-1.5585129692205,0.337774739006298,-4.61406016863635,3.94878028818469e-06,4.8308658188743e-05
"COL9A3",41.6373667578392,2.04285012947078,0.442890521370125,4.6125397381525,3.97778465611062e-06,4.86313712214395e-05
"ASTL",1.41720623167976,-2.34441588730097,0.50882827058423,-4.60747962099108,4.07579135439372e-06,4.96983590955105e-05
"SCEL",3.05981166261936,-4.22772344518982,0.917934160908341,-4.6056935510563,4.11093414679547e-06,5.00938962282538e-05
"DNAH7",2.60899884371948,-1.56555213181529,0.340095347591826,-4.60327417855251,4.15900117761599e-06,5.06462983641047e-05
"C2CD3",222.658231044948,-1.01049275204824,0.219631724466959,-4.60085060343938,4.20769142680509e-06,5.11048266277272e-05
"COL1A1",1283.94400283361,1.56950744794662,0.341216664081383,4.59973856251136,4.23021499238187e-06,5.13110950156497e-05
"CCDC3",9.35183396963778,-1.25333553004635,0.27252913278618,-4.59890477481424,4.24717848283744e-06,5.14494701498464e-05
"ZNF578",2.01958219736465,-2.09719197115522,0.456018307043459,-4.59892056692223,4.24685658614948e-06,5.14494701498464e-05
"ADIPOQ",11.0434486420557,-2.23203085553987,0.485370134144544,-4.59861598092306,4.25306920585907e-06,5.14871554450469e-05
"CCDC85A",1.59416388081584,-1.98391397643749,0.431520393694583,-4.59749760480995,4.2759554229131e-06,5.17304025755692e-05
"MSLN",14.937855897732,3.29281301081931,0.716374262639481,4.59649820289039,4.29650677882333e-06,5.18904153627952e-05
"TRPM1",2.54409863849329,-4.05864297915085,0.882995935376713,-4.59644582329737,4.29758650073036e-06,5.18904153627952e-05
"TUBA1C",73.6903464568771,1.16512796110919,0.253481345888754,4.59650376647651,4.29639210962577e-06,5.18904153627952e-05
"ITIH3",3.77538583473614,-1.74900775734274,0.380671930623333,-4.5945277721917,4.33730362579539e-06,5.23017823938686e-05
"FAM167A",3.66713602498962,-2.06851256286454,0.450282882386865,-4.59380679074394,4.35232375521006e-06,5.24487577059211e-05
"NPIPB9",3.69875265936451,-1.71854926220942,0.374132116728391,-4.59342885940219,4.36021705465544e-06,5.25097141003433e-05
"ADAMTSL5",8.26210890999042,-1.46666807796424,0.319385844960517,-4.59215115856358,4.3870042176971e-06,5.2797980584916e-05
"SLC8A3",1.05590045309388,-3.15756105005022,0.687722425862386,-4.59133064635884,4.40428942414798e-06,5.29715900740707e-05
"AADACL3",7.56583249368164,-5.77133989721199,1.25767481368468,-4.5888967755531,4.45594691072109e-06,5.35581107594913e-05
"DCX",2.07464123022262,-2.57495428622728,0.561148610123657,-4.5887207769433,4.45970479856484e-06,5.35685163936562e-05
"PTGDS",217.641631932467,-1.9234730111092,0.419207763289167,-4.58835255343875,4.46757685854268e-06,5.36282946039712e-05
"FOXP3",4.21090039780037,1.31890767990652,0.28751170563792,4.58731819972401,4.48976105533556e-06,5.38248247682364e-05
"CDC6",3.34536681111889,1.49605283935122,0.326298895031964,4.58491543222868,4.54170221304674e-06,5.437712242408e-05
"ISM1",5.84661033524958,-1.07858141410076,0.235270710211462,-4.58442707607473,4.55232927576626e-06,5.44339850521257e-05
"MS4A2",1.37636783760102,-2.40894688709829,0.525455077856241,-4.58449635109883,4.55082034127438e-06,5.44339850521257e-05
"SOBP",3.23758748098854,-1.21362342289524,0.264744803110536,-4.58412557540752,4.55890208624736e-06,5.44774093170798e-05
"STXBP6",2.40909225974727,-2.33907050939212,0.510319469740257,-4.58354158147769,4.57165920771191e-06,5.45946304611476e-05
"SLC15A3",34.1669399035212,1.06856522943288,0.23315723832703,4.58302404463244,4.58299317530576e-06,5.46947162326116e-05
"GLYATL2",6.64210719689972,2.27757070973046,0.497258784977588,4.58025233246128,4.64415276062365e-06,5.53532802009467e-05
"GPRC5A",50.4400973454706,1.77115192124775,0.387070131440226,4.57579073502152,4.74424599039774e-06,5.64502017354567e-05
"NRXN2",14.4088811321166,-1.32593789286556,0.289775429315608,-4.57574300207978,4.74532793986103e-06,5.64502017354567e-05
"VIT",2.20499888354559,-1.77360075215896,0.387607153204806,-4.57576888737606,4.74474117564112e-06,5.64502017354567e-05
"ZDHHC12",22.8204759047156,1.16051474534854,0.253734863044152,4.57372996136757,4.7911727501149e-06,5.68859626138642e-05
"CT62",1.34760312570144,-2.48451726382744,0.543321610732717,-4.57282982077016,4.811809451023e-06,5.70943847865779e-05
"CCT5",49.08189761732,1.06263050741695,0.232418135130983,4.57206365079079,4.82944177642121e-06,5.72669145857066e-05
"ARF1",182.220834629287,1.14221749411649,0.249914371795678,4.5704354091742,4.86711919507145e-06,5.76767637435147e-05
"MNS1",3.23817534420463,-1.7277768976098,0.378087108040894,-4.56978527134261,4.88224185693598e-06,5.78189793313096e-05
"ARHGAP29",14.9042683693237,-1.07484932159326,0.235263717340687,-4.56869989874709,4.90758871080434e-06,5.80449285450307e-05
"IL21R",5.89271039680854,1.47977071462532,0.323944637732706,4.56797409885302,4.92460867882128e-06,5.82090631455825e-05
"LCE2B",4.14777110219283,-5.29569237261826,1.15996054674868,-4.56540732136267,4.98525408274059e-06,5.88507814662341e-05
"SLC4A3",13.0803464212605,1.20689799134778,0.264401326960663,4.5646442293663,5.00342119314735e-06,5.90276225092199e-05
"PDZK1",6.77279173091524,-1.38202184986505,0.302795213278298,-4.56421300357491,5.01371550621547e-06,5.91114185907848e-05
"TFDP1",35.9754767812085,1.04691569765363,0.229444631345785,4.56282498968508,5.04698835955958e-06,5.94280472954625e-05
"DDI1",1.29765027441878,-2.54523968858162,0.557861764209709,-4.56249173518338,5.05500841086736e-06,5.94846669543108e-05
"IFIH1",9.90397672607372,1.1492957860306,0.251916791067064,4.56220397680693,5.06194337701601e-06,5.94919098736025e-05
"FOSL1",19.952022855791,-1.92817620620437,0.422641785994793,-4.56219964541823,5.06204783289049e-06,5.94919098736025e-05
"EREG",6.69991810795649,-1.81748721316621,0.398606023791652,-4.55960799557858,5.12491962416936e-06,6.01926197075871e-05
"C7",13.4769814830472,-1.6288029067801,0.357308797514657,-4.55853009528344,5.15128838111395e-06,6.04639818726189e-05
"FAM153B",6.72383427449157,-2.06835612725099,0.453850083982017,-4.55735539168248,5.18017317163828e-06,6.07645139234226e-05
"SLCO1A2",31.1507585618801,-1.37983140758627,0.30289788074752,-4.55543434038228,5.22774438155949e-06,6.12484566856765e-05
"RPL17-C18orf32",5.01942145000778,-2.77718370108304,0.609643517999494,-4.55542233959313,5.22804286902357e-06,6.12484566856765e-05
"RANBP1",40.5324856949423,1.00983526634869,0.221716921128116,4.55461523284086,5.24815498328999e-06,6.14063970944391e-05
"COX6B1",78.3753710891153,1.03301419662501,0.226800169326812,4.55473291616669,5.24521785211895e-06,6.14063970944391e-05
"SLC9B1",2.59842869089248,-3.02057318517486,0.663578392710405,-4.55194626340566,5.31519131220147e-06,6.20731232563655e-05
"FEN1",9.94823070896152,1.09470852245211,0.240488980196991,4.55201116307034,5.31355154991528e-06,6.20731232563655e-05
"PGA4",1.76206136678868,-3.93716395805658,0.864919558859418,-4.55205795467104,5.31236960852781e-06,6.20731232563655e-05
"KRT1",318.306427790588,-6.3532940659227,1.39604576240087,-4.55092106364516,5.34115849014852e-06,6.23370747035482e-05
"ORC1",1.60548982883615,1.83676963957456,0.403627090828804,4.55065995645376,5.34779142830688e-06,6.23486105877032e-05
"GRIN3A",0.818168064345255,-2.64399811972777,0.581278749477118,-4.54858898954443,5.40068050919604e-06,6.29128329505215e-05
"MYOM2",5.85565740126273,-2.39606016765869,0.527194930521386,-4.54492262527833,5.49554377483332e-06,6.39374760034313e-05
"MEIG1",5.18747694221405,-2.0244811817391,0.445466713056213,-4.54462953662629,5.50319560084444e-06,6.39863081725303e-05
"PNPLA7",20.0141823341573,-1.13225733927735,0.249169047845107,-4.54413318616206,5.51617736230086e-06,6.40970119852801e-05
"LHX6",4.76621078393878,-1.29710099270832,0.28563854923074,-4.54105720744476,5.59728397682015e-06,6.49757779857841e-05
"PLA2G4D",2.59104118959345,-2.32245116023029,0.511440537745445,-4.54099937104756,5.59881987179092e-06,6.49757779857841e-05
"SDF2L1",15.6152961964414,1.21247524311082,0.267035485478096,4.54050232664781,5.61203595285126e-06,6.50685923489376e-05
"DACT2",1.53436544000697,-2.37245822541516,0.522533070338385,-4.54030253794041,5.61735661191833e-06,6.50685923489376e-05
"RBPMS2",3.48929673486281,-1.21902796996495,0.26848485058817,-4.54039759522531,5.61482449854608e-06,6.50685923489376e-05
"CEP72",13.6698890084801,1.19992657062087,0.264372549446891,4.53877141606154,5.65829318450102e-06,6.54200414252983e-05
"C8orf74",1.24728982050418,-3.17003121486679,0.698415768504969,-4.53888837826867,5.65515599797797e-06,6.54200414252983e-05
"HCAR2",2.85300480880306,-1.88618770562772,0.415560193245982,-4.53890371667825,5.65474471123068e-06,6.54200414252983e-05
"EPHB6",12.7961522855099,-1.65264568377852,0.364192362197653,-4.53783729512044,5.68340823640669e-06,6.56694244259044e-05
"RANGAP1",40.4178861905888,1.04045808381304,0.229365584559849,4.53624324595022,5.72651291303047e-06,6.6107406853616e-05
"RECK",5.00357007764053,-1.15084778241361,0.253704628351026,-4.53617180693014,5.72845200302633e-06,6.6107406853616e-05
"MRPS34",32.3605539794195,1.09526215186683,0.241472661997743,4.53576045754224,5.73962961261567e-06,6.61951554700295e-05
"SPR",9.02809555360673,1.07459009245519,0.237070566423304,4.53278578048549,5.82108419053267e-06,6.70927948830405e-05
"GPAA1",95.8011683985474,1.1729877556095,0.258991804608291,4.52905356361978,5.92484791077928e-06,6.82038738368265e-05
"PDZD3",1.33853592672192,-2.9487122321751,0.651153493443139,-4.52844415620507,5.94195799728702e-06,6.83583515687889e-05
"DLC1",51.3647034718195,-1.0403425321803,0.229770355004401,-4.52774916137624,5.9615288048946e-06,6.85409289411905e-05
"NRXN3",3.91671258207005,-1.37337797689153,0.303350171284048,-4.52736839105174,5.97227730455769e-06,6.86180037263547e-05
"GSG2",9.46480122202016,1.34376830889458,0.296817826964891,4.52724933214179,5.97564193988825e-06,6.86180037263547e-05
"SH3BGR",4.88696989812404,-1.98956869408784,0.439515698094458,-4.52672954052315,5.99035264496602e-06,6.87443071189966e-05
"NTF4",5.19034430252873,-1.6299249609843,0.360130756043737,-4.52592546909919,6.01317709227519e-06,6.89635084229852e-05
"PSMB9",28.2482920758726,1.34962309031291,0.298250798690007,4.52512816810818,6.03589151787944e-06,6.91811774097543e-05
"PLA2G5",1.15985900745303,-2.96177920958014,0.654710551432808,-4.5237994150215,6.07392912421563e-06,6.95310971809159e-05
"PLCZ1",1.13671968494777,-3.27757269191737,0.724550232355112,-4.52359621949716,6.07976609335132e-06,6.95549274743997e-05
"GRASP",25.76071110121,-1.19597439878209,0.264509761298552,-4.52147547565245,6.14100755890511e-06,7.01256115943529e-05
"SERPINH1",134.867448919294,1.21945801248014,0.269783041878423,4.52014331215708,6.17977831150775e-06,7.05248637620127e-05
"CACNA2D2",2.66406894243877,-1.34894563374364,0.298613903868339,-4.51735708307272,6.26162623316228e-06,7.13270855415939e-05
"GLI3",21.3032371121159,-1.03886065318661,0.229989869446637,-4.51698440320933,6.27265236473802e-06,7.14087689610802e-05
"HIST1H4C",100.609846981887,1.74570790660934,0.386558312041824,4.51602734239087,6.30105321142858e-06,7.16880267703195e-05
"CEL",3.01585419070106,2.01575834145394,0.446400493581441,4.51558268961946,6.31429013683422e-06,7.1794525423231e-05
"HEATR4",3.02775577105709,-1.7881670902476,0.396025813751669,-4.51527912614525,6.32334223514357e-06,7.18533404167664e-05
"FGFBP2",1.81231357883954,-2.85127320647321,0.631903640010793,-4.51219620514372,6.41597941257444e-06,7.28612941015964e-05
"TCEAL4",36.4460088336654,-1.10667521315146,0.245341816011967,-4.51074843718234,6.45992941488441e-06,7.31809251513694e-05
"MYBL1",8.37132983646823,1.79173573360792,0.397199226690798,4.51092452655429,6.45456851028387e-06,7.31809251513694e-05
"DCC",3.14991503148496,-2.38534055356736,0.528809093922746,-4.51077823921809,6.4590218155999e-06,7.31809251513694e-05
"LONRF1",10.5414999322155,-1.09693905009548,0.243367042881362,-4.50734428584986,6.56440722037623e-06,7.42282970304082e-05
"PAPPA",4.91192972310875,-1.539887186802,0.341651904174405,-4.50718163132473,6.56943954853908e-06,7.42398775582921e-05
"ZDHHC15",2.83434079446311,-1.38120184429298,0.306658866769129,-4.50403361508811,6.66756528054011e-06,7.53028317842463e-05
"BX088651.1",4.09302180995183,-1.73185096719152,0.384883943862916,-4.49967060150566,6.80588409793985e-06,7.67246410602811e-05
"FAM189A2",13.6882179551082,-1.31789012876733,0.292916126846779,-4.49920645528918,6.82075922045907e-06,7.68455609983838e-05
"GNG11",2.86520031579527,-1.4881143771592,0.331016701277048,-4.49558699430609,6.93782853193092e-06,7.81169970020818e-05
"TPH2",16.1336698047172,-1.26466825224335,0.281372481219597,-4.49464086452839,6.96874595161401e-06,7.8417443812755e-05
"BAMBI",12.3859894283731,1.6255540126151,0.361690157862291,4.49432747139891,6.97901596619827e-06,7.84853270952789e-05
"RXFP4",2.42128605085484,-2.16103167946893,0.480851110493202,-4.4941804901987,6.98383758253076e-06,7.84918930240502e-05
"EFHC1",16.893782553482,-1.09236750109537,0.243112389953758,-4.49326133194258,7.01406227134858e-06,7.87243285314599e-05
"LCE1C",4.58261492053643,-5.44022614549164,1.21077844541382,-4.49316401865107,7.0172695392204e-06,7.87243285314599e-05
"ASB4",1.63282140321249,-2.69777134902007,0.600544364430089,-4.49220991621531,7.04878939221209e-06,7.90300708974288e-05
"PRICKLE2",11.1680238014787,-1.01345011942663,0.225721422066189,-4.48982692980488,7.12810659185008e-06,7.9821829153368e-05
"HIST1H2BC",120.436600675523,1.45753020174831,0.324906230010679,4.48600262820569,7.25718463410295e-06,8.11210463445111e-05
"PRRG1",5.6646459690655,-1.51264683714442,0.337257455149855,-4.48513980653829,7.28661414589913e-06,8.1400884927831e-05
"RCC2",45.929768501762,1.04963893008717,0.234047685399669,4.48472253974555,7.30088738024117e-06,8.14459123977037e-05
"SCRIB",72.807848146019,1.1621399345712,0.25932263990416,4.48144417703252,7.41396264802393e-06,8.25248895232567e-05
"NME9",4.24793413044818,-1.55009498416314,0.346113320146749,-4.47857650640521,7.51424397249299e-06,8.35908870021112e-05
"BMP8A",3.0640154180868,1.2722770431349,0.284160176687998,4.47732352211984,7.55846632706317e-06,8.40323609302906e-05
"IL17RE",21.127617955284,1.14127793130994,0.254923948476794,4.47693493737733,7.57223136988732e-06,8.41348946808955e-05
"KIF23",8.34125717212315,1.18046628269259,0.263779021727589,4.47520911618092,7.6336562008376e-06,8.4715746046683e-05
"HBA1",96.8602627235111,-2.61401030881856,0.584131320544596,-4.47503877446852,7.63974471017062e-06,8.47325458214253e-05
"CYP4F2",7.2512679164241,-3.59442975537456,0.80327235824626,-4.47473353025875,7.65066664466223e-06,8.47521815744222e-05
"PLCH2",17.7019008589999,-1.33527981315346,0.298438116233087,-4.47422678445863,7.66883147431715e-06,8.49026279541556e-05
"CDK6",22.6556899721656,1.30082097812453,0.290829723342045,4.47279240641658,7.72047207097187e-06,8.53722887752483e-05
"DPY19L2",6.36905408054107,-1.08698317219624,0.243045689398433,-4.47234087914357,7.73679667920793e-06,8.55017590049458e-05
"B3GALT1",37.505104194876,-2.47664509594148,0.553918531638058,-4.47113601456426,7.78051928066159e-06,8.59336780658402e-05
"CALB1",73.2537096219886,-1.24490044751814,0.278500003142879,-4.47001950976449,7.82124625035099e-06,8.62805974085771e-05
"HAPLN3",43.8705442496219,1.52828977093967,0.341947481570594,4.46936986908078,7.84503703646112e-06,8.64125061612567e-05
"LIMS2",40.6397023133784,-1.0934356598935,0.244739408262668,-4.46775477498894,7.90448431650849e-06,8.6939939732999e-05
"CHRNA2",1.65951774281711,-3.51087473395372,0.786059862429201,-4.46642158156236,7.95387981763487e-06,8.74313127490998e-05
"DDTL",7.41104453074686,1.00873231755357,0.226008717887142,4.46324516586692,8.07275951785378e-06,8.86562689486684e-05
"FAM83C",2.85868044612013,-4.12334435941307,0.923885227338843,-4.46304826335403,8.0801843747157e-06,8.86562689486684e-05
"OR5P3",2.63274452896361,-1.99065976371257,0.446021105030437,-4.46315149947159,8.07629070366588e-06,8.86562689486684e-05
"HRCT1",8.31751631060887,1.98859346938699,0.445579766267798,4.46293485461327,8.08446378654038e-06,8.86562689486684e-05
"NEK10",5.20119084811673,-1.58308018826397,0.3554380168568,-4.45388538418998,8.43301300884161e-06,9.19883786512157e-05
"ANKRD35",2.78578846198221,-1.73601743992855,0.389792619424714,-4.45369499938378,8.44049790944517e-06,9.2015834184075e-05
"MYO10",24.5565581435134,1.02343880856805,0.229818306548917,4.45325189249102,8.45794306946531e-06,9.21517773721391e-05
"UNC93A",1.84088596094675,-3.45424478914426,0.775708556973303,-4.45301880209005,8.46713368693677e-06,9.21976779244226e-05
"SCML1",4.6352002339018,-1.1925318583665,0.267870357678105,-4.45189930197333,8.51140808750019e-06,9.26253234998112e-05
"TMSB10",509.627291748903,1.34784764715427,0.302790642101057,4.45141777764856,8.53051956325134e-06,9.27787923373702e-05
"OIP5",2.09754196677609,1.75866647085578,0.395515046723507,4.44652228891107,8.72716158131609e-06,9.48617880335309e-05
"APOL4",19.721967681624,-1.08517883615091,0.244127121788096,-4.44513836972546,8.78353154781975e-06,9.53625857729879e-05
"E2F3",6.30193754055452,1.05901096542547,0.238260825412387,4.44475487563896,8.79921353911763e-06,9.54598559679356e-05
"ADH4",5.44351690956092,-1.30741482581024,0.294158134159664,-4.44459858145754,8.8056124534762e-06,9.54598559679356e-05
"TMPRSS13",13.8884987420297,1.14717879544161,0.258175786258419,4.44340196292984,8.85475134453097e-06,9.59109382476039e-05
"PTPRH",1.99843182478634,-1.97676782728149,0.445039088029382,-4.4417847340883,8.92157903415128e-06,9.65783091002631e-05
"MICU3",3.71559004182552,-1.41752869192609,0.319176058080467,-4.44121247831415,8.94534121546603e-06,9.67789777995688e-05
"RP11-146D12.2",2.6208729197041,-1.80362742671013,0.406257733943184,-4.43961376243576,9.0120467275753e-06,9.73868900164234e-05
"SLC5A6",61.5451825068754,1.14564988797953,0.258200333300659,4.43705812976426,9.11966722462921e-06,9.84886146327435e-05
"NPC1",120.411343731633,-1.08214615071138,0.243894651050419,-4.43694089251541,9.12463355522017e-06,9.84886146327435e-05
"DSEL",3.18280901029805,-1.42340598849606,0.320841483619164,-4.43647739201215,9.14429338699289e-06,9.86433326231114e-05
"SLC26A10",6.26031385218532,-1.13151395067584,0.255070525167805,-4.43608272626344,9.16106542116734e-06,9.87667367467179e-05
"SLC16A11",3.30905559346416,-1.31125668762491,0.295677350590224,-4.4347552661961,9.21769418963333e-06,9.92617045234817e-05
"FOS",471.111474930701,-1.50810733007267,0.340118868744649,-4.43405958522374,9.24750499357868e-06,9.95248619936457e-05
"DNASE2",19.7452480042289,1.00922247477731,0.227707410006583,4.43210203281543,9.33188364087049e-06,0.000100374650868875
"C11orf88",3.62269078052185,-1.99202945913605,0.449504041107457,-4.43161635260992,9.35293208304643e-06,0.00010054266282193
"PTGFR",2.5198597185056,-2.09796131097246,0.473507065687156,-4.43068638886706,9.39336155253633e-06,0.000100860198652799
"TMEM125",11.6551541128129,1.17408359597424,0.265084860294667,4.42908582055245,9.46333630554851e-06,0.000101552673842045
"HIPK3",38.709290828106,-1.02473361053147,0.231433237768148,-4.42777200204086,9.52114660922737e-06,0.000102113883900469
"COLGALT2",2.14800458025614,-2.13351030965888,0.482089679204308,-4.42554653561605,9.61984152412492e-06,0.000103053039161273
"SERPINE2",47.2939561911498,1.13376714429997,0.256237658388483,4.42467025116604,9.65897049466166e-06,0.00010341239971221
"GRIA3",2.13729797693618,-1.7527358084838,0.396165193214308,-4.42425492826081,9.67756908442229e-06,0.000103551666424997
"USP53",17.7226563177355,-1.42496504729411,0.322111967862495,-4.42381901160036,9.69712667736876e-06,0.000103641188873759
"PDGFRL",10.3014941476022,-1.22656921612822,0.277338412734552,-4.42264453753184,9.75000804471317e-06,0.000104146279702524
"NTN3",2.62496300789759,1.3317187684515,0.301171330173012,4.4217979436704,9.78829714268061e-06,0.000104495008459211
"ARID4A",13.2805793667224,-1.12784642823499,0.255241618597693,-4.41874030744444,9.92778520155589e-06,0.000105919681899096
"ACKR4",2.33523914488141,-1.50584980094677,0.340796849434899,-4.41861420797677,9.93357837716761e-06,0.000105919681899096
"DISP1",19.5786527230233,-1.11132671664389,0.251516836096113,-4.41849831563251,9.93890547136535e-06,0.000105919681899096
"ZCCHC12",2.22258592668238,-4.59855900131626,1.04093629283655,-4.41771416076311,9.97502160112033e-06,0.000106060476518915
"RP11-192H23.4",74.2977761284423,-1.06681543950657,0.241468758275171,-4.41802677550053,9.96060838132647e-06,0.000106060476518915
"AC073333.1",192.591526200703,-1.18650887430579,0.268578342638511,-4.41773846189363,9.97390047469274e-06,0.000106060476518915
"CTR9",9.16789048597314,-1.22456502205094,0.277205265643677,-4.41753881986141,9.98311447684745e-06,0.000106085626127463
"APH1A",60.3600164412139,1.02832978626503,0.232802350247402,4.41717957388405,9.9997150997079e-06,0.000106201102681645
"HTN3",4.27069792502439,-1.74605786754939,0.395323619319439,-4.41678104271958,1.00181619239243e-05,0.000106336043068726
"NUDT5",15.2264246816999,1.04583966509924,0.236824561170066,4.41609459733448,1.00500116711964e-05,0.000106613010408878
"FAM83H",37.8660496064828,1.23997101493656,0.280841100104559,4.41520494854532,1.00914335760503e-05,0.000106929938613046
"FXYD2",3.25814546400658,-1.33678887680315,0.302873187666709,-4.41369170741583,1.01622646458143e-05,0.000107618905528743
"PRSS48",4.53009436881826,-1.73334751173753,0.392765080778598,-4.41319148917575,1.0185782860915e-05,0.000107806325799924
"CCL2",33.9144065454883,-1.65533001001979,0.37523632791321,-4.4114332405541,1.0268861664151e-05,0.000108623561246947
"DNAH9",3.35758091897987,-1.85291605520655,0.420082840263335,-4.41083490590815,1.02972807939164e-05,0.000108862006201439
"LBX2",8.71603518019422,1.2812606897469,0.290696633441071,4.40755255601073,1.04545237976274e-05,0.00011046131761532
"TGFBR3",33.6764824333653,-1.26655702851595,0.287393022475086,-4.40705559796863,1.04785298289192e-05,0.000110623970199955
"TDRKH",6.48578725003115,1.27905467575436,0.29023338808148,4.40698668133686,1.04818630655934e-05,0.000110623970199955
"RMDN2",2.43762270259812,-1.66913103492213,0.378815954668872,-4.40617934474575,1.05209863645899e-05,0.000110973638636067
"SPC24",10.5008679351456,1.19217324813038,0.27059450119651,4.40575563383161,1.05415750304242e-05,0.000111127520041843
"HIST1H4B",60.3233288354802,1.40959571952201,0.320083219265448,4.40384135962161,1.06350726208273e-05,0.000111985682252964
"LRRC3B",1.51269305860643,-3.59909517402109,0.817311486851497,-4.40357835650367,1.06479800055889e-05,0.000112057889581544
"ECSCR",15.6100484505651,-1.27102475488519,0.288644457672521,-4.40342684953687,1.06554222908909e-05,0.000112072533601296
"CHM",8.36446733806045,-1.28979962238463,0.292982167850125,-4.40231442018827,1.0710219072683e-05,0.000112521087727869
"GOLGA8Q",4.45231160430127,-1.5111296475462,0.343402583268394,-4.40046092013565,1.08021181414008e-05,0.000113422240484708
"PSG2",3.36370687985546,-4.57718511859359,1.04040372000727,-4.39943171152982,1.08534723240912e-05,0.00011383239772753
"MPZL1",54.0247410399577,1.09160978795079,0.248139576501619,4.39917647696827,1.0866243729135e-05,0.000113901848529167
"NBEA",3.96863941816975,-1.30190538603795,0.296067061167492,-4.39733275597798,1.0958926794603e-05,0.00011480839484708
"SNRPB",51.6490739431647,1.14300247438348,0.25995596821437,4.39690799266786,1.09803861857973e-05,0.000114838347223793
"C9orf142",34.1355046155531,1.12318254380968,0.255446937009188,4.39693095153174,1.0979225260227e-05,0.000114838347223793
"C20orf26",1.62709918029352,-2.91580080190877,0.663192602837986,-4.39661237087272,1.09953449126169e-05,0.000114929897557275
"SAMD10",9.53963055576247,1.0294751507152,0.234181877000566,4.39604961707906,1.10238745451446e-05,0.000115098198604942
"CCDC39",1.52494676194761,-2.32034195425901,0.527881801051679,-4.39557103434194,1.10481925981534e-05,0.000115222197805742
"PBK",1.73887050783607,2.23817470002962,0.509259693449239,4.39495748204685,1.10794437353268e-05,0.000115483093340306
"IL15",13.1172059517774,-1.3356975157526,0.303945047956952,-4.39453619899667,1.11009505339811e-05,0.000115642185483913
"TMCO1",24.8268663285847,1.02283533563107,0.232801571668952,4.39359291390677,1.11492505311076e-05,0.000116080055276658
"RP11-195B21.3",1.51450107310336,-3.12952903950773,0.712314008084601,-4.39346833557714,1.11556444216687e-05,0.000116081374145027
"CYB5R4",15.8645580130126,-1.06198386058515,0.241881268329436,-4.3905171653836,1.130813875697e-05,0.000117569236907369
"ALOXE3",1.39712663984884,-3.24151050295574,0.738876934538812,-4.38707767346806,1.14883771848876e-05,0.000119275629046237
"BOLA2B",30.1557027071903,1.02619733510074,0.234109780004078,4.38340224437812,1.16840090400154e-05,0.000121238776156395
"NPTX1",1.86863821337207,-2.81961358908146,0.643416842168702,-4.38225020591265,1.17459802736817e-05,0.000121813575940164
"AGRN",103.217571492489,1.19411548654898,0.272533372789008,4.38153857756515,1.17844172865251e-05,0.000122143803570799
"IGFL4",4.92172533419594,-1.41724957211181,0.323562082954853,-4.3801472631438,1.18599131037243e-05,0.00012285755621207
"ITGB2",56.8857842501601,1.11182820783165,0.253862105669477,4.37965408385615,1.18867847564869e-05,0.000123067091816462
"AP2S1",52.8497223327685,1.12317365527023,0.256511328038024,4.37865128164528,1.19416033343999e-05,0.000123565573720534
"HIST1H2AG",24.8113215690548,1.14029957402616,0.260507558020377,4.37722261377526,1.20201189273912e-05,0.000124308566595835
"MPV17L",37.280824562718,1.24820175058517,0.285174762611723,4.37697129701709,1.20339814533313e-05,0.000124382480177792
"AQPEP",1.63214068224537,-3.00400985842881,0.686627134118079,-4.37502351591047,1.2141938804686e-05,0.000125358411672461
"TFRC",55.8052377468851,1.07527153247455,0.24581882145971,4.37424411234836,1.21853962784269e-05,0.000125443467814023
"RUNDC3B",1.91848682483893,-1.84592909506639,0.421981527792415,-4.3744310437552,1.21749599684386e-05,0.000125443467814023
"STC2",52.8680203342297,-1.66609677755949,0.380898473626757,-4.37412300893622,1.21921619927882e-05,0.000125443467814023
"ALAS2",1.37975115253912,-3.2118288185618,0.734268615194504,-4.37418780007506,1.21885418443657e-05,0.000125443467814023
"C14orf132",13.8050083712632,-1.24098366024941,0.283692948360053,-4.3743902251472,1.21772381277198e-05,0.000125443467814023
"SPATA7",6.26254940082008,-1.02927096063308,0.235341268104576,-4.3735251744106,1.22256139269218e-05,0.000125661942926995
"KLHL35",5.96736195031875,1.13404592100305,0.259350586428313,4.37263681035288,1.22754843185857e-05,0.000126034656623528
"ADRM1",44.9560450871957,1.03079663613579,0.235789602466845,4.37167977447492,1.2329426967849e-05,0.000126518363600276
"SMC4",19.8989613955512,1.00677717078283,0.230377394435689,4.37012135348147,1.24177506517338e-05,0.000127354140404991
"CENPC",8.17903095509536,-1.04304347942036,0.238727637290425,-4.3691777427154,1.24715230218191e-05,0.000127834836419554
"RNF165",8.99937602029901,-1.06639717955093,0.244127939872595,-4.368189811078,1.2528059111689e-05,0.000128343313532469
"SHANK1",2.90867596845203,-1.48795896180123,0.34078313412795,-4.36629284958263,1.26373023444659e-05,0.000129390886691098
"LRP8",11.2942196869136,1.32501702227655,0.303554360279279,4.36500737811013,1.27118467910666e-05,0.000129866975324951
"CDK15",2.07996855552333,-2.04936683972197,0.469583727456529,-4.36422030810615,1.27576958460477e-05,0.000130263529471056
"FHOD3",5.88159589379437,-1.03706764914413,0.237676760219517,-4.36335318685049,1.28083907771052e-05,0.000130637122232127
"WDR60",17.9185562233862,-1.28933769811609,0.295529679927393,-4.36280274263099,1.28406713346334e-05,0.000130822285181562
"EFNA1",43.6468451466636,1.11221276814887,0.254999255705584,4.36163142935997,1.29096210072756e-05,0.000131308072650609
"NLRC5",80.7444037487836,1.09788699168869,0.251743539490643,4.36113273814323,1.29390836871353e-05,0.000131535514848035
"METAP1D",4.83105680654874,-1.43342983787912,0.328724687227506,-4.36057860445102,1.29718971552122e-05,0.000131785438397347
"CTSD",342.177808266134,1.35824245170313,0.311506885191663,4.36023252220393,1.29924309516016e-05,0.000131860715663323
"AKAP6",10.9692279394608,-1.0703594903604,0.245522381733275,-4.35951900924125,1.30348631116552e-05,0.000132218912680218
"CYP2A7",3.03470302621013,-1.76302404670979,0.4045470939144,-4.35801930907662,1.31244807178608e-05,0.00013290958548727
"HOXA5",4.33314910396323,-1.41221276689509,0.3240760099991,-4.35765907787809,1.3146094449764e-05,0.000133055716611218
"AC008132.13",3.27864038725765,-1.89354913922672,0.434593547752024,-4.35705764390954,1.31822559493753e-05,0.000133348850188056
"CNTNAP3",21.6697719515213,-1.0655905239936,0.244626138973789,-4.35599616812728,1.32463093355885e-05,0.000133850595479416
"METTL14",7.66971090966593,-1.30324495278977,0.299198952073299,-4.35578047235439,1.32593614662305e-05,0.000133909429158954
"ALDH3A1",3.57752595823159,-2.35106446157928,0.539777671785977,-4.35561636664267,1.32693000088235e-05,0.000133936770988245
"NUDT12",1.94003005743828,-1.57985400582992,0.362748519808458,-4.35523212241949,1.32925983510802e-05,0.000134025861000929
"SLC4A11",14.7443851781872,1.40277033481372,0.322130675443209,4.3546623831577,1.33272158811356e-05,0.00013430179137671
"FAM205A",1.36842212923963,-2.39168832239788,0.549293727305095,-4.35411548231546,1.33605266312707e-05,0.000134564260067643
"LAMA3",17.9901094865973,-1.45513425340819,0.334387706765412,-4.35163800572677,1.35124226741756e-05,0.00013596275352865
"RGS18",1.88538029195347,-3.58776731255394,0.824559137462175,-4.35113401762347,1.35435235713887e-05,0.000136143692414282
"LOXHD1",2.01191860704283,-2.67995776864245,0.615929061239552,-4.35108186525419,1.35467457682497e-05,0.000136143692414282
"ACVR2A",5.41442316871553,-1.03712032309973,0.238392491210152,-4.35047395089918,1.35843593051028e-05,0.000136447669766331
"RGN",2.02532274571389,-1.64698477186827,0.378621327043275,-4.3499524570628,1.36167051032333e-05,0.000136698434646118
"HOXA4",2.71783848467478,-1.3758679437953,0.316452150259233,-4.34779142018219,1.37515287043273e-05,0.000137753279968388
"TTC40",1.60284451871744,-2.55544164459963,0.587789244140614,-4.34754747568723,1.37668277411893e-05,0.000137831991039086
"SLC2A6",6.11263872200464,1.2506533324734,0.287733047164916,4.3465752189271,1.38279645046607e-05,0.000138348662455547
"CCNF",11.5808154920723,1.09988011778118,0.253050223449425,4.34648941537491,1.38333723608505e-05,0.000138348662455547
"RAB6C",1.25912234418375,-3.20616463340215,0.737702965887401,-4.34614578178546,1.3855050441099e-05,0.000138490687679458
"OR5P2",1.85043764891045,-2.13674940997604,0.491663271932414,-4.34596101022117,1.38667201227404e-05,0.000138532572876698
"BMP4",7.91637610345645,-1.31364942002329,0.302355324779006,-4.34472063947756,1.39453016957056e-05,0.000139166486935361
"MCM6",8.10703292929192,1.19557422955043,0.275194248098776,4.34447390456106,1.39609837307335e-05,0.000139174026189799
"PSMB4",88.9742846684929,1.24546908360979,0.286693879332346,4.34424720370817,1.39754072617626e-05,0.000139242868909288
"PRDM7",8.4715291725388,-1.51072772164509,0.347910436616193,-4.34228917171487,1.41005772435169e-05,0.000140263636790773
"MYOM3",2.5128192374995,-1.56822403703806,0.361353748005529,-4.33985822948783,1.4257466799412e-05,0.000141748148179662
"ADCK5",15.2841316882412,1.25374046055579,0.28892492182785,4.33932958300775,1.42918045870184e-05,0.000142013307167787
"DLGAP5",1.47765841141166,2.21018010275617,0.509415691034833,4.33865729237038,1.43355865959937e-05,0.000142371975834314
"ARL4D",5.1438777116776,-1.56625969468797,0.361106879447575,-4.33738536658191,1.44187691800564e-05,0.000143121351957666
"NR5A2",4.17571641698015,-1.01088016931234,0.233208175702101,-4.33466865502876,1.45979833769986e-05,0.000144590293106293
"ANO4",1.84170719979041,-2.780949261782,0.642272408269192,-4.32985945835064,1.49204534900978e-05,0.000147468857814083
"GPRIN1",2.60717108711601,1.48822147159058,0.343736884200496,4.32953674742256,1.49423336029484e-05,0.000147606348263366
"CD1E",3.04669877609244,-2.28435844589611,0.527667566528702,-4.32916212933821,1.49677714426015e-05,0.000147774542053976
"FAM89B",30.2506269609004,1.08595046075509,0.250866943278744,4.32879057942867,1.49930417248619e-05,0.000147870670302391
"SERPINB13",1.79253956952046,-3.62015500069012,0.83679448591947,-4.32621756190505,1.516916033661e-05,0.000149448504124835
"TDRD3",7.56232455784305,-1.05697346716923,0.24449226324432,-4.32313666348209,1.53826378263032e-05,0.000151471141849435
"KLHL29",15.0777012248341,-1.02536513603076,0.237375952414282,-4.31958303106135,1.56324285189383e-05,0.000153604159696433
"CTAGE5",13.7987864312569,-1.00325283821752,0.23227868514516,-4.31917736055097,1.56611884371428e-05,0.000153805160250667
"CX3CR1",2.58852306904018,-1.34847970109308,0.312293754932066,-4.3179848453467,1.57460238935481e-05,0.000154494930955819
"UTRN",71.8174682556202,-1.14896731536676,0.26611289335,-4.31759356302817,1.57739550162098e-05,0.000154584759158856
"BCL2L12",14.0254477756944,1.07966028505703,0.250114268238679,4.31666810798148,1.58402053689501e-05,0.000155151921651874
"DCUN1D3",7.28976122197304,-1.04602328840403,0.242345813427081,-4.31624245375613,1.5870765562652e-05,0.000155369090777716
"PLD5",1.85574257534479,-3.47476676666459,0.80506924762981,-4.31610917557041,1.58803459274809e-05,0.000155380753971897
"KLHL13",3.34526581527419,-1.41597822638111,0.328084703335144,-4.3158922436401,1.58959513198212e-05,0.000155451325420131
"CLIC6",1.89941567332174,-1.68927365181438,0.391496703531735,-4.31491156011086,1.5966681167149e-05,0.00015597830621199
"PLG",3.8757767554899,-1.80110408873364,0.417451518640568,-4.31452278482287,1.5994803763926e-05,0.000156088502766653
"LGALS9",48.9887709218037,1.02943295584183,0.238694107409804,4.31277071316402,1.61221291891878e-05,0.000157082628533476
"P2RX6",1.48598646899415,-2.33759736035728,0.542157691142022,-4.31165581259813,1.62036528852066e-05,0.000157793932039851
"PRMT10",3.84298037740362,-1.18908348107351,0.275828506888209,-4.31095210023175,1.62553118159308e-05,0.000158213812640395
"PGAP1",3.88166726331588,-1.19179765444055,0.276479522445852,-4.31061817489199,1.62798798750935e-05,0.000158369713784917
"CHAD",6.07062859959717,-1.05650317397395,0.245185138836187,-4.30900167517827,1.63993126267004e-05,0.000159364149250653
"CFH",13.257929350526,-1.16314241671398,0.269951961886335,-4.30870147631573,1.64215841342142e-05,0.000159496896347098
"SMYD1",1.95898372782329,-2.63153298527487,0.610925162401908,-4.30745555630539,1.65143264000566e-05,0.00016005756718686
"GALE",15.0927690792649,1.05113010679801,0.244022135700195,4.30751949523722,1.65095548654449e-05,0.00016005756718686
"FPR3",7.45104216709167,1.22788068044019,0.285057781797578,4.30747995265087,1.65125056326855e-05,0.00016005756718686
"CTB-50L17.14",4.48579739426319,-1.38027854786316,0.320431520150642,-4.30756171307447,1.65064050189658e-05,0.00016005756718686
"SPATA6",13.6266969066028,-1.18055179433861,0.274121860446765,-4.3066678170597,1.65732205239929e-05,0.000160464814712701
"CLVS1",2.06797470138946,-2.32064205519332,0.538977744069131,-4.30563614310514,1.66506548543684e-05,0.0001611303182929
"RNF148",1.56172224136379,-2.38913908691459,0.555712564508752,-4.29923532325849,1.71388418704993e-05,0.000165595007368486
"ENO1",193.74028008039,1.1962835100669,0.278268218144437,4.2990303313976,1.71546996896234e-05,0.000165661807951619
"NXPH4",7.50391259259325,1.9119353321416,0.444955323071966,4.29691529239751,1.73191339024578e-05,0.000167075519865272
"LILRA2",3.20521285896732,-1.92991147136781,0.449166679568155,-4.29664879243335,1.73399592343915e-05,0.000167189341457262
"LCE2C",3.28402266173325,-5.06023710145452,1.1778924513829,-4.29600944934622,1.73900172922525e-05,0.000167584755612435
"TP53TG3D",3.1073688900508,-4.66915755202312,1.08693418202828,-4.29571323565351,1.74132563127045e-05,0.000167721442238124
"SMAD9",3.85445432702513,-1.04991807595677,0.244491691181137,-4.29428939234959,1.752537548041e-05,0.000168713619879498
"ZNF25",3.14572067944692,-1.4218235450105,0.331160177737892,-4.29346171608788,1.75908658351655e-05,0.00016925611272672
"LPL",25.6715741856276,-1.84048015210267,0.428699648527558,-4.29316925830034,1.76140624276527e-05,0.000169303640329579
"IL22RA1",2.01939052518621,-2.41243836932098,0.562007950610115,-4.29253423675242,1.76645302064033e-05,0.000169700429711101
"IGSF11",1.77891877158392,-2.72707953271235,0.635371616287278,-4.29210160291347,1.76989922741128e-05,0.000169943356610222
"HIF3A",15.2369593330055,-1.42696610148225,0.332584372709749,-4.29053863792807,1.78240269916475e-05,0.00017105524763694
"WDYHV1",5.58878541740719,1.03114762148231,0.240392069050012,4.28944110160219,1.79123306468189e-05,0.000171783436277902
"ASB2",5.26400512928788,-1.57712740359752,0.367883452328344,-4.28703001892538,1.81077831104843e-05,0.000173329384378496
"TMEM54",32.8673424599214,1.16448734188603,0.271659357620328,4.2865718011213,1.81451572004662e-05,0.000173597418216443
"RNF186",1.25977999677551,-3.7878153574032,0.883795293905334,-4.28585146755593,1.82040591155751e-05,0.000173981208946688
"MAB21L3",2.27121557040865,-3.66031895730575,0.854248985522312,-4.28483851820758,1.82871965700533e-05,0.000174595595294086
"DFNB59",3.18494475817384,-1.54752634551973,0.361161223778014,-4.28486294661275,1.82851873680527e-05,0.000174595595294086
"B4GALNT4",20.3189433754585,1.24751861325282,0.291159752360766,4.28465336688109,1.83024318460278e-05,0.00017465102661109
"KRT23",34.8304349787448,1.67074221373155,0.390166289149333,4.28212856978038,1.85113965636476e-05,0.000176281792880144
"TMEM160",11.3926844813429,1.11232376697406,0.259756606083197,4.28217701080448,1.85073660463534e-05,0.000176281792880144
"RADIL",5.31557588588442,-1.18906887537994,0.277670468291824,-4.28230226532504,1.84969481658362e-05,0.000176281792880144
"NGF",1.68372635818268,-1.93536193695876,0.45203591916766,-4.28143396330621,1.85692830712738e-05,0.00017656070895592
"DCT",2.64829115662436,-3.79068508093995,0.885603815374548,-4.28033960009167,1.8660834136446e-05,0.000177295155801379
"PDCD2L",4.77879421498,1.13029003542305,0.264083840127551,4.28004240955117,1.86857703212806e-05,0.000177395098867637
"STK3",40.647541121101,-1.23161460712129,0.287896953935324,-4.27797026083843,1.88605210914316e-05,0.000178674409922504
"FADD",11.7689743564746,1.07274023394011,0.250764860273285,4.27787303520531,1.88687585470478e-05,0.000178674409922504
"CAPG",83.5984331650961,1.19490707845682,0.279334219091641,4.27769674027945,1.88837039010662e-05,0.000178724559864869
"GCNT2",16.2354682947258,1.2031098707361,0.281295438415784,4.27703299247172,1.89400741440997e-05,0.000179166523645054
"CIDEC",10.7297063852046,-2.61500393310581,0.611493851209472,-4.27641901538928,1.89923601699912e-05,0.000179569420657773
"TRIM31",2.33295982356582,-3.81469318636654,0.892646499860292,-4.27346456515942,1.92458882076862e-05,0.000181688247391827
"DAB2",38.483605688862,-1.06121712065296,0.248392611945815,-4.27233770094761,1.93434335006517e-05,0.00018251608522622
"ENPEP",2.4010782451893,-1.44334039983308,0.337943138816172,-4.27095636529021,1.94636491595732e-05,0.000183556878683103
"DGAT2",31.2546874252243,-1.53717776598261,0.359982562337386,-4.27014507592155,1.953458582663e-05,0.000184038453042137
"CSE1L",11.3159022426403,1.10051850356737,0.257722917970062,4.27016158374867,1.95331399817602e-05,0.000184038453042137
"ESRRB",1.4562141992229,-2.51863952448741,0.590049609437186,-4.26852163649391,1.96772743998925e-05,0.00018528351011427
"TCTE1",1.036090099173,-3.26156413714496,0.764116120982754,-4.26841424697356,1.96867480782249e-05,0.00018528351011427
"CLEC1A",2.89759710953802,-1.28187981825481,0.300430182267943,-4.26681436791045,1.98284014661165e-05,0.000186464511954788
"CALML6",3.22496276365452,-1.94698753770602,0.456314180105922,-4.26676974459586,1.98323662968866e-05,0.000186464511954788
"TNFSF11",1.74793573339701,-2.80358120492795,0.657458609268309,-4.26427027558141,2.00556563288192e-05,0.000188372650366323
"CCDC68",1.17583971793723,-2.7266521356308,0.639486790563492,-4.26381306989652,2.00967589439743e-05,0.000188567461580695
"KIAA1324L",6.22796943812411,-1.18794391017607,0.278642559692973,-4.26332542840915,2.01406861213969e-05,0.000188703033277504
"RBM11",1.06890092267719,-2.71213818633295,0.636127303626041,-4.26351481986902,2.01236147228448e-05,0.000188703033277504
"CCDC152",1.48852082488502,-2.41629899115882,0.566765510891488,-4.26331338926768,2.01417717735463e-05,0.000188703033277504
"AL118506.1",6.53377109828535,1.03575550318759,0.243105133013404,4.26052502614367,2.0394724300077e-05,0.000190783375497993
"FADS1",35.1676172244552,-1.41788954682909,0.332831914718699,-4.26007688603858,2.04356593994214e-05,0.000191069804844061
"GLT1D1",1.12971886206104,-2.51580812589517,0.590672636484164,-4.25922578853476,2.05136178799278e-05,0.000191701932579225
"PCLO",3.27133303459109,-1.40313703011763,0.329445553931159,-4.25908625378151,2.05264259139425e-05,0.000191724891970773
"TUBB8",5.97409393526679,-3.30866251933369,0.777019708099897,-4.25814491555768,2.06130314478311e-05,0.000192436778466093
"ALDH18A1",21.4827613088918,1.08550715136067,0.255024551503372,4.25648097393605,2.07669700267618e-05,0.000193691480239211
"HIST1H4K",62.7852920835323,1.67666230949206,0.393909464607772,4.2564661683404,2.07683446579783e-05,0.000193691480239211
"HMGN5",4.53969251472415,-1.59287942430797,0.374350124556373,-4.25505247579557,2.08999992852891e-05,0.000194821231385065
"ARHGAP26",30.0020523536548,-1.03109826784126,0.242372931908245,-4.25418077721485,2.09815746120696e-05,0.000195483262054704
"CHTF18",28.5935979577897,1.07523798979392,0.252800743040667,4.25330233155586,2.10640879472922e-05,0.000195956321928551
"RP11-505K9.4",4.54531577384633,-1.35272294244665,0.318033140386088,-4.25340246241149,2.10546669729756e-05,0.000195956321928551
"FSCN3",1.72836133833545,-2.26957327327864,0.533644457221556,-4.2529688869913,2.10954895639788e-05,0.000196149928566273
"LIPE",39.25489058232,-1.46001011973683,0.343511944397181,-4.25024556947784,2.13536272945129e-05,0.000198251571302741
"HMGCR",17.8603303651876,-1.20460795052314,0.283475044728042,-4.24943208556085,2.14313172148167e-05,0.000198773589110083
"HOPX",20.6106749416558,-1.34680988199251,0.317038348705002,-4.24809770645662,2.15593370216501e-05,0.000199760900607805
"COL25A1",2.82044599155109,-1.81739899107746,0.42789481144666,-4.24730317465889,2.16359095110302e-05,0.000200270022970166
"ZNF717",10.9663495868617,-1.21266310888723,0.285613151062953,-4.24582378078221,2.17791754383034e-05,0.000201394851456942
"CLEC4M",2.40885053981969,-3.08483752129592,0.726871900483972,-4.24399061133324,2.1957954266449e-05,0.000202744381317631
"KIAA1549L",4.54568825603272,1.50763009793657,0.355271140661935,4.24360418109836,2.19958185094e-05,0.000202992800414104
"RP11-1021N1.1",5.48523566384493,2.87185621622646,0.676789966580521,4.24334927826501,2.20208290915563e-05,0.000203122408582573
"SLC25A27",11.4540226169909,-1.11106006347315,0.261902776401656,-4.24226149389579,2.21278649827782e-05,0.000204008121060736
"LGALS9C",2.30716858513456,-3.13534619088346,0.739210626273562,-4.24147878756704,2.22051879308089e-05,0.000204491731589481
"POM121L7",6.20693418941868,-1.56354612790607,0.368644891957389,-4.24133403721976,2.22195158536453e-05,0.000204491731589481
"PCP4L1",3.60468962786812,-2.04167134549114,0.481584718159931,-4.23948532522395,2.24032837758892e-05,0.00020593231865857
"PABPC5",1.24402447462627,-3.06096233667804,0.722061038909122,-4.2392016349511,2.24316112023053e-05,0.00020609042792118
"PPAPDC3",3.66902622136798,-1.25779790498309,0.296726770803303,-4.23890942356823,2.2460825129402e-05,0.000206256521094093
"COPE",83.8968414593124,1.06888519483998,0.252238663375787,4.23759458813633,2.2592724845273e-05,0.000207265882125283
"TAF12",15.0949236824025,-1.22272326856691,0.288632318631761,-4.23626596759202,2.27267560416509e-05,0.000208182480417141
"DSCC1",4.06370415095294,1.19999008708338,0.283262891322598,4.2363123580376,2.27220634523678e-05,0.000208182480417141
"ETS2",34.8493637747913,-1.25868861282206,0.297116344473005,-4.23634928281914,2.2718329014029e-05,0.000208182480417141
"LSM2",15.8346008231037,1.00660845368383,0.23765241637298,4.23563315301632,2.27908600772739e-05,0.00020849031886765
"GLYAT",1.48784451940527,-3.89607255259732,0.919939557063767,-4.23513971399673,2.28409647494955e-05,0.000208815572107678
"SPAG5",10.8279857052511,1.14280687706863,0.269896174687834,4.23424629263612,2.29319511810228e-05,0.000209440631052715
"ATOX1",47.7245384688254,1.22727891555415,0.289844071597979,4.23427296196838,2.29292301770163e-05,0.000209440631052715
"REV3L",80.8946698995565,-1.10908411967633,0.262081301484078,-4.23183231079805,2.31795203583615e-05,0.000211389008408455
"C1QTNF5",18.7674778725396,1.22623866304097,0.28988597311014,4.23007243118683,2.33616079433574e-05,0.000212944735397079
"MMP13",1.85291006712847,2.07979050926056,0.491923950029176,4.2278699972571,2.35914027884464e-05,0.000214933577200002
"RSPO1",2.19075824342187,-1.49407804385177,0.353514173444953,-4.22635966556067,2.37502273494083e-05,0.00021627419418178
"SOCS3",65.0027284126838,-1.56253888877433,0.36973364715322,-4.2261203458359,2.37754870961843e-05,0.000216397824076425
"PRUNE2",7.47470932821584,-1.32004573913045,0.31239093474707,-4.22562114422185,2.38282591820877e-05,0.000216703961391278
"KIF17",2.89904399802213,-1.6350025831091,0.386939851554291,-4.22546960862648,2.38443004978421e-05,0.000216703961391278
"SPG20",21.1654159364883,-1.23094710143529,0.291331223701734,-4.22524947993746,2.38676212740636e-05,0.000216703961391278
"TMCC3",4.04437021359449,-1.18521429491222,0.280573285739938,-4.22425924045665,2.39727974411894e-05,0.000217269067377202
"ADAM21",1.23875229964948,-2.57927996206136,0.610592929389351,-4.22422179804944,2.39767829456323e-05,0.000217269067377202
"PSG3",2.02450195424184,-2.52743973342004,0.598357436457384,-4.22396310202797,2.40043367101729e-05,0.000217412383640989
"CDKL3",16.7164859027325,-1.30663460715967,0.309354557649151,-4.22374448622659,2.40276450069115e-05,0.000217517126499519
"PDS5B",10.2769900297154,-1.17953518955086,0.279297593069574,-4.22322003060383,2.40836490418903e-05,0.000217917609943279
"KDM6B",55.5803368961619,-1.53927763093888,0.364495510387275,-4.22303591422402,2.41033393604456e-05,0.000217989283024499
"CR769776.1",3.28943185100971,-1.81933379214182,0.430909562158397,-4.22207802265724,2.42060284092518e-05,0.000218811155781435
"CCDC116",1.80637712004958,-2.87830394909142,0.681801903422089,-4.22161324960327,2.42560034162577e-05,0.000219155948915086
"CRISPLD2",80.1318101702934,-1.17148319074773,0.277613479211085,-4.21983541316805,2.44480737483853e-05,0.000220568544553138
"GFPT2",23.6965953369654,-1.41888247413501,0.336309553288088,-4.21897760638268,2.45412644246319e-05,0.000221301509091058
"REPIN1",66.2775711851549,1.00094624171426,0.237267125730657,4.2186469728239,2.45772740446084e-05,0.000221518379491112
"RAP2A",15.8139061174221,1.06894366498523,0.25356744956251,4.21561863255523,2.49094403570031e-05,0.000224076082706368
"DSC1",5.03250245528314,-2.79313865676115,0.66288360242645,-4.21361856974137,2.51311559858801e-05,0.000225851174755202
"KCNAB1",4.08973774680474,-1.50553076732202,0.357335409384753,-4.21321460952942,2.51761640082684e-05,0.000226036311081507
"NDUFAF2",6.40834737921453,-1.19405648345172,0.283439795026761,-4.21273407758068,2.52298032753451e-05,0.00022640814741567
"PRTG",1.79252849419978,-1.84704496008478,0.438520742162031,-4.21198995280891,2.53130805887407e-05,0.000227045461823077
"ARHGAP22",59.1669894518038,-1.15353343024747,0.274010755671408,-4.20981076973045,2.55584663876959e-05,0.000229024632043011
"JPH4",1.24430947749393,-2.00404807975545,0.476502275078999,-4.20574713819194,2.60221052235334e-05,0.000232639175207874
"HRH1",4.90744000105035,-1.29695167197289,0.308376384901373,-4.20574251296087,2.60226374668607e-05,0.000232639175207874
"MT1M",8.70161605458581,-1.88098795098696,0.447244624588813,-4.20572511680001,2.60246394034508e-05,0.000232639175207874
"RHBDL1",3.5512321230597,1.3126812483586,0.3123979936546,4.20195159707061,2.64623722621394e-05,0.000236324040038257
"KRTAP5-11",2.12424938240097,-4.1057956315044,0.977187797040631,-4.20164439623439,2.64983144772431e-05,0.000236530978673493
"F2RL2",6.96792160067957,-1.04515659758057,0.248790853070582,-4.2009446275103,2.65803601735939e-05,0.000237034872958742
"PKHD1L1",1.10551803539811,-2.40854222123718,0.57333169884304,-4.20095771103798,2.65788239570971e-05,0.000237034872958742
"PPP1CA",55.5345756689584,1.07119083857426,0.255039982758069,4.20008983293571,2.6680909971749e-05,0.000237817042587457
"GRIK1",1.04679779976548,-2.18515796777251,0.520296560143995,-4.19983166363383,2.67113495722124e-05,0.000237859431142556
"GPR124",31.7621067959421,-1.17946416295884,0.280845824058524,-4.19968559943072,2.67285859809197e-05,0.000237898543747523
"IL1R1",21.7575729406074,-1.0834771275413,0.258088207851764,-4.19808846192466,2.69177487379845e-05,0.000239237304282605
"CNTD1",2.00813957274136,-1.78518197524535,0.425221136265468,-4.19824374424053,2.68993015954669e-05,0.000239237304282605
"WFDC5",4.66950293465916,-4.64966754905919,1.10761261790525,-4.19791854470996,2.69379482528082e-05,0.000239302003615594
"GCNT4",0.648788636411362,-2.8079632335532,0.668983411129087,-4.19735853959968,2.70046229405924e-05,0.000239664411167059
"MFSD3",25.3917637960754,1.02272983006099,0.243748137358504,4.19584675043797,2.71854023818899e-05,0.000241037828107882
"TBX5",3.32479789500566,-1.26715993715151,0.302023688556818,-4.19556473601946,2.72192527149484e-05,0.000241222487457548
"NNT",40.6977170361062,-1.11169947340851,0.265090611163218,-4.19365841939995,2.74491221520229e-05,0.000243027074808684
"THRSP",15.5737061655023,-2.44417485274023,0.582822712151794,-4.19368497791769,2.74459070043671e-05,0.000243027074808684
"KCNJ16",2.08277436545297,-1.91177429282199,0.455886414609462,-4.19353205438185,2.74644246811902e-05,0.000243046380289061
"PACRG",1.04525777976978,-2.31281655884136,0.551943784739229,-4.19031180853694,2.7857137786026e-05,0.000246168848317163
"FAT3",3.27681665058365,-1.24234236632571,0.296653875525262,-4.18785146199756,2.81607718123455e-05,0.000248614783369048
"CXCL2",31.7577375470127,-1.74591883937493,0.416922360836379,-4.18763540500078,2.81875853976368e-05,0.000248732947467856
"ACER2",3.76674139568434,-1.19503790545799,0.285528688436254,-4.18535143352079,2.84725243706542e-05,0.000250888723307924
"WNT6",6.92821871399463,1.66950417451198,0.399265281281874,4.18144089351295,2.89667555898282e-05,0.000255122323839656
"ARTN",5.79955923474759,1.63273953676417,0.390637327268449,4.17968131253912,2.91917895805198e-05,0.000256982094396572
"RGPD8",8.43774852345471,-1.08846297546504,0.260442681976273,-4.17928032074327,2.92433046850344e-05,0.000257313296615775
"TCTEX1D1",1.55126645797152,-2.82497620095057,0.676367689087753,-4.17668709864119,2.9578546140339e-05,0.000259892709493055
"RP11-683L23.1",4.94630201877293,-2.80291590625234,0.671448349805095,-4.17443263814105,2.98729590618548e-05,0.000262230780921173
"ENO2",22.2304183409352,1.15786660390131,0.277436009158146,4.17345465505632,3.00015394339261e-05,0.00026323472922557
"COLCA1",3.52794075369189,-1.24771063834325,0.299196417013779,-4.17020581595331,3.04324671639179e-05,0.000266889278792655
"AK9",38.4548887534956,-1.84567166192702,0.442700335511797,-4.16912189549907,3.05775429387883e-05,0.000267894412085045
"ARC",3.06842680068567,-1.82352798177605,0.437409436575545,-4.16892693502992,3.06037067833827e-05,0.000267894412085045
"CLDN19",2.56678487288737,-1.49335790064777,0.358235852094956,-4.16864446122475,3.06416527305293e-05,0.000268089131731159
"CFL2",6.9810035382906,-1.23530276858834,0.296462284943035,-4.16681254691706,3.08888292023606e-05,0.000269996646760794
"PRKAR2B",6.75734800025852,-1.70107598576332,0.408570539939513,-4.16348174788902,3.13431091379949e-05,0.000273193914095972
"DNASE1L3",3.06073392315399,-1.50513775613271,0.361574371822708,-4.16273351605442,3.14460283775693e-05,0.000273962059082473
"SAMD5",3.88011235145809,-1.24324259330334,0.29867371655785,-4.16254435653544,3.14720980631829e-05,0.000274060272837928
"CCDC136",9.7045212053691,-1.13970702353263,0.273940295310367,-4.16042124157516,3.17661149070801e-05,0.000276490592250441
"ABHD5",13.1291761673507,-1.08071183540612,0.259817384933738,-4.1595054760548,3.18937374817219e-05,0.000277210607994581
"LDHD",5.37789710861843,-1.21624703171995,0.292511323887857,-4.15794853872474,3.21118336995839e-05,0.000278844530606513
"RPL39L",59.5571625345295,-1.3242134899519,0.31849757706957,-4.15768779824233,3.21484965357606e-05,0.000279032077242436
"TRIM9",4.38715009383346,-1.55864678274525,0.375008159791886,-4.15630098185127,3.23441666370882e-05,0.000280074172254393
"HAS1",4.31686344199453,-1.87501937616995,0.451104864315001,-4.15650445050543,3.23153879769728e-05,0.000280074172254393
"RCVRN",1.22982032972912,-3.39474319927352,0.81674285332564,-4.15644065381252,3.23244087789794e-05,0.000280074172254393
"POC1A",3.61712328840131,1.22086037311219,0.293787652410018,4.15558776244391,3.2445236961546e-05,0.000280686912191385
"TAL1",3.10352814095065,-1.57497128706713,0.379071307772341,-4.15481534680808,3.25550343939432e-05,0.00028150529740645
"CBLN4",0.866878286724551,-2.74134920598094,0.659841515129678,-4.15455703092915,3.25918322093895e-05,0.000281691981419651
"NKPD1",4.24820611668061,-1.35695278889961,0.326792133582798,-4.15234226730799,3.29089572713729e-05,0.000284300236278157
"METAP2",18.0182721118907,-1.12565815891851,0.271265263630087,-4.1496583228346,3.32971919051222e-05,0.000287252253594166
"C3AR1",5.95322705523374,1.09903057693178,0.264835349613887,4.14986359839838,3.32673456543475e-05,0.000287252253594166
"CWF19L2",4.37481304467558,-1.22144455716432,0.294410879398756,-4.1487752071484,3.34258837540637e-05,0.000288228221086018
"NRN1",6.9472502567884,-1.11726944332189,0.26931279123024,-4.14859405013079,3.34523411577169e-05,0.000288322132584101
"SRMS",1.75822846127128,2.01507743924944,0.486048794932564,4.14583362875948,3.38579610001894e-05,0.000291411316749771
"OTOA",3.25661552340444,-3.14270662624138,0.7581861302341,-4.14503312698563,3.39764587725366e-05,0.000292295387545249
"UBE2L6",31.2813983479063,1.1816811728549,0.285129337501732,4.14436894922369,3.40750754809215e-05,0.000292871716036022
"GSC",2.89600296559825,-1.60039691167651,0.386330922258897,-4.14255452894866,3.43458671673463e-05,0.000294925429612233
"THSD7B",1.72876926377553,-1.75938138300979,0.424700725715196,-4.14263804246389,3.43333585172126e-05,0.000294925429612233
"RNF187",78.4487990439715,1.00230829040658,0.242000420448299,4.14176259921299,3.4464697682302e-05,0.00029580867955125
"EFEMP1",44.3533623245771,-1.12180737619969,0.270867505765967,-4.14153544563204,3.44988544931523e-05,0.000295964697972286
"TNN",4.14957049432293,-1.56627814314735,0.378241977670627,-4.14094213654748,3.45882213858543e-05,0.000296402470570559
"GADL1",7.26401363072532,-1.10151926693654,0.266011039240835,-4.1408780255141,3.45978912306203e-05,0.000296402470570559
"ASCL2",2.56504483420788,1.69203762656768,0.408606464305449,4.14099573643263,3.4580138903987e-05,0.000296402470570559
"ACSS3",6.01480807840405,-1.16306731205344,0.280886451271957,-4.1407027885704,3.46243352592364e-05,0.000296491880569383
"LIN7A",2.31209987095908,-1.79088567647082,0.432565475849369,-4.14014935647444,3.47079767054022e-05,0.000296933554058873
"LCE1E",2.39421463950563,-4.60061394247235,1.11125924704383,-4.14000059366067,3.47304922676444e-05,0.000296989001745757
"TREM2",6.83874269116705,1.40572269460936,0.339640006974557,4.1388607518038,3.49034706211357e-05,0.000297974790919938
"PDE1A",1.70056982417228,-1.54903264662178,0.374269419912704,-4.1388170237982,3.49101228968938e-05,0.000297974790919938
"COL6A6",3.55800196089653,-1.77472007083118,0.428793186918912,-4.13887189669083,3.49017753587445e-05,0.000297974790919938
"AC007773.3",2.51461333727283,1.48670794361233,0.35919755551365,4.13897010375349,3.48868403424354e-05,0.000297974790919938
"STON1-GTF2A1L",1.28485251285092,-2.3580587274588,0.569768688275707,-4.13862463133066,3.49394055792207e-05,0.000298087365333176
"KREMEN2",3.11902475571558,1.45514597805278,0.351629740198098,4.13829039953501,3.49903320808676e-05,0.000298267435184701
"SBF2",34.3051892540026,-1.03813599503505,0.250862027891777,-4.13827474711681,3.49927187483185e-05,0.000298267435184701
"MSMB",4.12686974396057,-2.15711681265837,0.521457794073821,-4.1367045179365,3.52329332341171e-05,0.000299788643100561
"STRN3",21.0375861992015,-1.136114231127,0.274860657790351,-4.13341887580568,3.57406485733414e-05,0.000303525122822296
"HHATL",2.36820895490697,-4.26524664731012,1.03196181350267,-4.1331438736411,3.57834570221215e-05,0.000303749400075038
"ARHGAP40",11.5432472855691,-1.56528775500856,0.378740086673082,-4.13288112372344,3.58244036930855e-05,0.000303818500550975
"GCSAM",2.84137577922626,-1.1985756095719,0.29000570560075,-4.13293802992267,3.58155317181218e-05,0.000303818500550975
"GIPR",8.14218679948409,-1.02749309611632,0.248667957019978,-4.13198832865214,3.59638686198069e-05,0.000304722220757577
"SMYD3",16.3796461485163,1.0268057147908,0.248564196284629,4.13094777984443,3.61270649673968e-05,0.000305825181593293
"ELANE",0.749740180729057,-2.6289472036237,0.636395707572196,-4.13099455628472,3.61197136304387e-05,0.000305825181593293
"RNASE4",13.055280430836,-1.06392809962013,0.257717722119087,-4.1282690645873,3.65504273219643e-05,0.000309126490802476
"HOXA7",4.28270860810263,-1.41865312082682,0.343947762254623,-4.1246179696805,3.71350619909059e-05,0.000313605783702893
"RP11-196G11.1",2.19477214176552,1.4984392500671,0.363298585239995,4.12453918332007,3.71477750482749e-05,0.000313605783702893
"ZNF80",2.87902350040655,-1.8112083175295,0.439268131286809,-4.12324088301985,3.73578662592255e-05,0.000315235717017483
"SCN7A",2.93982200232886,-1.4602008170268,0.354233626635055,-4.1221406078739,3.75367955675239e-05,0.00031660133310641
"MAL2",14.2515769612366,1.05360100472983,0.255605374713087,4.12198298221419,3.75624955472072e-05,0.000316673892819924
"FCER1A",2.02999973691262,-2.00880225685095,0.487434118105789,-4.12117695958035,3.76941743249238e-05,0.000317639443515122
"PDE10A",4.06934283455859,-1.14330902425382,0.277495196628998,-4.12010383654456,3.78701691249516e-05,0.000318687538633509
"RP11-382J12.1",47.7979073972269,-1.33316935755172,0.323671983875492,-4.11889018502312,3.80701508476936e-05,0.000319972643857578
"DOC2B",3.80516791063144,-1.57964228450359,0.383550146846683,-4.11847654730536,3.81385375378687e-05,0.000320363715318097
"KHDRBS3",12.8938655836377,1.31349099842375,0.318987544708028,4.11768741511833,3.82693282701854e-05,0.000320949635743413
"C19orf57",7.90649898340412,1.07964850354481,0.26218837023229,4.11783521362248,3.82447997946977e-05,0.000320949635743413
"SGCD",3.34066120948962,-1.14115410506418,0.277138063423847,-4.11763758094438,3.82776020601015e-05,0.000320949635743413
"DNPH1",25.6581752913226,1.0366800406848,0.25191571538845,4.11518606168041,3.86867218495615e-05,0.000323940082322594
"LILRA5",3.74908653292362,-2.07692205871319,0.504716378958467,-4.11502805397187,3.87132327162925e-05,0.000324015588057465
"OVCH2",1.5110866557919,-2.04830831963714,0.497909978489384,-4.11381255272595,3.89177493906531e-05,0.000325433207319944
"NRTN",5.16780356287894,1.62481875226138,0.395024921076946,4.11320568796441,3.90202420825214e-05,0.000326143016178909
"RNF180",2.69976300349797,-1.15658550460846,0.281227787163855,-4.1126288275866,3.9117904832804e-05,0.000326664487517221
"PTPRQ",1.0303110025923,-3.1230353454156,0.759433748755349,-4.11232098986121,3.91701168054831e-05,0.000326953088540405
"ESRP1",23.9413013425047,1.00966727306629,0.245576590062723,4.11141498792051,3.93241667306779e-05,0.000327795776861213
"LGALS7B",83.7164444948203,-3.63649674153046,0.884806279167968,-4.10993550469607,3.95769640400857e-05,0.0003297546234595
"PSMB8",25.5294429594298,1.06244705839876,0.258586933292041,4.10866490766901,3.97952995840061e-05,0.00033127574781796
"IRS1",13.5167296325378,-1.05756568837147,0.257407591252453,-4.10852563914582,3.98193004585715e-05,0.000331326632117548
"TRIM47",40.5518537322926,1.0620207823461,0.258543444677753,4.10770725078639,3.99606153958978e-05,0.000332353173939299
"RAB38",4.36417059878606,-1.6410961405508,0.399546759806955,-4.10739444200151,4.00147551696991e-05,0.000332654082250075
"AC002398.9",5.31501912307387,1.10116611513465,0.268128445287291,4.10686047858438,4.01073324220635e-05,0.000333274118941884
"TMEM252",0.852995135073689,-3.08411620270117,0.751632446809112,-4.1032238773008,4.07432645437902e-05,0.000338406612502279
"TECTA",1.44413262917846,-2.49205959806967,0.608206931475291,-4.09738769669203,4.17838767206166e-05,0.000346118499382496
"AC005481.5",0.790800485746562,-2.84501463119274,0.694399592687813,-4.09708568546323,4.18384068800734e-05,0.000346415275919857
"WDR96",2.2080231107603,-2.18434859676552,0.53321847414962,-4.09653585286807,4.19378562575321e-05,0.000347083544951747
"MOBP",2.84723934367565,-1.92566734252747,0.470352043844129,-4.094097958604,4.23815113722539e-05,0.000350515366329762
"ATP2B1",15.4988569817446,-1.02916378988366,0.251413689690038,-4.09350736291444,4.24896577559112e-05,0.000350955378181773
"CDC42EP2",10.5838663582528,-1.0309781212206,0.25186052517023,-4.0934486280602,4.25004272358124e-05,0.000350955378181773
"IL6ST",42.3908169727174,-1.21164853829383,0.296083079967945,-4.09225862695365,4.27191814879987e-05,0.000352604580891583
"PTEN",23.0734339379506,-1.10119631061742,0.269180531140743,-4.09092108537989,4.29663325868039e-05,0.00035432876766375
"FKSG63",17.0751805563844,-1.61164693685191,0.394097898780926,-4.08945833468603,4.3238172510071e-05,0.000356253305707978
"CCBE1",3.13070798571691,-1.29594501479621,0.316989145927503,-4.08829460391869,4.34556065901984e-05,0.000357726553450513
"MAOB",11.6136621044482,-1.56721203010232,0.383484580215692,-4.08676674619052,4.37426500981617e-05,0.000359929526929432
"COTL1",64.8127396680374,1.12587192387972,0.275546686007833,4.08595704848257,4.38954987999776e-05,0.000360866590667193
"CRB3",11.5323916439011,1.00986812949408,0.247175064551879,4.08563918583348,4.39556409082916e-05,0.000361200701376831
"TEK",2.57340615150459,-1.32923672160842,0.325380900185122,-4.08517132029619,4.40443069498253e-05,0.000361477786045436
"F12",5.05031764337803,1.34944416327145,0.330328970095752,4.08515233429357,4.40479086008287e-05,0.000361477786045436
"BDNF",0.983633234781596,-2.57431355003947,0.630141067813366,-4.08529721602264,4.40204315550743e-05,0.000361477786045436
"AL590452.1",3.76319027468501,-1.36417729929026,0.334068629957852,-4.08352409342467,4.43578278650373e-05,0.000363698843610545
"LRP1B",1.58724647816063,-2.05681260396955,0.504110513654013,-4.0800827363446,4.50196741083493e-05,0.000368473002136476
"RAD51AP1",3.75633920862505,1.32978855599472,0.325978437134472,4.07937582523643,4.51567827582903e-05,0.000369268843377065
"BSPRY",12.3819213828847,1.17077563663409,0.287096369479174,4.07798830322381,4.54270513369899e-05,0.000371315024211706
"PPAP2C",49.8760834115218,1.18382107375224,0.290369057341286,4.07695325594157,4.56296613539511e-05,0.000372806611203301
"MYO15A",4.39571459166736,-1.14801759593456,0.281711037582704,-4.07516015625597,4.59826895579014e-05,0.000375525298056195
"ABCG2",1.1634488351028,-2.10090415617484,0.515576658300246,-4.07486282079003,4.60414791999863e-05,0.00037583539683186
"MMP16",3.99890890525763,-1.29878296983112,0.318738289416142,-4.07476294175451,4.60612434298846e-05,0.00037583539683186
"FGF14",1.17155175954483,-2.12437262206953,0.52168265741704,-4.07215496215216,4.65801716298634e-05,0.000379567944975068
"PDE11A",2.17846078845503,-1.97794956841684,0.485757131434403,-4.07188992280177,4.66332175996944e-05,0.000379833094275083
"HMCN1",6.63590431789714,-1.00566370222617,0.247002721854785,-4.07146809830464,4.67177612864096e-05,0.000380354450350276
"TMEM232",2.09634205777823,-1.82246610884267,0.447831848102082,-4.06953216160555,4.71076367149738e-05,0.000383191764266467
"LCA5",1.39551963860369,-1.94902158449175,0.478986053238385,-4.06905706609738,4.72037858618495e-05,0.000383805321217374
"PLP1",7.47266201240719,-1.49590796401637,0.367768033528617,-4.06753123609903,4.7513841136578e-05,0.000386156808043746
"GK",10.4705915492506,-1.25482691135284,0.308776581527999,-4.06386684230798,4.82663678324319e-05,0.000391757083695137
"BCHE",0.961022489661876,-3.14338627196825,0.773633218987566,-4.06314800711624,4.84153088061172e-05,0.000392450043635406
"PTGDR2",1.18883594047721,-2.03289824811906,0.500394249656293,-4.06259314433649,4.85305729395506e-05,0.000393212279959036
"PDZRN4",0.769372420956692,-2.80563166884728,0.69064905697697,-4.06231159009725,4.85891609143878e-05,0.000393342848975652
"RNF39",6.60124674492058,-1.10206686984067,0.271310629196155,-4.06201140407178,4.86516997877842e-05,0.000393505145619798
"MYOT",1.55670863940367,-2.51785816728691,0.619988799109696,-4.06113492840928,4.88347361927477e-05,0.00039464091787176
"LRRK2",3.14510266367995,-1.21325855444901,0.299028038521351,-4.05734044355301,4.96347042942621e-05,0.00040075588183885
"TEX9",9.68044638482936,-1.17001876059255,0.288395301790148,-4.05699660615109,4.97078040232822e-05,0.000401171218352607
"MUSK",0.891601072837442,-2.64841772846915,0.652961977783785,-4.05600604411628,4.99189681223197e-05,0.000402577211602251
"RBM38",23.9397092834365,1.09659062273235,0.270480522618673,4.05423138093509,5.02994117425536e-05,0.000405415885246117
"SLC7A3",0.710969193760298,-2.31543074811077,0.571178422782773,-4.0537783917502,5.03969607117261e-05,0.000406025448587469
"PLCL1",2.71945798956345,-1.30396485533881,0.321721679690914,-4.0530835739499,5.05469347984086e-05,0.000406879759381192
"NHS",3.06737577321177,-1.05254210712319,0.259711838551917,-4.05273056858664,5.06232917741222e-05,0.000407317380643046
"TMED3",42.5122859307179,1.07743301016525,0.265914531960572,4.05180191628267,5.08246867492578e-05,0.000408582833320205
"ARMC10",37.013739246612,-1.13535040022545,0.280362725061242,-4.04957684719838,5.13103269948637e-05,0.000412307972494085
"ZBTB21",10.3554210056967,-1.02009086454416,0.251931197028451,-4.04908513346586,5.14182394232033e-05,0.000412638054851201
"HIST1H4D",64.5746181133216,1.40487308435612,0.346951940283988,4.04918641817133,5.1395993715346e-05,0.000412638054851201
"GNLY",10.2033663435083,1.324952171334,0.327235169259008,4.04892962554797,5.14524122302251e-05,0.000412733468743278
"KIF14",1.29000629449792,1.75938696277417,0.434573700209875,4.04853529314931,5.15391631453195e-05,0.000413200648926956
"IGFN1",2.72925703398614,-1.80866886505692,0.44675454478851,-4.04846215031373,5.1555269391545e-05,0.000413200648926956
"PTH2R",4.57866425111656,-1.64511265793197,0.406370869635785,-4.04830360849049,5.15901970981862e-05,0.000413301743361853
"FIBCD1",3.97362568650624,2.54219765837876,0.628039638788006,4.04782994793881,5.16946809654456e-05,0.00041395974096065
"IGJ",98.3980776524325,-1.88670979089133,0.466142755374504,-4.04749353956069,5.17690104003345e-05,0.000414375804077353
"SIX2",2.88460561950857,1.65537091031913,0.409670250500272,4.04073985918592,5.32828372254241e-05,0.000425940747125294
"TMEM47",3.75851658123842,-1.06714690702294,0.264166529618706,-4.03967492991349,5.35253344875212e-05,0.00042769467013713
"SLC26A3",0.910103117639182,-2.69965738160232,0.668523301297632,-4.03823976869941,5.38537926504645e-05,0.000429948253220648
"TAT",10.31464250955,-1.92804496039159,0.477789101710108,-4.03534729756436,5.45215899766687e-05,0.000434717558996064
"PDE3A",2.36171150457347,-1.28135439529706,0.317570277803529,-4.03486876718923,5.46328238936856e-05,0.000435417024164735
"ADRA2A",7.78047522019179,-1.0046793533338,0.249094468771873,-4.03332662618821,5.49927577625336e-05,0.000438097143775332
"SDIM1",1.45988385410306,-2.17067502774197,0.538260562172502,-4.03275881662366,5.51258488050035e-05,0.000438591482631561
"COL7A1",35.923964507938,-1.24087137348398,0.307754860698187,-4.03201226674009,5.53012998644299e-05,0.000439609732227026
"FAM177B",1.03457710254904,-2.42010412521793,0.600494618906188,-4.03018453292088,5.57330819471026e-05,0.000442852056552653
"MPP6",6.76917401806757,-1.2554391722213,0.311808218003093,-4.02631842182185,5.66569532909334e-05,0.000449421879595147
"ALX4",4.44653211569099,-1.5631171675426,0.388259912496097,-4.02595559632573,5.67443970990044e-05,0.000449922826655719
"TPK1",4.14574075379354,-1.09979509960357,0.273375840011783,-4.02301498024172,5.74578403335444e-05,0.000455384731988836
"PPP1R3C",2.4840736818072,-1.38073282070607,0.343217944760307,-4.02290393548721,5.74849474379356e-05,0.000455404703355622
"PCDH20",0.905583539225847,-2.93599878315188,0.729968143657956,-4.02209166065692,5.76836002861007e-05,0.000456783088712765
"RPN2",61.8111308048195,1.0134302518508,0.252064802330453,4.0205147346285,5.8071116803677e-05,0.000459262692330361
"IL32",59.9192311105779,1.08639995790011,0.270304511509254,4.01917064511488,5.84033607785218e-05,0.00046149618103233
"TMEM147",41.7891483116215,1.09721088057292,0.273099227095163,4.0176271908327,5.87871059520991e-05,0.000462629735677126
"SCUBE1",6.3175905269921,-1.71560180677893,0.426983755117617,-4.0179556861744,5.87052334954151e-05,0.000462629735677126
"USP17L30",1.78530786416836,-3.17810868231408,0.791068409692539,-4.01748906083774,5.88215650318341e-05,0.000462629735677126
"USP17L26",1.78530786416836,-3.17810868231408,0.791068409692539,-4.01748906083774,5.88215650318341e-05,0.000462629735677126
"USP17L25",1.78530786416836,-3.17810868231408,0.791068409692539,-4.01748906083774,5.88215650318341e-05,0.000462629735677126
"USP17L28",1.78530786416836,-3.17810868231408,0.791068409692539,-4.01748906083774,5.88215650318341e-05,0.000462629735677126
"USP17L29",1.78530786416836,-3.17810868231408,0.791068409692539,-4.01748906083774,5.88215650318341e-05,0.000462629735677126
"USP17L24",1.78530786416836,-3.17810868231408,0.791068409692539,-4.01748906083774,5.88215650318341e-05,0.000462629735677126
"USP17L27",1.78530786416836,-3.17810868231408,0.791068409692539,-4.01748906083774,5.88215650318341e-05,0.000462629735677126
"C7orf13",4.8243951761281,1.19766148513393,0.298096964229542,4.0176909826284,5.87711983637784e-05,0.000462629735677126
"SLC16A12",0.680002968386155,-2.63490153971455,0.655894542923457,-4.01726400706163,5.88777498302259e-05,0.000462875077400443
"NMB",4.90617667501301,1.19801563877694,0.298277851672562,4.01644182449081,5.9083440441984e-05,0.000464295071644645
"AL391421.1",3.39715385484147,-1.06436697737966,0.265047212940932,-4.01576370326469,5.9253602213676e-05,0.000465434783800554
"ZNF442",1.59443279406301,-1.93984512413937,0.483118709813014,-4.01525563953042,5.93813952471539e-05,0.000466240865946496
"S100A11",288.726291543413,1.30799229431147,0.325779243025711,4.01496511000314,5.94545892531857e-05,0.00046642011950339
"MTFP1",5.38267994784814,1.13835221834904,0.283523303236176,4.01502171199235,5.94403226407485e-05,0.00046642011950339
"HPGDS",1.19605281644989,-2.14992773456068,0.535492106160475,-4.01486354294903,5.94801975045989e-05,0.000466423462396351
"SCGB2A2",43.6526501901776,-2.87041912554959,0.715089968989533,-4.01406711047237,5.96813655784269e-05,0.000467802900230057
"LCE1A",2.76905472278961,-4.4930585071401,1.11944512869887,-4.01364782601035,5.97875298626919e-05,0.000468436813924187
"LAG3",5.97860413600348,1.21217268229077,0.302139266831059,4.01196671655578,6.0214991202283e-05,0.000471586497695005
"SRPK3",7.13009020312886,1.18104521272141,0.294445587831042,4.01108137303491,6.04412721971595e-05,0.000473158598324509
"SPACA5",1.40129295469599,-2.8082400380077,0.700190562346439,-4.01067964783313,6.0544212688832e-05,0.000473764219443408
"EPB41L3",18.9670187188598,-1.00530303858845,0.25068937926454,-4.01015408605563,6.0679136481389e-05,0.000474619495738297
"IFI44L",15.4298458723327,1.33007676138541,0.331698207574904,4.00990035824976,6.07443760958103e-05,0.000474929225009117
"SLC16A14",3.21325917570882,-1.21990416889454,0.30424454855457,-4.00961718029183,6.08172664860708e-05,0.000475298485170888
"PRIMPOL",3.94523944490113,-1.2979680984745,0.323870480969245,-4.00767644704785,6.1319046996732e-05,0.000478412547798429
"LAPTM5",67.3405229635172,1.26958516189095,0.316851432314265,4.00687840549741,6.152651742283e-05,0.000479829118191856
"DSCAML1",1.63848704900863,-1.63057254514134,0.407225750127662,-4.0040998012286,6.22540809416435e-05,0.000484076442989555
"KIAA1524",3.2026677283252,1.19814014442887,0.299386118846257,4.00198963481051,6.28120509994629e-05,0.000488210158880425
"MS4A10",10.4811998769971,-1.6563355923028,0.414004637999243,-4.0007657892611,6.3137825796478e-05,0.000490330737694913
"AC024592.12",0.997391586969353,2.18747454620156,0.546752709737029,4.00084811148658,6.31158624075145e-05,0.000490330737694913
"CYC1",51.6640805822472,1.13352911209029,0.283376186241453,4.00008598861041,6.33194718737107e-05,0.000491535313514195
"GEM",49.3849607769985,-1.22261400539361,0.305763413407587,-3.99856212935406,6.37284535252532e-05,0.000494502897442287
"DCAF12L2",1.15540462421352,-2.94110156170171,0.735561888275799,-3.99844201906087,6.37607954687201e-05,0.000494546672391806
"GRIA2",1.87180021996228,-2.67981876251941,0.670496227988047,-3.99676933390174,6.42128150925021e-05,0.00049742775455597
"MYLK3",6.90821044685653,-1.19672717821296,0.299446117037377,-3.99646918134384,6.42942474013684e-05,0.000497850355505077
"DLL1",5.9550183965245,-1.00712500040658,0.252021003468236,-3.99619470816651,6.43687983680863e-05,0.000498219341150729
"PSENEN",22.5040407385061,1.02918884249921,0.257692551437055,3.99386337230085,6.50053308910784e-05,0.000502516168098729
"ARNTL2",3.78967210241095,1.097202165558,0.274808143945108,3.99261153547604,6.53495778942608e-05,0.000504966575618481
"ADAMTSL1",7.05575694919005,-1.00077663159101,0.250743175166752,-3.99124175932392,6.57282340406191e-05,0.000507680713469703
"7-Sep",30.6875839633828,-1.0560731722195,0.264756298528467,-3.98885004092149,6.63943752828233e-05,0.000512185180753208
"SATB2",6.52988467278122,-1.39718278260286,0.350292118560244,-3.98862180612429,6.64582760735812e-05,0.000512389588714066
"CREB3L2",68.7232806653707,1.05537309540575,0.264600174330972,3.98855782341868,6.64762002850611e-05,0.000512389588714066
"SRD5A3",8.35063445513108,1.2192480776456,0.305711712777568,3.98822821202378,6.65686106300637e-05,0.000512675179247418
"CDH22",1.05748732255716,-2.67852757296877,0.671890108137407,-3.98655604618752,6.70392973053227e-05,0.000515015290207046
"POLR2J",18.704571194501,1.01455077458238,0.254500816748151,3.98643425803369,6.70737013875931e-05,0.000515065960655472
"PNPLA5",3.12800670573975,-4.78302131642844,1.2000036881118,-3.98583884684097,6.72421404582622e-05,0.000515735146153299
"TBC1D32",21.4716412301271,-1.03233029575886,0.259000020305804,-3.98583094526394,6.72443784667e-05,0.000515735146153299
"DLK1",5.85211452102641,-2.11193677787624,0.530095448693495,-3.98406887491949,6.77452239751409e-05,0.000519146478472304
"SLC9A3R1",57.9519315311168,1.05077815450991,0.263996835231735,3.98026799672633,6.88376187065708e-05,0.000527081593089336
"ITGA11",14.6549159900286,1.10328116730403,0.27724438333249,3.97945362875357,6.90738309200977e-05,0.000528671692686797
"AP1M2",20.172434767508,1.0300780175332,0.259003063869092,3.9770881554275,6.97643068797777e-05,0.000533075285489786
"PFN2",23.7563867686475,1.18269515479927,0.297443915525963,3.97619548783822,7.0026567462633e-05,0.000534638121410919
"SLIT1",1.49991844389707,-3.35997091945832,0.845630892415284,-3.97333038515374,7.08746332878385e-05,0.000540667198417358
"IL2RB",9.13845814217405,1.19421585356051,0.300802395585767,3.97010087381438,7.1842209256919e-05,0.000546922071457728
"TNS4",40.3772599417028,-1.42226505142399,0.358268313429288,-3.96983210100357,7.19232955122283e-05,0.00054708964249589
"ANKRD33B",4.20568954729176,-1.12542191534106,0.283489105249304,-3.96989476668372,7.19043821244599e-05,0.00054708964249589
"BANK1",7.10724137876987,-1.29445981864156,0.326112311066648,-3.96936814316406,7.20634710080326e-05,0.000547930874388662
"SMPD3",16.0475929546217,-1.07807334867033,0.271846050491269,-3.96574953626173,7.31656614538132e-05,0.000556083045321103
"KCNN4",47.5331023057842,1.36553726005172,0.344354751466377,3.9654956240238,7.32435961641459e-05,0.00055621889633141
"1-Dec",1.55855040138187,-2.41896969485566,0.610239083244947,-3.9639704523558,7.3713380426372e-05,0.000559557062400517
"SCO2",28.3085202389149,1.06828977517468,0.269513953427269,3.96376425632066,7.37771112985162e-05,0.000559735521751022
"CPA3",3.3915676081942,-1.65814895289014,0.418333734420998,-3.96369887593485,7.37973298842455e-05,0.000559735521751022
"ZSCAN30",20.6599519975252,-1.01372970821824,0.255853187187983,-3.96215391865893,7.42766286396238e-05,0.000562449597572817
"UBQLN3",1.47483873919066,-2.52122422618625,0.636349522461572,-3.96201165741978,7.43209106721671e-05,0.000562554927449889
"NEFM",2.05177057983721,-3.83446224371922,0.968035106262963,-3.96107767054225,7.4612255862845e-05,0.000564529494726967
"DYNLRB2",0.830462905779002,-2.69003760199341,0.679292150777996,-3.96005989309975,7.49309680858409e-05,0.000566478118728957
"RARRES1",37.1756013340929,1.62155204496633,0.409486769215043,3.95996199846634,7.49616911091304e-05,0.000566479168797762
"ZNF525",9.86275929549907,-1.18593928952263,0.299517922411768,-3.95949357545368,7.51088648424156e-05,0.000567359867296583
"NCAM2",1.57195422537272,-1.64322822958842,0.415099276450241,-3.95863910831317,7.53780337980238e-05,0.000569161003671829
"VSIG2",2.59202394298356,-1.43169069943336,0.361766193070282,-3.95750273756294,7.57374197588008e-05,0.000571641600966792
"SELP",3.03774944198604,-1.34491595108496,0.339848274705301,-3.95740114394048,7.57696283029342e-05,0.000571651753738064
"USP44",1.50006076497436,-2.18949777007623,0.553378806668619,-3.95659852471975,7.60245409385331e-05,0.000573341428038889
"HOMER1",3.6162085032591,-1.08222111012159,0.273878299020325,-3.95146718083447,7.76735254852218e-05,0.000584349731534232
"TMEM255A",1.50065041944061,-1.71135112323187,0.433191032135674,-3.95056913988903,7.79655704645095e-05,0.000586308687025435
"KIF9",4.30829559921616,-1.08341712465516,0.274350913954773,-3.94901955687949,7.84719410772905e-05,0.000589637846910172
"APOA2",1.55374841713618,-2.83224358585741,0.71804406365978,-3.94438688264035,8.00044069192258e-05,0.000599788827482738
"FRG2C",1.79876396169254,-2.77619613526359,0.703858774250078,-3.94425165505889,8.00495616854189e-05,0.000599788827482738
"ACHE",3.38519268050589,-1.41798230605448,0.359716764279521,-3.94194112385771,8.08248192599795e-05,0.00060486355649832
"MUC4",5.89591706213985,-1.56365871780909,0.396812344716788,-3.94054957873122,8.12951460024609e-05,0.000607455370658985
"AWAT2",3.72907231192758,-5.1393418540963,1.30419969050959,-3.94060962557673,8.12747975442754e-05,0.000607455370658985
"XKRX",1.44898807882397,-2.49130287077672,0.632225589993241,-3.94052836552117,8.13023358095034e-05,0.000607455370658985
"CLIP4",14.4875730533554,-1.20222852345606,0.305105982021335,-3.94036365819925,8.13581806225821e-05,0.000607627508665914
"CEACAM3",1.93237781961402,-2.34193178276712,0.594776871632948,-3.9374963863968,8.23361714620829e-05,0.000613941452423792
"GAL3ST1",2.18485185952199,-1.83652004376892,0.466763225777874,-3.93458597923672,8.334023161603e-05,0.000620678636908769
"KANK4",8.17779744607047,1.76880356801411,0.449567688674392,3.93445439379696,8.33858995213378e-05,0.000620769144266165
"CCDC121",2.81609670210187,-1.76749252476713,0.449297790041892,-3.93389988542416,8.35786065665575e-05,0.000621703996315573
"KLRD1",47.4103783408041,-1.18622473564676,0.301634091587463,-3.93266135602845,8.40105508533272e-05,0.000624415498758157
"ANKRD20A4",4.0999836504887,-1.17712425706414,0.299344783598523,-3.93233596027144,8.41243839484114e-05,0.000624760160181426
"GOLGA8R",1.99439374884621,-1.75491095219997,0.44644666073658,-3.93084125504397,8.4649151327188e-05,0.000628405443239349
"CCDC8",8.2609007056344,-1.17115668216067,0.29795544461219,-3.93064366950908,8.47187515226783e-05,0.000628670158534875
"GABRA2",1.86413599420957,-4.12788500346756,1.05052517393415,-3.92935372315629,8.51744703263758e-05,0.000631545852436002
"RNF128",1.34383413657461,-1.90889721750257,0.486030262888363,-3.92752748801781,8.58236145792455e-05,0.000636104437469702
"KCNIP2",12.4628507653329,-1.22068036579903,0.310838150932595,-3.92706095483027,8.59901941779793e-05,0.000636690300830823
"LRRC4C",1.66019869462565,-1.9745528782086,0.502812365979851,-3.9270173364983,8.60057840772444e-05,0.000636690300830823
"SEPP1",86.9801255190426,-1.2602821700847,0.320917008532985,-3.92712800061878,8.59662361322229e-05,0.000636690300830823
"DUSP15",2.89347308727608,-1.44237395122979,0.367320895677371,-3.92674080947649,8.6104681471361e-05,0.000636982232990518
"RP11-322L20.1",4.22722424957429,-1.43690690815697,0.365931062663143,-3.92671476889546,8.61140001840112e-05,0.000636982232990518
"PPP1R27",3.38760299697257,-2.52841552324116,0.643972220462095,-3.92628042468485,8.62695723451316e-05,0.000637878251088434
"SLC26A9",1.42476221156127,-2.81778896548534,0.717801907561352,-3.92558021343026,8.65209312625299e-05,0.000639481519890095
"RP11-113D6.10",2.85417751433284,-1.62126475258404,0.413091251088911,-3.92471336129819,8.68330688690811e-05,0.000641285305108471
"C8G",2.34414583606548,1.23638033296395,0.315130577884372,3.9233905553196,8.73114384382831e-05,0.000644552595756828
"DDX25",1.3494907574789,-1.92738052366018,0.491344292686801,-3.9226679791491,8.75737958561257e-05,0.00064614827711329
"ZNF441",4.19769351485347,-1.03268120889933,0.26329135527848,-3.92219945013796,8.77443101210109e-05,0.000646974566903409
"UNC79",1.59205570628618,-2.9052132197695,0.740939317152204,-3.92098671580241,8.81871248766899e-05,0.000649463986865229
"DPM3",33.4411905880067,1.06353304238831,0.271237838477783,3.92103494245854,8.8169475281166e-05,0.000649463986865229
"MSR1",14.7191645521076,1.13092597447627,0.2884931823252,3.92011334673917,8.85073314498261e-05,0.000651304248356646
"C5orf17",113.392074818652,-1.11866514489768,0.285397701883401,-3.91967117294697,8.86698658022261e-05,0.000652241165364905
"AL050303.1",3.22595477588391,-3.01991522739142,0.770494927324421,-3.91944855221593,8.87518034662782e-05,0.000652584717666695
"CTSZ",106.946369935924,1.04438639595818,0.266673779782102,3.91634451955322,8.99017496900316e-05,0.000659730668684139
"IQCF3",1.65987896513146,-2.61373872725838,0.667842773918545,-3.91370368795391,9.08911612370223e-05,0.000666463217906622
"MIER1",14.3266994053494,-1.04970402240591,0.268266135292272,-3.91292035896469,9.11866147679128e-05,0.000668100664055095
"NTRK1",3.55533175793389,-1.35436010044941,0.346117506754293,-3.91300663508727,9.1154029015612e-05,0.000668100664055095
"SRRM3",2.90091831567564,-1.31180255183767,0.335304420483131,-3.91227336027221,9.14313315025651e-05,0.000669628755275014
"CD2",4.47384962577595,1.30238073636166,0.332981150671535,3.91127465844568,9.18102923264627e-05,0.000671872870197844
"NAALAD2",1.07367615234658,-2.06921261461021,0.529225295175833,-3.90988985876557,9.23382145878054e-05,0.000675202688746677
"UTS2B",4.63516907430566,-1.67278905384204,0.42812159704528,-3.90727556233311,9.33426781198901e-05,0.0006809346530668
"CPNE7",8.902306741836,1.30238380484436,0.333465722680886,3.90560023493237,9.39917873153215e-05,0.000684860694199207
"ACOX2",10.4885234798436,-1.28734395058825,0.329627897824601,-3.90544598647189,9.40517650400321e-05,0.000685028231251072
"FOXD4L4",2.22577381642106,-3.96009875932015,1.01437774562806,-3.90396849338234,9.46281051640798e-05,0.000688684386581173
"FOXD4L2",2.22577381642106,-3.96009875932015,1.01437774562806,-3.90396849338234,9.46281051640798e-05,0.000688684386581173
"IL20RB",6.78301234848367,-1.79846575947818,0.460698559139228,-3.90377986603311,9.47019244861107e-05,0.000688950921182931
"CCDC38",1.82989614676291,-2.58529887101469,0.662524367244494,-3.90219439289035,9.53245525331786e-05,0.000693208230082267
"PPP1R36",1.3457676932457,-2.58775855282259,0.663170984360173,-3.90209857465229,9.53623047193055e-05,0.000693210599690336
"UBBP4",2.50911251997039,-3.37836624394662,0.866058652148994,-3.90085155960709,9.58549153217069e-05,0.000696518141070481
"PDK4",25.9001330691362,-1.47937960222622,0.379295975311377,-3.90033034495487,9.60615228832739e-05,0.000697704209282935
"GSPT2",1.91405843710679,-1.3897435828186,0.356619590786011,-3.89699169290033,9.73949585239079e-05,0.00070568923938933
"OR2A1",3.2874429905787,-1.46941720239255,0.377070964680694,-3.89692482325407,9.74218434898238e-05,0.00070568923938933
"PTPRZ1",5.45373714080063,-1.7955660243436,0.460957332928052,-3.89529766874076,9.80782052764712e-05,0.000709888440066744
"TPSG1",1.51591584636922,-1.84153647201572,0.472970958383688,-3.89355083937694,9.87874872998633e-05,0.00071390629721735
"AC007040.11",3.52291426506008,1.1697182342526,0.300440303740979,3.89334659726964,9.88707331750636e-05,0.000714229219917522
"OR1K1",1.13147498090168,-2.68782900582256,0.690698738214115,-3.89146361085336,9.96413348337121e-05,0.000718954734627977
"NOS1",1.25444518974934,-2.25339011782443,0.579082508329638,-3.89131097108135,9.97040496127344e-05,0.000719127105501194
"SCN5A",1.73156873906587,-2.54139755981972,0.653666700980689,-3.88791039226396,0.000101110938444516,0.000728133289242406
"STPG2",0.997584617638079,-2.60275069658984,0.669824010359959,-3.88572319942838,0.000102025704656325,0.00073358699597999
"COL5A1",98.497252184048,1.07071379412282,0.27568622745432,3.8838131451461,0.000102830945270927,0.000738803246046592
"CHN2",9.74789795525816,-1.01411952939937,0.261196595539843,-3.88259091701935,0.000103349355356988,0.000741952232527957
"AMH",6.66561930125773,1.57094885417954,0.404639381677181,3.88234295848354,0.000103454827907981,0.000742421666994039
"CCDC176",2.77013888590832,-1.40077197687391,0.360817737227719,-3.88221484796313,0.000103509361262653,0.000742525325060749
"IRX6",3.20146148925778,-1.89925862874298,0.489306118440548,-3.88153460004965,0.000103799380083845,0.000744317505967087
"KRT77",8.10619266854756,-4.04097070849297,1.04159421746568,-3.87960171123562,0.000104627644517086,0.000749386400520291
"AADAC",0.78300817898036,-2.18491572378942,0.563735867404191,-3.87577915496171,0.000106284050699551,0.000759781237768078
"KIAA1407",3.88580688941569,-1.23837926075281,0.319713943278249,-3.87339772565076,0.000107328458790549,0.000765180028375116
"RNF175",1.71591734559195,-1.84932531135392,0.477727822039116,-3.87108563922513,0.000108351714638284,0.000771584182441484
"HSD3B1",5.00392159391924,-1.56599785755906,0.404606651163073,-3.87042045170904,0.000108647806157958,0.000773395336532553
"CWC27",5.77581831317022,-1.12188459999667,0.2900448615566,-3.86796923060723,0.000109745508673998,0.000780609182665054
"PTPRN",5.11416176903003,-2.41832581889166,0.625261989099433,-3.867700037827,0.000109866693802955,0.000780929974620568
"C1QA",65.2246508731994,1.20090205362064,0.310496605634229,3.86768174540151,0.000109874933261052,0.000780929974620568
"ZFP36",382.194111351259,-1.5175570480521,0.392573829634757,-3.86566024908997,0.000110789076490878,0.000787125153342553
"TDRD6",0.842670800398783,-2.18750226890374,0.566045666191377,-3.86453319857086,0.000111301851751649,0.000790162092044476
"SEL1L2",1.15683824361613,-3.4174904915199,0.884962257886321,-3.86173586620786,0.000112584248124616,0.000798438264397356
"RHOXF2",1.26188971759102,-1.91637511788644,0.496250614077769,-3.86170830528406,0.000112596952089725,0.000798438264397356
"S100A1",69.3052368384633,1.55782798561522,0.403599897750939,3.85983245857152,0.000113464792128569,0.000803106192171314
"CELSR3",3.903802806066,1.2302284062657,0.318962986479066,3.85696290295564,0.000114804577646173,0.000811607018000923
"ZC3H12C",4.87834452848731,-1.03485643141409,0.268329759071943,-3.85665919051726,0.000114947249830578,0.000812305593804643
"EBF3",2.95146925929807,-1.35370356174602,0.351070200130949,-3.85593411585799,0.000115288537906939,0.000814406673955882
"MAG",2.60596357537987,-3.88241809764008,1.00714122569756,-3.85488946195314,0.000115781930624239,0.00081726864292003
"ITIH1",1.28021661701109,-2.99961561147702,0.778370780780879,-3.85371044949522,0.000116341173086229,0.00082090331729643
"EPHA4",13.3769753592529,-1.06482009246466,0.276330641003759,-3.85342750480637,0.000116475761115072,0.000821358218641952
"FEZ1",17.0331904574112,-1.29199307551256,0.335287521777841,-3.85338848479015,0.00011649433324546,0.000821358218641952
"ENPP2",14.7334496489342,-1.22262301093202,0.317393807432194,-3.85206951837966,0.000117123759209911,0.000824540580800443
"RFESD",1.85324097610845,-2.46182896633909,0.639499206768002,-3.84962004688177,0.000118301192509731,0.000831565346362516
"TMEM221",2.26192944470301,-1.4691588509318,0.381911799411827,-3.84685378455029,0.000119644321178146,0.000840687449492266
"UGT1A6",1.39928198931867,-3.12242200970643,0.812067483589487,-3.8450277505322,0.000120538796522986,0.000846330397725075
"C2orf27A",9.74115992875221,-1.30895810029953,0.340491623617403,-3.84431806689715,0.000120888130568304,0.000848140134237172
"H3F3A",185.453323513363,1.05363670560054,0.274190073247563,3.84272374678284,0.000121676401275629,0.00085137753538749
"GPR20",1.81375980389898,-1.66803950695887,0.434274905039758,-3.84097604443931,0.000122546074576623,0.000856204599512716
"DYNC1I1",3.57677077037072,-1.43552884942229,0.373939869380325,-3.83892964342417,0.000123571830729597,0.000862395421542425
"PLA2G2F",1.37054116793954,-3.55091218886938,0.92507740154484,-3.83850279224149,0.000123786807153156,0.000863570336004054
"E2F6",9.51879636580652,-1.18604461326252,0.30911406933813,-3.83691565965295,0.000124589236315136,0.000868258264179857
"SLC8A2",1.51960315395935,-2.1434109909393,0.559353698804524,-3.83194210661393,0.000127135660517422,0.000884600565027684
"HIST1H3E",12.2735104249769,1.64991809320376,0.430745520868661,3.83037782929573,0.000127946646840468,0.000889574997289467
"TTLL4",39.147997540654,1.00348845953661,0.26203050148842,3.82966278290683,0.000128318978071888,0.00089182893502721
"ANKDD1B",1.04663578370353,-2.05597988174682,0.537164142851027,-3.82747044662103,0.000129466922939546,0.00089845872861981
"EPHB3",42.4260713165372,1.39470761489203,0.36441282774431,3.82727365423763,0.000129570438798111,0.000898840324875885
"POF1B",3.8590872196175,-2.27839805835089,0.59532567420331,-3.82714563990531,0.000129637818197437,0.000898971047792185
"LINC00908",53.0921105871969,-1.16015815901432,0.303289470082098,-3.82525037450285,0.000130639248474713,0.00090456080756958
"MYL3",1.28464308140641,-1.81530676687398,0.475345811791812,-3.81891818933084,0.000134038203088753,0.000926018499667991
"CES3",40.7480830534995,-1.1918802810964,0.312343435557387,-3.81592870351014,0.000135671677851507,0.000936604851720321
"C3orf72",2.17076098140711,-1.78061149144075,0.467148787737968,-3.81165816583371,0.000138037684976082,0.000950812198262177
"PNPLA1",1.36402845077077,-2.75072014483801,0.722301213793055,-3.80827290929364,0.000139940779717206,0.000962489090947674
"C14orf180",1.83963608701941,-2.54129608479373,0.667430720802294,-3.8075803309427,0.000140333160596086,0.000964471540096735
"CAPN6",4.76001392890569,-1.53769124375311,0.403910610846276,-3.80700878476882,0.000140657750794603,0.000965883886196858
"PADI2",38.0487132734603,1.33092151232857,0.349655991577743,3.8063741059408,0.000141019023597993,0.000967390501882229
"VGLL3",13.9391560976509,-1.08015468925988,0.283835232902102,-3.80556944328486,0.000141478311313207,0.000969464033349321
"EPSTI1",12.4266818790134,1.14179661858831,0.300202499139846,3.80342143006749,0.000142711270450617,0.000976580081911413
"HLX",4.78152957620555,-1.21148168467925,0.31856067054055,-3.8029857314889,0.000142962592696835,0.000977826123312693
"FAM179A",4.08327045516216,-1.32945982216564,0.349635823888769,-3.80241305761787,0.000143293559858765,0.000979005280599058
"FGFBP1",3.42974627055071,-2.60565615142129,0.685405407012997,-3.80162765680062,0.000143748642511377,0.00098175234387748
"SYT7",19.7820601120531,1.02933431404747,0.27090959603437,3.79954910831908,0.000144959586394743,0.000989285939850827
"BAIAP2L2",5.59322209412784,1.20888588644561,0.318196871069713,3.79917590761211,0.000145178024484907,0.00098992883083453
"CLDN3",51.1381424852277,1.34688367451619,0.354567189743689,3.79866979651963,0.000145474751580776,0.00099134781044118
"EFCAB12",3.09538908579757,-1.34756644962875,0.354792071242845,-3.79818648401073,0.000145758645132335,0.000992917111122142
"ANLN",11.3770319698303,1.44084032800022,0.379430734154951,3.79737379790593,0.000146237186297233,0.000995810722278439
"LCE1B",1.18844809500114,-3.69571615956012,0.97328457830918,-3.7971588597247,0.000146363997403094,0.000996307960271995
"ZNF582",2.34172264921925,-1.35361996064176,0.35649716881649,-3.79700059087579,0.000146457440427182,0.000996577777954544
"KLHL33",0.829227769306036,-2.66806781611192,0.702778244237697,-3.79645761374695,0.000146778444994686,0.000998395283948432
"RBP4",13.0749889586701,-2.10109891029885,0.553896924691764,-3.79330307975277,0.000148656528492674,0.00100968691629678
"COL4A5",14.6221460570498,-1.02299869915008,0.269719207927805,-3.79282850120152,0.000148941023913007,0.00101087784716625
"LCN2",28.5266595408915,1.86134918969956,0.490783512893554,3.79260741406214,0.000149073733889608,0.00101140794838949
"RGS13",1.20841192046531,-1.93547403254177,0.510419603033495,-3.79192731046961,0.000149482671842166,0.00101381107574537
"NKAIN4",1.75694357545547,-3.16028815501934,0.833752098238674,-3.79044102161247,0.000150380038069483,0.00101877800479992
"AC079354.1",11.7621581470032,-1.43960986417906,0.379891356710959,-3.78953045060825,0.000150932309875872,0.00102177201883074
"CSTB",32.1748641959569,1.03401386228209,0.272874108620403,3.78934398543656,0.000151045638435338,0.00102216562480794
"FABP5",31.9193933514825,-1.11852252851865,0.295188572049907,-3.78917964456138,0.000151145586846845,0.0010224684293562
"IRAK3",4.12525617425366,-1.10190641761483,0.290936191269949,-3.78745048116894,0.000152201005784373,0.00102735678904452
"BRINP1",2.10803974123961,-1.78346453697331,0.471229766109361,-3.78470263391514,0.00015389247593096,0.00103801763991014
"FAM228A",0.954467244037003,-2.5086429221872,0.662870532479375,-3.78451416870798,0.000154009133978266,0.00103842634857861
"PHGR1",1.99526402291426,-1.82074948978046,0.481311482758625,-3.78289227455137,0.000155016516142994,0.00104369898655054
"PEG10",21.9694838874753,1.46287026937715,0.38669982575549,3.78296076684069,0.000154973849450836,0.00104369898655054
"SLC45A2",1.15252408682393,-2.94785984800456,0.779279902005384,-3.78279978787929,0.000155074147478078,0.00104370761612971
"APLF",2.48658554645128,-1.18348435928636,0.312905481617578,-3.78224233454873,0.00015542194138999,0.0010456684338632
"KSR2",1.78376431476689,-2.31135807858755,0.611366481971483,-3.78064245709722,0.000156424182980358,0.00105202930906398
"PDE7B",2.27625790467716,-1.34241345561979,0.355302570208922,-3.7782261322524,0.000157949424987742,0.00106113139268152
"ETV7",3.21640579237883,1.22803820367283,0.325170167949459,3.77660168341058,0.000158982671763288,0.00106729867575195
"IFI44",21.3101149025047,1.05347922088668,0.27894261370217,3.77668799651921,0.000158927611829922,0.00106729867575195
"IFFO2",26.6378234684635,-1.14736604442177,0.304101657107734,-3.77296873464683,0.000161316509886054,0.00108139862327524
"MST1R",20.6015710758399,1.07969793547506,0.286268913009964,3.77162131969769,0.000162190267689439,0.00108646948938292
"NAPRT1",44.2302154195043,1.13369642764561,0.30060097864885,3.77143292327717,0.000162312791317608,0.00108689715140446
"CYP2U1",2.43971235181633,-1.10692560710465,0.293511518838202,-3.77131913420692,0.000162386836229899,0.00108693812277028
"RHOD",18.5795040766242,1.1302156329045,0.300016984458516,3.76717216508379,0.000165107143230984,0.00110401245737339
"GALNTL5",8.59166645786816,-1.90221333028938,0.505012707157327,-3.76666429048246,0.000165443227580949,0.00110586050568543
"HBA2",69.6454713636105,-2.2448623098808,0.596028798654846,-3.76636550943031,0.000165641245547685,0.00110678468615953
"TSGA10",7.15863802758075,-1.10602136119312,0.293666016209911,-3.76625588301829,0.000165713956653406,0.00110687122435427
"AC091150.1",1.47482833336263,-2.51663346979469,0.668250764449597,-3.76600163243735,0.000165882707166751,0.0011075989553506
"ACTC1",1.01288148732871,-2.60235196667614,0.691294231237249,-3.76446359463836,0.000166906981460357,0.00111363512629998
"KRT31",2.42069660887753,-4.08203219552002,1.08460715941486,-3.76360432446552,0.000167481810054851,0.00111626415467288
"SEC14L5",1.20064649683736,-2.07354363278566,0.551009213266066,-3.76317415909415,0.000167770278139472,0.00111738262916192
"MFI2",39.6208322194639,1.23741227838746,0.329048640316634,3.76057557082363,0.000169522850627286,0.00112802783531395
"GCGR",1.31382341331089,-2.56716227626469,0.682838171003581,-3.75954711566824,0.000170221219168237,0.00113207806873755
"GPATCH11",4.46394377815009,-1.31927054843657,0.35106776941701,-3.75787999743575,0.000171359020988405,0.0011392361043601
"AKR1E2",8.92628732052222,1.17724991425687,0.313323721638491,3.75729583480172,0.000171759399374892,0.00114110378691382
"C8orf4",9.23173994910231,-1.39687105350156,0.371776180453116,-3.75729034549516,0.000171763165852269,0.00114110378691382
"GNAI1",7.92651335940572,-1.12707726843158,0.300070532854018,-3.75604114709887,0.000172622324295561,0.00114557889308577
"FAM110C",2.74330689859471,-1.14413547581752,0.304689880960707,-3.7550819614028,0.000173284762863584,0.00114915158530587
"FABP3",8.85284976929907,-1.65831619414887,0.441770642563666,-3.75379446792886,0.000174177698266157,0.00115383380804212
"CYP4Z1",8.42823095509522,2.45188069910762,0.653215829347597,3.7535537091262,0.000174345154996235,0.00115453019693968
"FGF17",1.24966005881854,-2.13096849921061,0.567751186398321,-3.75334926683107,0.00017448747110095,0.00115505966394989
"TMEM190",1.75506574482908,1.50908986743969,0.402158841658785,3.75247218540601,0.000175099264547359,0.00115828163498078
"UBL4B",0.934543871272842,-2.60485788942429,0.695198138536167,-3.74692874596754,0.000179012908913598,0.00118064709326598
"FAM71D",1.11602002384183,-2.88263867020865,0.769494116106879,-3.74614777406337,0.000179570836380202,0.00118321274686379
"BEST2",1.1667403341259,-2.11290247243744,0.564104129019473,-3.74558944659755,0.000179970708149614,0.00118542583796129
"HECW1",5.33246378639638,-1.64169305112452,0.438337181693868,-3.74527445922,0.000180196670024534,0.00118649225815657
"FAM19A2",3.85472808051686,-1.40585911043944,0.375422876343434,-3.74473480181152,0.000180584423107362,0.00118862284463204
"RXRG",0.883833848729319,-3.25619525485862,0.869724730839184,-3.74393775340477,0.000181158551242996,0.00119095444963077
"SERPINB4",1.45452701102619,-3.41002226079669,0.910915368891564,-3.74351161178247,0.000181466212238553,0.00119146302129829
"THSD7A",2.5578034297005,-1.315958075047,0.351698323771053,-3.74172404615627,0.000182762139226833,0.00119827268770244
"SLC46A2",1.43234349872579,-1.81626397595282,0.485467189978814,-3.74127029270934,0.000183092477594436,0.00120001375442468
"DEPTOR",11.5668817347579,-1.01956334338811,0.272550695296614,-3.74082092242889,0.000183420178114482,0.00120065847864299
"BATF2",4.11574945491378,1.28590880535323,0.343752730595853,3.74079590036788,0.000183438441495495,0.00120065847864299
"CNTN2",2.86146054016108,-1.53802254907384,0.411421457599243,-3.738313888752,0.000185258559290047,0.00121035592069497
"SPTA1",2.16169207370133,-3.80644521303253,1.01846024971452,-3.73745093546802,0.000185895350876969,0.00121366009479846
"PRR15L",6.80485718362273,1.04661194797909,0.280157197350905,3.73580246331554,0.000187117516932055,0.00122118512146264
"RASD1",20.1568659375216,-1.18268234554582,0.316615151457374,-3.73539402679233,0.000187421494346619,0.00122233130925637
"IL12RB2",3.29661415127855,1.35541241643713,0.362938934606487,3.73454674381167,0.000188053562458686,0.00122559045878247
"BMPER",2.94750585127832,-1.42250029493008,0.380896387247433,-3.73461220047227,0.00018800466085138,0.00122559045878247
"ACTA1",1.69862978667111,2.20878448854717,0.591649628387416,3.73326438920847,0.000189014003526019,0.00123055092207695
"COL5A2",44.8333107157105,1.09200247165229,0.29297356817367,3.72730713715776,0.000193536555342234,0.00125470216242522
"GOLGA6L1",4.59051569134994,-1.76129123073737,0.472735515531158,-3.72574340804163,0.000194740427744864,0.00126074176955273
"FGF5",2.92533256840382,-1.6267277073972,0.437352033437926,-3.71949272673974,0.000199623295424759,0.00128874962630093
"PARP10",72.6085007134011,1.10384204145537,0.296963918153809,3.71709145110231,0.000201529509452027,0.00129969692690475
"GAS2",1.29566478007029,-2.19042793318794,0.589760671437673,-3.71409630935254,0.000203931124219195,0.00131381296792624
"TNFRSF10C",4.9246405278044,-1.53015482870982,0.412055389646308,-3.71346878880347,0.000204437687950835,0.00131637554043606
"GLI1",3.70267938274889,-1.317796133886,0.355117139608605,-3.71087730470688,0.000206542200474057,0.00132878591079558
"CLEC18C",4.44281963921503,-2.30338776198455,0.620820458795098,-3.7102317253768,0.000207069624507923,0.0013312542815466
"SLC13A2",3.00078324651457,-1.82735424442794,0.492570908253007,-3.70982982106878,0.00020739861006938,0.00133196568152666
"GSTP1",269.750730956543,1.29108764922665,0.348015012836805,3.70986193584722,0.000207372303938698,0.00133196568152666
"IGSF1",1.95979863622698,-1.83838123597865,0.495554581293707,-3.70974521349259,0.000207467929554283,0.00133196568152666
"ZBED6CL",4.1907080717628,1.06353736118574,0.286676839700858,3.70988239683233,0.000207355545396861,0.00133196568152666
"SLC19A3",8.85056750582804,-1.01720565107659,0.274232703383219,-3.70927915790964,0.00020785016188435,0.00133352371867603
"TTC33",4.35792422875885,-1.29334264005209,0.348830961583289,-3.70764863927735,0.000209192631935592,0.00134071485422527
"SIGLEC1",16.5189727796901,1.05663495183706,0.285315770592059,3.70338782761443,0.000212739271453733,0.00136203138121882
"P2RY6",8.81097598504181,1.13294356691266,0.305972716658005,3.70276009994377,0.000213266530602693,0.001364463792685
"DHRS9",1.9223620408282,-1.61296127290531,0.436019554546681,-3.69928654824269,0.000216206388078418,0.00138136416695014
"CYSLTR2",1.06197013328661,-2.80461534876072,0.75848441721565,-3.69765717673711,0.000217598487010224,0.00138738697982905
"TJP3",13.8431408038866,1.07361565624904,0.2903607390159,3.69752350089675,0.000217713069448206,0.00138763987347546
"LPPR4",0.87693314022278,-2.08804302346351,0.564736941445238,-3.69737283011791,0.000217842287287138,0.0013879858428388
"CSTA",8.79936045602326,-1.89010610945298,0.511316348802873,-3.69654933560841,0.000218549803498251,0.00139201494511506
"IGLON5",1.61651622011347,-2.46453955084311,0.667002675384506,-3.6949470246463,0.000219932637355765,0.0013984182317554
"CPB1",2.1242540932157,-2.14488148523365,0.58089576572588,-3.6923689442863,0.000222174838080725,0.00141170578076542
"METTL7B",1.08048053929584,-2.21789283548631,0.60073778082493,-3.69194831135927,0.000222542699724332,0.00141355825936011
"AL354993.1",1.78063036300788,-2.46218400649646,0.667346108554741,-3.68951579238061,0.000224681281389373,0.00142469931321259
"CCDC171",5.32622331072944,-1.13079878094764,0.306677598741569,-3.68725588561993,0.000226685381457006,0.00143642375482267
"C17orf50",0.861509957874568,-2.34572532901825,0.636320090988025,-3.68639205682788,0.000227455853532687,0.00144032045098545
"GSDMA",13.9497145291421,-1.1851508427776,0.321808322051503,-3.68278494236058,0.000230699774180863,0.00145725385683185
"POTEG",1.34922612160145,-2.84191823251254,0.772113070784926,-3.68070214071556,0.000232592583949197,0.00146782958770256
"LRRD1",4.15452963669469,-1.48153184087573,0.402557050506098,-3.68030280183427,0.000232957156353625,0.00146962958105649
"ARHGAP11A",5.09069306622286,1.10591981926331,0.300594774243063,3.67910527402935,0.000234053645117369,0.00147554173412659
"PRIMA1",3.33543213828542,-1.13476095286717,0.308471548834829,-3.67865677451758,0.000234465548506291,0.00147663070024941
"EPHX3",3.04307957367152,-2.01928016099727,0.549145834934965,-3.6771291568412,0.000235873627357603,0.00148499365258923
"C12orf79",2.1429500669464,-1.45925410906356,0.396888776289372,-3.67673312081675,0.000236239965900424,0.00148679464777698
"AL353791.1",1.05887292448328,-2.08804810746896,0.568132147862893,-3.67528596176689,0.000237583151764938,0.00149474019598852
"NOXO1",2.94930460360268,1.65997537526888,0.45176954829156,3.67438527352352,0.00023842274298163,0.00149747916090395
"TIMM23B",17.62444306824,-1.19981431801611,0.32668415706045,-3.67270432950347,0.000239997113065176,0.00150583554478089
"ZNF366",2.98666181263498,-1.03733183444424,0.282471055458246,-3.67234735878123,0.000240332704590705,0.00150743052977617
"CLIC3",13.1700494656942,1.30787501632364,0.356153718341273,3.67222058614142,0.000240451990640906,0.0015076681688053
"KPRP",4.28685180129358,-4.52042997327738,1.23104150482888,-3.67203701544224,0.000240624818982022,0.00150824125116244
"BEX5",1.05068928138662,-1.79395957994163,0.488578631977314,-3.67179295721825,0.000240854775662084,0.00150917190622907
"CRHBP",1.47441739806166,-2.0407026201562,0.555857536535327,-3.67126914006769,0.000241349023270168,0.00151124631812375
"DEFB124",1.04230117430939,-2.76333462313731,0.75307627763135,-3.66939539222883,0.000243124798178705,0.0015208232056285
"FUT3",8.25122721306102,1.72057031843598,0.469336974941057,3.66595944982189,0.000246412972395457,0.00154035135832219
"CTNNA3",1.20780574330467,-2.14615624607633,0.585458819826596,-3.66576806667971,0.00024659734574898,0.00154098381847591
"EGF",6.97657332691996,-1.88437317316073,0.514303252801001,-3.66393399788558,0.000248370812075121,0.00155049685920303
"RSRC2",29.284520514033,-1.04705576368404,0.285793826116138,-3.66367523719198,0.000248621983455103,0.00155154190618444
"ATP1B2",4.73367131684355,-1.11565953561952,0.304634598189312,-3.6622876792419,0.000249972914033693,0.0015578729184832
"HAS2",1.56748217211847,-1.67967147566597,0.458745204658014,-3.66144748459689,0.000250794273442178,0.00156182019427116
"BCAS1",2.80523580134113,-1.36833696271087,0.374090756520837,-3.65776737024148,0.000254421801660282,0.00158078138496725
"CLEC4E",2.16714635328379,-2.44631020906612,0.668829274178392,-3.65760038250603,0.000254587564591152,0.00158078138496725
"P2RY1",2.42870554399268,-1.47198519496411,0.402439737262491,-3.65765370233309,0.000254534624845676,0.00158078138496725
"HMGN4",15.7406267860366,1.00155105707945,0.27400802980218,3.65518871035464,0.000256992869628008,0.00159357948819885
"SERPINA6",2.38335718599916,-3.63486609861689,0.994853922669385,-3.65366815749577,0.000258520343823901,0.00160251466141443
"ADAMTS18",3.07828495772836,-1.66240002197893,0.455142999369945,-3.65247850517352,0.000259721342415643,0.00160942077759202
"SLCO1C1",0.951035117263171,-2.88286180577089,0.790027762350525,-3.64906392301161,0.000263197612201844,0.00162739857918854
"EFCAB6",2.81747269440235,-1.05102800492514,0.288029823264227,-3.64902492739777,0.000263237563073581,0.00162739857918854
"PITX2",2.00507734885314,-2.28022731863495,0.625117175155159,-3.64767984189361,0.000264619083810895,0.00163539361706553
"SAMD13",2.9373244380886,1.32654618843957,0.363797008974006,3.64639113493744,0.000265949072192789,0.00164196957171828
"PDZD4",4.34621062207001,-1.07182547674217,0.294034095928941,-3.64524213886132,0.000267140156067155,0.00164603126103654
"ST14",52.5347888591982,1.01807144711412,0.279298982716827,3.64509543576216,0.000267292592397678,0.00164642281223472
"CYP4B1",10.2195395138006,-1.44781430092901,0.397207857783036,-3.64497900169901,0.000267413634798169,0.00164662079246399
"CTD-2021H9.3",24.5506737512603,-1.02026340850954,0.279947349317583,-3.64448318941615,0.00026792964630527,0.00164924988662885
"LCE2A",1.15134130836186,-3.65345310255295,1.00250778605719,-3.64431394285903,0.000268106001489952,0.00164978716265678
"HLA-C",527.186238295443,1.10058342257743,0.302014815008831,3.6441372008365,0.000268290283104725,0.00165002300970794
"MYOM1",2.66195020602261,-1.20312501477469,0.330201957607997,-3.64360351916202,0.000268847451777531,0.00165270245662908
"HLA-B",687.337213471181,1.10984318681251,0.304623512012858,3.64332739609956,0.000269136152427974,0.00165392827314895
"DSG1",21.4320586991141,-3.18322345516755,0.87449360407385,-3.64007631426739,0.000272557248326263,0.00167217799055947
"CP",16.2363540248812,1.38254107294511,0.379910049197997,3.6391274088793,0.000273563434732174,0.0016766849563565
"CYP2E1",4.01204805730514,-1.05982957060371,0.291296989271972,-3.63831282037107,0.000274429972171991,0.0016803279155602
"ADAM23",1.56190913294337,-1.60168760780931,0.440317042907778,-3.63757804429291,0.000275213813423469,0.00168234661789752
"NFIL3",10.9766753215377,-1.06394384481719,0.292486217556604,-3.63758625519264,0.000275205042654486,0.00168234661789752
"CARD18",1.23918273557413,-3.63352859971274,0.99884829235223,-3.6377181875698,0.000275064150238724,0.00168234661789752
"KRT86",5.91277348861306,1.67214762040424,0.459950894638522,3.63549161420457,0.000277451019668214,0.00169378635013008
"RPGRIP1",1.87744018558546,-2.35726385243112,0.648529283939748,-3.63478398093449,0.000278213652544207,0.0016973232122608
"OTOP1",1.84246952775792,-2.17905758578929,0.599516058338285,-3.63469427629531,0.000278310469500817,0.00169735479621144
"CPA1",0.768563047698236,-2.93016571234873,0.806732515086307,-3.63214034088517,0.000281080177892425,0.00171199179708106
"LRRTM1",1.54335611179584,-3.8516989554844,1.06089906291017,-3.63059888555161,0.000282764342216946,0.00172111769521599
"APOLD1",12.249453981195,-1.26801582595898,0.349277714298871,-3.6303943081635,0.000282988568897644,0.00172142324186836
"CDKN2B",15.569145368292,1.00187879091182,0.276034296844266,3.62954459777533,0.000283921676710792,0.00172589343486619
"CADM2",2.46457634099415,-1.64635496242454,0.453657241891334,-3.62907237093967,0.000284441497157051,0.00172848602701539
"RP11-248J23.6",0.976290437555472,-2.0471677440705,0.564200712777086,-3.62843877667934,0.000285140349447426,0.00173121701404246
"SLC22A11",1.22619455685908,-2.5790045955982,0.711362233408436,-3.62544492029202,0.000288464377105142,0.00175006131436012
"CCL4L1",5.92889207443277,1.32366239550796,0.365236405613348,3.62412501920533,0.00028994134101502,0.00175787021874966
"ZSWIM5",2.06009031570759,-1.23390928251539,0.340487641435434,-3.62394734009567,0.000290140703359433,0.0017585033074684
"CIB1",27.9547232942515,1.00950562157613,0.27860548108485,3.62342340734022,0.000290729322625951,0.00176149444346675
"TMEM238",10.6271952248466,1.11941062725116,0.309043918994855,3.62217328492328,0.000292138311402809,0.00176945251922918
"CRCT1",2.17902656994467,-4.57198807132,1.26241011138805,-3.62163454655239,0.000292747483088021,0.00177256256350321
"CD8B",4.1135896852339,1.42878006028801,0.394682970298354,3.62007020269446,0.000294523096021149,0.0017809849116891
"ARR3",1.898285914553,-1.78161090099929,0.492391268007456,-3.61828289158919,0.000296564133836713,0.00179092310953147
"PPAPDC1A",2.60148449644642,1.54573239880845,0.427211186293251,3.61819270749951,0.000296667470740976,0.00179092310953147
"EMX1",1.34348676105683,-2.2455245083758,0.620769941300795,-3.61732158562704,0.000297667378278596,0.00179589419559484
"RAB40AL",2.14066399563563,-1.30165431451199,0.359886498659187,-3.61684675407804,0.000298213736695394,0.00179860463401892
"SLC38A11",1.18737907852471,-2.23607073300145,0.618350215455303,-3.61618816831007,0.000298973084286053,0.00180259748279501
"EDA",4.38469260117664,-1.04310665486817,0.288485001496958,-3.61580896564971,0.00029941112504655,0.00180347735223161
"HIPK4",0.830967305462883,-1.91293247669959,0.529178096537852,-3.61491242592041,0.000300449165938987,0.00180855360790443
"AREG",14.7720631938443,-1.77866028397359,0.492572671131402,-3.61096014500387,0.000305065543543913,0.00183242594917419
"SLC16A6",2.80906129778471,-1.32555499638975,0.367179122447933,-3.61010448402529,0.000306073687993033,0.00183763269011571
"STAB2",3.34636159416687,-1.22477841241772,0.339288939284436,-3.60983890309184,0.000306387230762301,0.00183891908236531
"POTEI",5.03329588804838,-1.4249954451179,0.394929807073034,-3.60822459990815,0.000308299543828436,0.00184979726297061
"QRICH2",5.71380449821986,1.15564688647205,0.320529490770361,3.60543076299958,0.000311635571426773,0.00186799807571738
"HEPN1",0.906208612406051,-3.04646672735802,0.845011330386981,-3.60523772617683,0.000311867314056106,0.00186878239758887
"CBY3",3.66211575141756,1.22553603461736,0.339941994430613,3.60513280117119,0.000311993345244355,0.00186893296915134
"C16orf45",11.8663894476891,-1.00304871665575,0.278271813270825,-3.60456456177092,0.0003126767176008,0.00187149509692657
"C9orf84",1.21063362518027,-1.96621767023842,0.545731210983521,-3.60290492950713,0.000314680645679191,0.00188137989647191
"TNFSF13B",9.88741519575477,1.06848830632127,0.296674625551912,3.60154935506713,0.000316326352477285,0.00188999893567235
"SEC61G",17.1073781240512,1.12899650814773,0.313521289921537,3.60102023192837,0.000316970906838582,0.00189323932165889
"REXO1L1P",37.4334911699757,-6.08401756437347,1.68961424375776,-3.60083231237588,0.000317200117819655,0.001893997608722
"TEX38",2.59387907413423,-1.48359287234192,0.412230088750334,-3.59894367934034,0.000319512370459546,0.00190412101854946
"CDC7",4.86395409716505,1.1181766872185,0.310774484565943,3.59803247290475,0.000320633593756432,0.00190928814647077
"LMO4",35.8685314172459,1.07766702847438,0.299535292127405,3.59779650945438,0.000320924542331288,0.00190946494476714
"SLC39A2",1.56776543081083,-2.62433796595765,0.729982067679143,-3.59507182731392,0.000324302090423732,0.00192646674753956
"BAZ1A",16.1750824123657,-1.12163298741683,0.312103292921515,-3.59378773904473,0.000325905369509371,0.00193412984750162
"GGT1",25.8933779353407,1.19635695096921,0.33324384581769,3.59003464275138,0.000330634016378722,0.00196030833910585
"TPM2",157.401659660047,-1.26573348135279,0.352630194769267,-3.58940754401645,0.000331430350905376,0.0019644009470302
"CAMK2B",2.91100855334856,-1.19607861062161,0.333260367212828,-3.58902146278247,0.000331921516544989,0.00196668276693739
"OTUB2",2.22451222413034,-1.21441394582131,0.338620561281816,-3.58635618943003,0.000335330855805556,0.00198307730243631
"GRIK4",1.15406570963309,-2.46525850437214,0.68810814890094,-3.58266140040588,0.000340111343027985,0.00200750232490896
"SYNC",3.07930974925883,-1.08208436549679,0.30202924638266,-3.58271385455776,0.000340043031529833,0.00200750232490896
"S1PR1",12.691263211964,-1.01709020795315,0.283985657180381,-3.58148442443037,0.000341647509256765,0.00201592709985785
"SLC6A13",1.45942424149067,-2.86000269923363,0.798794373942824,-3.58039915218324,0.000343069735378559,0.00202367440722346
"BMP2",2.31442673019716,-1.26916217849603,0.354501247866576,-3.58013458664525,0.000343417281553599,0.00202507955712696
"ACSL1",35.3188958595621,-1.23267508126826,0.344463410479661,-3.57853706305635,0.000345522875068286,0.00203554995977033
"PTPRCAP",21.3682788181823,1.08912827444012,0.304348123660988,3.57856083138957,0.000345491459241591,0.00203554995977033
"SPRR1A",15.212472489384,-4.55593269734696,1.27347487643796,-3.57755993592145,0.000346816709653738,0.00204122627779045
"SCGB1D2",15.1189070119299,-2.6771958737021,0.748520580015452,-3.57664965423774,0.000348026108955202,0.00204704337569649
"IGFL3",1.35368927691601,-2.37156896069959,0.663271971313561,-3.57556034819755,0.000349478544527618,0.00205297862408517
"RBFOX3",10.1983213258577,-1.10587425434487,0.309425149302743,-3.57396370927458,0.000351617685092186,0.00206488990592183
"NLRP3",4.02766317464767,-1.14681671762366,0.320905106010757,-3.57369420474481,0.000351979966925229,0.00206636226541651
"PDLIM4",49.0571150880061,-1.15395479209146,0.32293708669751,-3.5733114579446,0.000352495074844081,0.00206742044846804
"AGT",4.56111372848376,2.05092065252719,0.573944783652403,3.57337623921901,0.000352407841435385,0.00206742044846804
"SSTR1",0.58198864671475,-2.66390031640465,0.746144486442712,-3.57022046642059,0.000356680902633824,0.00208932437652868
"KBTBD11",1.33573854779425,-1.614478083636,0.452226139457535,-3.57006803183167,0.000356888527834992,0.00208933738605631
"CCDC80",76.7761716700523,-1.08981754687798,0.305274264604331,-3.56996207423677,0.000357032915118521,0.00208940399804905
"GLIS1",1.69299884246758,-1.34514729732678,0.376829468266612,-3.56964465521861,0.000357465785645384,0.00209127646295761
"ABCG4",0.899574205354156,-3.04470722241438,0.853114432999323,-3.56893179231536,0.00035843972017479,0.00209565040943102
"TMEFF2",1.19582055102471,-3.3578370186938,0.941041359577186,-3.56821406893581,0.000359422801675779,0.00210007228158952
"ACSL6",19.9437531699892,-1.52730663244561,0.428448309436847,-3.56473954688515,0.000364217680041006,0.00212473696684079
"CD300E",3.1328071663355,-1.73474482592521,0.486774732999156,-3.56375281690765,0.000365590243490599,0.00213140147621431
"ABCC11",18.6162906494524,2.57955870349999,0.723907549001437,3.56338141114601,0.000366108128831213,0.00213302398343788
"TNNT3",5.89614742907834,-1.53199829105806,0.42993088139013,-3.56335950119361,0.000366138701315674,0.00213302398343788
"AC144568.2",3.17339839865337,-3.35705341814883,0.942139573067589,-3.56322302354664,0.000366329191842992,0.00213302398343788
"TPH1",2.1378446245077,-1.5396245992641,0.432306251996259,-3.56142108089943,0.000368852981584218,0.00214569564224337
"CCDC74B",5.27912303588192,-1.14462122012886,0.321418000347129,-3.56116091473619,0.000369218708780454,0.00214714879875402
"SLC18A1",1.60758566232948,-1.96555232889216,0.552735391617306,-3.55604572947816,0.000376478575405286,0.00218319855155188
"ODF3L1",1.08775228389486,-1.73173192744936,0.486979566129389,-3.55606692332804,0.000376448222062038,0.00218319855155188
"MAPK10",8.12742435327083,-1.10227946467153,0.310015687394585,-3.55556028127236,0.000377174449770307,0.00218586519356872
"REXO1L11P",17.6126554192012,-5.86779542489513,1.65109157460507,-3.55388853964606,0.000379580047567898,0.0021972120131086
"REXO1L10P",17.6126554192012,-5.86779542489513,1.65109157460507,-3.55388853964606,0.000379580047567898,0.0021972120131086
"ST6GALNAC5",10.8740664006991,1.36375456523862,0.3837603873674,3.5536616340055,0.000379907662692276,0.00219826608197011
"AC069368.3",1.13572606404824,-2.27106260068836,0.639595510972334,-3.55077945627826,0.0003840921270749,0.00222109097024081
"LYPD6",2.26372935008609,-1.32748690488857,0.373952282609819,-3.5498831445125,0.000385402184758917,0.00222797105683666
"PHF21B",2.73490694625971,-1.6243947936196,0.457652701550103,-3.54940501414645,0.000386102731381351,0.00222993289387134
"HIST1H1C",92.3307495740675,1.031266491576,0.290544198332623,3.54943068040677,0.000386065095506998,0.00222993289387134
"TMEM123",60.3370060273364,1.00776479126004,0.28396467082897,3.54890905378512,0.000386830659442473,0.00223274461645169
"SLC38A4",1.44020904311035,-1.66122642991311,0.46829066077252,-3.54742592383256,0.00038901512982587,0.00224325598836699
"SOD3",37.7887586467215,-1.0315382179198,0.290828109980896,-3.54689998153054,0.000389792543857852,0.00224564152327687
"FKSG68",7.3597259035993,-1.35993788192467,0.383498003449052,-3.54614070919236,0.000390917412392001,0.00225072188757372
"PROX1",5.79520628845607,-1.03505048875323,0.291935005135995,-3.54548262641905,0.000391894820873205,0.00225354730587193
"KHK",3.68999984352957,1.00620692376393,0.283907691830559,3.54413407145183,0.000393904882359703,0.0022637003509359
"EDN3",2.65754047511001,-1.65411569186964,0.46674689074943,-3.54392439382664,0.000394218277110232,0.00226479867513515
"VEGFA",116.579006594246,1.14833244023069,0.324238328600043,3.54163076644524,0.00039766169496607,0.00228290917825821
"CYBA",107.37125824355,1.04035270162486,0.293792976022156,3.5411081493875,0.00039845022006068,0.00228556673148464
"OSGIN1",4.25819906856369,-1.00487607040826,0.283829691229219,-3.54041913675878,0.000399492035584743,0.00229083327650174
"RABAC1",57.279413532159,1.0057518597075,0.284187529750423,3.53904290097022,0.000401580583560477,0.00230067292567496
"CD248",39.5355488277091,-1.02077594768672,0.288633600821496,-3.53658044240668,0.000405343037510085,0.00232079250100828
"PYGM",6.2950567147879,-1.13907879786714,0.32216327241532,-3.53571898288481,0.000406667040448938,0.00232765356093796
"GHRHR",2.58137012790609,-3.32654193464356,0.940902259826081,-3.53548086414251,0.000407033724290782,0.0023290326355619
"ZC4H2",3.84280747427957,-1.04419943113617,0.295532980063229,-3.53327547711516,0.000410444551157515,0.00234637468411713
"KLF5",25.4308284709017,-1.11079587990762,0.314453221037982,-3.53246780631147,0.000411700350750177,0.00235210175712362
"NDUFA11",72.0761636134344,1.01509646845688,0.28738844633449,3.532140840747,0.00041220974991264,0.0023542858427018
"AC009060.1",319.15212517119,-1.02642913668631,0.290728394037202,-3.53054313833195,0.000414707383277406,0.00236563293904038
"LURAP1",2.33860122808665,-1.0137050986476,0.287412161234877,-3.52700837115652,0.000420283475203341,0.0023930189141458
"HEPACAM",1.37649483781575,-2.50765115027262,0.711431749927865,-3.5247951058227,0.000423810461184786,0.00241154712634418
"DNAJB1",88.0705022161422,-1.07612331214146,0.305440732386317,-3.52318207114693,0.00042639832997214,0.00242472627131136
"MGAM",1.84031539575316,-2.25756411839155,0.640786440238224,-3.52311468630993,0.00042650675909364,0.00242472627131136
"MAS1L",0.945542297209641,-2.74861897599841,0.780246550324456,-3.52275697323549,0.000427082787371997,0.00242674465980635
"GPC2",11.214603877859,1.04348685646892,0.296215268094774,3.52273150260119,0.000427123830632151,0.00242674465980635
"SLC7A10",2.80313838835841,-2.0367675745814,0.578360436835824,-3.52162327306556,0.000428913196804196,0.00243377120692318
"SLC6A14",4.60913148475491,1.43036463453203,0.406188707984143,3.52142884924281,0.00042922783754234,0.00243395769906682
"CALML3",50.1327417364507,-2.35695075741129,0.669326618292643,-3.5213761009887,0.000429313238465138,0.00243395769906682
"SNTG2",4.32362921798871,-1.30670745423727,0.371212421423165,-3.52010702989833,0.000431372689199959,0.00244338989277114
"DNAJC28",1.19894871142911,-2.66145910462662,0.756249048346124,-3.51928919507018,0.000432704756315463,0.00244943688767574
"AMPH",3.46889021308373,-1.12537664218072,0.319889067233957,-3.51802158139295,0.000434777002135514,0.00246041540896853
"CCDC141",4.11621466040259,-1.29705074710855,0.368722545306474,-3.51768765869869,0.000435324425745705,0.00246276084717836
"PDZK1IP1",28.2851916788653,1.31380718722366,0.373500612403931,3.51755028932272,0.000435549812037996,0.00246328354765428
"CST6",33.1594971599213,-2.67147157022948,0.75950933667807,-3.51736501609568,0.000435853968246068,0.00246425128200661
"RASSF9",1.18717091436606,-1.65718501591736,0.471168634290631,-3.51718025206059,0.000436157485990947,0.00246521481706571
"BMX",0.969830286440823,-2.53611389200201,0.721427106471062,-3.51541253337109,0.00043907136470341,0.00247865888967893
"C1QTNF9",0.9573770954462,-1.89358650982643,0.538863753302945,-3.51403578032436,0.000441353358962644,0.00249002342817731
"SPDYA",3.91232650599613,-1.04464411620741,0.297353102669391,-3.51314348775736,0.00044283825837509,0.00249764014056742
"CALN1",0.768985512466033,-2.69529196559439,0.768083051391913,-3.50911527172746,0.000449599999569872,0.00252855291375774
"ZNF285",3.93480602960386,-1.43378468768573,0.408613960592514,-3.50889794760477,0.000449967524130246,0.00252937738450392
"PRPH",2.38822116654454,-1.56443428877877,0.445910267451659,-3.50840606949775,0.000450800392422922,0.00253329031203197
"ASIC2",1.17902037087314,-3.33133415928535,0.949808720465971,-3.50737373484107,0.000452553064526478,0.00254159728961778
"GOLGA8S",1.83798558669451,-1.4123138679547,0.402758274181923,-3.50660423010146,0.000453863645037354,0.00254818503588417
"CREB3L4",26.6849084735906,1.03962181164177,0.296591304656078,3.50523361717328,0.000456206778436823,0.00255901331017772
"MARK1",3.35730135974287,-1.08301765645004,0.309156664430332,-3.50313540368171,0.00045981565931482,0.00257847582253378
"HOXD4",2.86870988986605,-1.10498444548565,0.315674825230201,-3.50038823868788,0.000464580999896592,0.00260234113477888
"COLCA2",2.01584378762929,-1.24139556956212,0.354663759477427,-3.50020416912974,0.00046490193563276,0.00260234113477888
"MYOZ3",3.64558182051687,-1.46401813600949,0.418314794465594,-3.49980004383972,0.000465607276780924,0.0026054314140593
"ITPRIPL1",2.65587584941217,-1.13263127449673,0.323637168231002,-3.49969467563842,0.000465791345476914,0.00260567420746705
"TNF",2.75095146757522,1.10670322980616,0.316367698309788,3.49815494982195,0.000468488863160399,0.00261918222863173
"C2orf40",7.55145581673289,-1.56903038105795,0.44868026585448,-3.4969899513406,0.000470539556235636,0.0026298532470116
"GREB1L",4.59275793352688,-1.10967015604776,0.317396501633207,-3.49616378988995,0.000471998881638077,0.00263721366084478
"MICALCL",4.69455313114868,-1.08316205020005,0.309828581496808,-3.4960042903957,0.000472281106146042,0.00263799476720054
"RAB44",0.760262130489956,-2.1406709629655,0.612419885004499,-3.49543020300487,0.000473298221870428,0.00264208247904884
"NPW",3.74426605141656,1.8517653942698,0.529791563429912,3.49527157865884,0.000473579618119859,0.00264285679024285
"MYH2",1.39762736818189,-2.44414338209652,0.699296849718548,-3.4951442768264,0.000473805561763776,0.0026433212695749
"SLC5A10",2.27724978060872,-1.57072421139257,0.449481194357808,-3.49452709281136,0.000474902406695251,0.00264704856358996
"CGB7",2.08926777521917,-1.24900881333848,0.357709818542208,-3.49168166093015,0.000479989941902451,0.00267460099395824
"SLITRK5",1.72850776054403,-1.72264446588437,0.493421394886214,-3.49122369588701,0.000480813501549,0.00267838426336559
"MN1",7.95035681710328,-1.25034232833768,0.358243982532325,-3.49019771246222,0.000482663316112714,0.00268707241990974
"CACNA1A",3.19304571242122,-1.30599975601354,0.374231585814031,-3.48981701577305,0.000483351386582501,0.00269009446582965
"COL20A1",1.22135734344997,-2.55832128873274,0.73380135632509,-3.48639487605328,0.000489577758677053,0.0027199894737701
"RBFOX1",1.3124989881478,-3.24855233937256,0.931842822757415,-3.48615910326999,0.000490009475075005,0.00272142593623366
"CDC25A",2.57278971486363,1.18662614081995,0.340439567774227,3.48557057740979,0.000491088656521679,0.00272660194727054
"KIN",6.36738511768904,-1.05128884028676,0.301844553015681,-3.48288160174996,0.000496047695096954,0.00275166079921706
"MROH8",1.75634696230698,-1.27392933141069,0.365786336016318,-3.48271437715447,0.000496357629543917,0.00275255569293785
"XG",4.29083751253087,-1.33908558696748,0.384540339672444,-3.48230198191465,0.000497122735710752,0.00275597345430546
"CD164L2",2.59380317294979,-1.30837570633184,0.37616332053863,-3.47821181623549,0.000504770880505925,0.00279252277441181
"CNTN3",1.34352698483418,-1.72812964830191,0.497059180978182,-3.47670803484819,0.000507610255812292,0.0028054119775667
"OLFML3",24.5011941432658,-1.04955793225323,0.301887094953487,-3.47665716686214,0.000507706562401662,0.0028054119775667
"PDE1C",8.53389340498816,-1.23483691156648,0.355275879473932,-3.47571277114266,0.000509497650591751,0.00281363013841992
"FOXI2",0.594345562700833,-2.43240442364752,0.699846824675139,-3.47562400497654,0.000509666302035712,0.00281372257714023
"CXCR4",34.6244890259956,1.0839009856278,0.312075497814888,3.47320117477065,0.000514289707630906,0.00283502201331537
"BSN",1.2963825960202,-1.54479481897959,0.444981902965111,-3.47159021228941,0.00051738546013073,0.00285039068784693
"NPM3",13.2856454121859,1.11036238278309,0.319890165378657,3.4710738339478,0.000518381443698005,0.00285367250092058
"PAPSS2",9.40042978571569,1.02586605069285,0.29557832086623,3.47070802651024,0.000519088089201887,0.00285637242667776
"VOPP1",40.9791778116564,1.05641251545515,0.304499305123399,3.46934294325249,0.000521733011722771,0.00286922174677232
"CKMT1B",13.6195327375528,-1.73337509130612,0.499620503312236,-3.46938342164643,0.000521654402279946,0.00286922174677232
"LRCH2",0.50023733209095,-2.44114106435756,0.704657747032025,-3.46429323262179,0.000531626657861969,0.00292102905871237
"SALL1",1.67864729344636,-2.29747797647421,0.664158264378649,-3.4592326854859,0.000541716698493535,0.0029718267563272
"C8orf88",1.39918002262472,-1.51548633062285,0.438116503354281,-3.45909437106358,0.00054199496722132,0.0029718267563272
"ST6GALNAC3",1.07107644031924,-1.83635012492893,0.531094847987244,-3.45766887381486,0.000544870631872189,0.00298494346156069
"ACKR3",17.0925692110843,-1.08410640438634,0.313574732032528,-3.45725051683655,0.000545717280120367,0.00298781420703206
"CYTL1",1.24688372034501,-1.74213072947836,0.503963928641776,-3.45685599795515,0.000546516808785829,0.0029913074268118
"AC087477.1",1.72618399269762,-1.57680967496975,0.456320158289202,-3.45548984923523,0.000549293874207299,0.00300473158241807
"CCL28",21.7355899623936,-1.18941107729034,0.344410183179395,-3.45347244471806,0.000553418839375852,0.00302550877890187
"TP53TG3C",3.44180022680181,-5.23187033378784,1.51507903176937,-3.45319961802775,0.000553978894854017,0.00302767692253942
"RPGR",5.61899458981288,-1.12736124609346,0.326518273877628,-3.45267427977392,0.000555058790415967,0.00303268404604264
"PSG9",3.02929677140668,-2.86614718087637,0.830195394039045,-3.45237663501368,0.000555671504646469,0.00303513642260746
"UBE2QL1",1.36466858357843,-1.8036592767685,0.522633414017783,-3.45109828111206,0.000558310219935478,0.00304595637515314
"PTPRN2",1.30997241223942,-1.45198395171359,0.420953529736727,-3.44927373009959,0.000562096589412403,0.00306480807450589
"FAM131B",1.86298713182338,-1.38213361864473,0.400718280926583,-3.44914041717491,0.000562374180298725,0.00306541923704914
"NPY1R",5.21123040436153,-1.19392638499776,0.34617602480514,-3.44889969104536,0.000562875755817178,0.00306725058818646
"CDNF",1.57871518902113,-1.35777165717607,0.393801688279447,-3.44785636422305,0.000565054444959004,0.00307640753366569
"MT1A",4.55112993308118,-2.27579502226072,0.660168879386113,-3.4472921904119,0.000566235829360901,0.00308102821134624
"IGFBP4",307.113004291287,-1.09022175069545,0.316447535629019,-3.44518957472163,0.000570659014056476,0.00310145136688793
"FMO2",11.3629310340876,-1.11984833524664,0.325090878486079,-3.44472395061247,0.000571642869670046,0.00310588713171857
"ANKK1",1.69379397574942,-1.35238317294744,0.392722926943041,-3.44360637020712,0.00057401074640587,0.00311692378919071
"PRSS8",41.3034901494454,1.01901404765042,0.295936289010274,3.44335617324391,0.000574542101635971,0.00311798089847684
"DUOX2",13.7150231948115,-1.46662763529779,0.42592887504548,-3.44336278009136,0.000574528064473322,0.00311798089847684
"LCE2D",1.07476969869755,-3.55209083578222,1.032902012274,-3.43894270082994,0.000583990826302816,0.00316184685319519
"CCDC144NL",3.27510698398694,-2.2793363379497,0.662800621122612,-3.43894719665334,0.000583981128090422,0.00316184685319519
"EVPLL",1.24560618570504,-2.47937074561894,0.721442434506034,-3.43668548872724,0.00058887897585322,0.00318551880571067
"OR2L5",1.01975031790433,-2.75831900486819,0.802646570166186,-3.43652998392192,0.000589217130797026,0.0031864174296708
"ADRA2B",1.37598113323941,-1.83575452110948,0.534396861413126,-3.43518956352986,0.000592139462520559,0.003199418647843
"VTCN1",24.7509750989722,1.38991970951834,0.404792675825358,3.43365824661808,0.000595494487759106,0.00321660802049407
"PCDH9",1.58302616634067,-1.60460738053969,0.467396773507412,-3.43307329337875,0.000596780749912911,0.00322167678516087
"COL19A1",3.86386428100777,-1.1908248618808,0.346914409327999,-3.43261862252285,0.000597782317959299,0.00322614338381181
"IGFBP5",128.800188981635,-1.07752937103287,0.314031937072393,-3.43127320449726,0.000600755233476996,0.00323558837873246
"FA2H",3.89510683623441,-1.47264505388824,0.429281111364379,-3.43049115114278,0.000602489623238824,0.00324398627954346
"TNFRSF12A",58.1396059034182,1.17003372758643,0.341200486490382,3.42916781749493,0.000605435049683861,0.00325700493472102
"GLRA3",1.00532111777456,-3.08816718586752,0.901187021760704,-3.42677725188938,0.000610789877930953,0.00328485775814085
"CDC25B",35.6386604143136,1.0055579338794,0.293574784105013,3.42521901853705,0.000614303987304944,0.00330096000840073
"RP11-1035H13.3",17.9212180496981,1.34650246806625,0.39323448499847,3.42417188581893,0.000616676027983917,0.00331266629649597
"AQP9",2.70049337348679,-1.57968894449948,0.461462895852027,-3.42321984865718,0.000618840045436858,0.00332236386132797
"FAM107A",7.5398097984807,-1.16953658090243,0.341709956890398,-3.4226002412846,0.000620252230560969,0.00332801616872835
"SLC6A1",2.35308912994961,-1.35643657908751,0.396423889897609,-3.42168222868169,0.000622350042413612,0.00333540725856045
"SLC45A1",1.97424192297504,-1.19803691628354,0.350234181849414,-3.42067387585444,0.000624661903540118,0.00334586112705901
"TYR",0.867791502303135,-3.1114816969682,0.909673180700382,-3.42043907964022,0.000625201368917149,0.0033468149581166
"P2RY14",1.76615453378594,-1.54695980513407,0.452430945209749,-3.41921749940621,0.000628015059850301,0.00335946478184525
"SIK1",47.9001611021619,-1.09761542901664,0.321108140992308,-3.41821115349092,0.000630341842367005,0.00337043637538154
"MYZAP",1.16834729436078,-2.68931465132659,0.786825374282208,-3.41793076231171,0.000630991564719407,0.00337293672777283
"GSG1",3.01265034787836,-1.08865377357516,0.318575023356079,-3.41726028018947,0.000632547732601022,0.00338027960278019
"GALNTL6",1.14307976672176,-3.52129637355632,1.03065283253719,-3.4165688604259,0.000634156234714355,0.00338789783079876
"GGH",5.9051205362827,1.140628846511,0.333942484600513,3.41564460681157,0.000636312338797128,0.00339745665586636
"PAX3",3.30416089880026,-1.83751482067626,0.538099362121812,-3.4148243800748,0.000638231477386482,0.00340475905073515
"LY6E",214.205963579073,1.16896750546711,0.342433459668909,3.4137070209125,0.000640854500084347,0.00341481790867729
"GLB1L3",3.59119379933132,-1.32561139623159,0.3883189921523,-3.41371764714428,0.000640829507638405,0.00341481790867729
"RNF112",2.52034272559528,-1.23676697978256,0.362379019591301,-3.41291000008061,0.000642731645546361,0.00342383535772496
"MUSTN1",2.08032728829551,-1.85507302759544,0.543572034498288,-3.41274552379733,0.000643119656533744,0.00342491727381196
"LY6G6C",7.60207097649078,-2.52773805035745,0.741046011372474,-3.41104062577152,0.00064715448317982,0.00344244553057341
"NME5",1.22501287585812,-1.83126232540885,0.537004616070976,-3.41014261442925,0.000649289178872613,0.00345280912175669
"CLLU1",1.92243081531776,-3.42449704481231,1.00446248815953,-3.40928315908244,0.000651338353026673,0.0034617185006485
"DLGAP2",1.18680270680462,-3.22703441541579,0.946714736717747,-3.40866608520735,0.0006528133317696,0.00346657354674212
"SPINT1",71.0524539601798,1.03699021012057,0.30438142894455,3.40687739628648,0.000657106367566555,0.00348837034682366
"LRRN4CL",12.9802050578119,-1.07364889102208,0.315295756501382,-3.40521199186318,0.000661127095295147,0.00350770439961521
"SLC25A18",5.7638461406147,-1.53299603245965,0.4502196535131,-3.4049958070412,0.000661650697038222,0.00350947715078521
"KRT7",294.097920693534,1.16610875176676,0.342572753901571,3.40397401277806,0.000664130714992016,0.00351860100202578
"GOLGA8F",2.69000624894164,-1.24159232487243,0.36474091686116,-3.40403905204044,0.000663972599644226,0.00351860100202578
"LCE1F",1.55653094161439,-3.74503748997553,1.1004249675295,-3.40326473906104,0.000665857287016228,0.00352573146658507
"WARS",61.5514756277589,1.02628906145787,0.301719361600029,3.40146902079939,0.000670247247572626,0.00354391079632891
"RPS17",68.4047209483006,-1.51434952073517,0.445197936669131,-3.40151962981945,0.00067012315697467,0.00354391079632891
"MAGEE1",1.93205332164257,-1.11821140612559,0.328973866256099,-3.39908886639368,0.00067610744523755,0.00356904846916543
"C6orf15",5.42314602812639,2.7484678196777,0.808594400580338,3.39906857839368,0.000676157600599367,0.00356904846916543
"CR1",3.56530482494639,-1.19126329538317,0.35053497868232,-3.39841490244766,0.0006777754501984,0.00357656891412387
"C12orf39",1.1867500415311,-2.73443091864811,0.804879244296382,-3.3973182163972,0.000680497836542667,0.00358590828051158
"COX5A",36.5223072892924,1.01720230403301,0.29941083613725,3.39734632572459,0.000680427931897373,0.00358590828051158
"RHOXF2B",1.01685008108425,-2.13804751271825,0.629335049915927,-3.39731199303753,0.000680513314220829,0.00358590828051158
"NECAB1",0.903465891479779,-3.05491434548414,0.899807631652387,-3.3950749449348,0.000686098168099405,0.0036112276980782
"TEC",1.71315910124254,-1.23260236487019,0.363076526795896,-3.39488310012148,0.000686579092190083,0.00361273237089339
"RPA4",0.900853934118842,-1.77546334019321,0.52300022286713,-3.39476593424756,0.000686872962291479,0.00361325220322714
"KCNJ9",1.64831518638858,-1.43443567858361,0.42268945467223,-3.393592299803,0.0006898230765102,0.00362568190213448
"LPPR1",0.784095612378044,-2.96706701203429,0.874380959031652,-3.39333442864563,0.000690472852208276,0.00362806756556076
"CLEC2A",1.96148712977099,-4.42274122937367,1.30437535435613,-3.39069671517738,0.000697152027918337,0.00366004814657127
"CASP1",10.6701601899646,-1.05491490745112,0.3111731104826,-3.39012232070774,0.000698614439485759,0.00366668649706864
"DERL3",19.9409004784721,1.07605598801427,0.317582095003936,3.38827662183202,0.000703332920302855,0.0036883160673413
"INSRR",1.35076707399832,-1.9283389928283,0.569209562279457,-3.38774876709041,0.000704687803020528,0.00369332979274087
"TMED6",1.10594524330346,-1.89347867005007,0.559173267099317,-3.386211003742,0.000708648727987648,0.00370911304345809
"TP53TG3",3.3911452877909,-5.10773729715199,1.50840202887241,-3.38619094868907,0.000708700521585043,0.00370911304345809
"PCYT1B",1.62685697716844,-1.84659940567279,0.545437587567815,-3.38553749826271,0.000710390029370227,0.00371480635911783
"C3orf80",1.2839758518765,1.46531169829371,0.432989515322684,3.38417362647152,0.000713928408353956,0.00373158320842945
"AL117190.3",2.40611529725748,-1.02096457473951,0.301691789910278,-3.38413111952149,0.000714038949507062,0.00373158320842945
"SLITRK3",0.717431340381472,-2.96631978123149,0.876809964397317,-3.38308174140153,0.000716772949920795,0.00374184570981763
"HOXC13",1.65932845634952,1.43363376379099,0.42383624632827,3.38251807439945,0.00071824551352814,0.00374592448567666
"AC131097.4",3.08231545747089,1.34425418132077,0.397404077822428,3.38258778995574,0.000718063231472987,0.00374592448567666
"RP11-455G16.1",3.08025721419232,-1.00409865024129,0.296935965061965,-3.38153261438626,0.000720826753532417,0.00375665535422831
"GRK4",20.4832593670419,-1.09928006198695,0.32530776914423,-3.37920014907349,0.000726970616148478,0.00378461491496369
"IL17B",1.95466055288718,-1.69669870914018,0.502216668236097,-3.3784197467985,0.000729037082564998,0.00379304068631149
"MKRN3",4.06526960156139,1.59554223576959,0.472616112690536,3.37597934756477,0.000735534402433794,0.00382147775648773
"ZNF728",0.794280197953647,-2.85356165182699,0.845371273199043,-3.3755129163883,0.000736782335013124,0.00382688794422689
"OBP2A",3.32985425258507,1.91301425441634,0.567161318894592,3.37296319527721,0.000743638919954412,0.00385925471431651
"COL11A2",2.83845074313401,1.25011290541224,0.370720090126374,3.37212074205662,0.000745917397382251,0.00386891123895661
"SYT9",0.746048764615395,-1.94788828554166,0.578402010360992,-3.36770663076697,0.000757962037139497,0.00392588726283495
"GCNT1",8.52931775219652,1.04437749474466,0.310159720072257,3.36722477857974,0.000759287727715135,0.00393165426131947
"FRMD1",1.0478033093335,-2.18412874120641,0.648955349359095,-3.36560711513271,0.000763754069499493,0.0039509110434202
"PCDP1",3.61228497084138,-1.41518245692738,0.420723517750366,-3.3636875459077,0.0007690856113836,0.00397350172776765
"FAM162B",1.31705765847602,-1.41894631522231,0.422080883663368,-3.36178768132507,0.000774396429843382,0.00399870941554478
"RP11-3B7.1",1.6609194186644,-1.15378823686123,0.343311459898727,-3.36076237362302,0.000777276665848248,0.00401043285213723
"NAMPT",106.719961825598,-1.13348109292233,0.337705186745488,-3.35642192483285,0.000789580108753689,0.00406577780771082
"CTRB2",0.866763241245274,-2.21556555997659,0.660647716918513,-3.35362630224584,0.000797600030761172,0.00410137361736769
"PRSS3",5.17387773336608,-1.88631840732178,0.562820932210725,-3.3515427365369,0.000803626341513034,0.0041289229119291
"UPK3BL",72.0009369274355,1.20919121267444,0.36080740964945,3.3513480608651,0.000804191556272742,0.00413068108854235
"NPAP1",1.92311485293831,-1.40273919832866,0.418631801524649,-3.35077075659305,0.000805869851732513,0.00413815397665362
"AMIGO1",2.97427405803264,-1.13732707304442,0.339527610551913,-3.34973368202856,0.000808892922873382,0.0041513756490609
"KIAA1045",1.69326278633331,-1.94967911913108,0.582391553082965,-3.34771187667507,0.000814816759934354,0.00417368252973012
"ZNF543",13.2699226530641,-1.10102543404477,0.32897470143446,-3.34683922272401,0.00081738602850374,0.00418568538013444
"S100A9",192.977871297661,2.06436272321604,0.616993983152327,3.34583931056971,0.000820339210576894,0.00419964700340111
"ADRA2C",2.53634849891283,-1.38755787280555,0.414991196329491,-3.34358387618389,0.000827036888253153,0.0042278240134673
"ELFN2",1.20510061115099,-3.36957417561082,1.00842309644886,-3.34142899689299,0.000833483314866242,0.00425517584287556
"CCDC178",0.802856005038509,-2.98994506943869,0.894855086310268,-3.34126174749372,0.000833985593793412,0.00425622742481354
"GJB4",1.67393420449615,-2.3622060243285,0.707080818649231,-3.34078645895265,0.0008354145007534,0.00426033793583548
"TLE6",3.96988555429946,-1.36596573183455,0.40959840404384,-3.33489026897757,0.000853330650374958,0.00434094762599423
"HPRT1",7.11704840226855,1.05001893153849,0.314926447210439,3.33417196567442,0.00085553746887666,0.00435097885736779
"PROM1",33.9992865657205,1.24471518669164,0.373414404672529,3.333334684245,0.00085811649943767,0.00436169972628554
"ORM2",2.48674276809511,2.90766918955132,0.872326808225107,3.33323378593334,0.000858427777072075,0.00436208485238106
"HBG2",1.73647802255086,-1.69741149218486,0.509461889310591,-3.33177324506414,0.000862945381274525,0.00438383827536115
"CHI3L2",11.5548151606075,1.20852422662403,0.362917671409393,3.33002309292551,0.000868387816590759,0.00440906774640736
"COX6A1P2",1.93432890541282,-4.179700313671,1.25544816029673,-3.32924962244805,0.000870803198133605,0.00441890872214538
"ZNF658",2.98155438202431,-1.17642613989095,0.353509224121436,-3.32785132499636,0.000875185595900878,0.00443507184877594
"MMEL1",3.52692651509682,-1.44821207603394,0.435462371926136,-3.32568820958791,0.000882005305212941,0.00446474508421812
"SLC26A4",2.39894605967942,-1.61629677073686,0.486095148285035,-3.3250625447286,0.000883987020886145,0.00446989014492306
"RP11-93B14.6",0.732756226843025,-2.20570229574743,0.663404407177123,-3.32482309717084,0.000884746532790924,0.00447250962891744
"LDHAL6B",2.13460225409352,-1.44288741273365,0.434020885801388,-3.32446538850191,0.00088588228811279,0.00447702912426333
"KCNG1",11.9722348098199,1.12536625672822,0.338546942467281,3.32410698654288,0.000887021600054173,0.00448076262063868
"UBQLNL",1.32087842930499,-1.68243972052377,0.50668552672295,-3.32048111065092,0.000898624399919291,0.0045253727937208
"PCDHB2",6.79153660451094,1.13778746752463,0.342684968297077,3.32021411145841,0.000899484333763597,0.00452847209295171
"HOXA2",0.980829137125407,-1.80830672554458,0.544774668200711,-3.31936639329629,0.000902219667662405,0.00453977524706413
"OASL",4.58035160557408,1.27146499466031,0.383206500193043,3.31796301477088,0.000906764903433218,0.00455769322697153
"DMRT2",1.02146438694724,-1.87038920905904,0.564086382005343,-3.31578507960031,0.000913860798371446,0.00458837888518187
"DGAT2L6",2.33847656852712,-4.67390722296772,1.40965641109805,-3.31563577207228,0.00091434913464176,0.00458958663193352
"IQUB",0.980480754358087,-3.17707429027944,0.958390885945395,-3.31500887254937,0.000916402159072128,0.00459864556768734
"KRT4",3.94134971606375,-2.99028682649163,0.902379765932832,-3.3137786765425,0.000920443332173603,0.00461517363251745
"OR5C1",1.19630498529162,-2.02486957781445,0.611061159397303,-3.31369380408928,0.00092072274478224,0.00461532521755254
"GRM3",0.961477472861488,-3.14383081030533,0.948859445900605,-3.31327345044384,0.000922107769819162,0.00462101734648012
"CNTFR",7.40051503996789,-1.38608057735855,0.418676211970985,-3.31062653603689,0.0009308735457851,0.00465738514722626
"C5orf60",1.50747649937056,-2.29798262783066,0.694349894584809,-3.30954558465765,0.000934475480448804,0.00467288197863735
"IL18R1",2.59476928876136,-1.15585089251966,0.349284061421217,-3.30920021891801,0.000935629023552517,0.00467612541128973
"C12orf68",0.983857460537943,-2.06841830652906,0.625327232428975,-3.30773745210912,0.000940529397471427,0.00469808131067038
"LRP2BP",2.71775736353586,-1.05315711221089,0.318440664992516,-3.30723185820393,0.000942228695377482,0.00470278119224672
"ARHGEF33",1.7634490534004,-1.61538462241412,0.488440233626902,-3.30723087739746,0.0009422319946241,0.00470278119224672
"TFPI2",9.28403254877253,-1.97122635366436,0.596065856758048,-3.30706134450595,0.000942802431888277,0.00470379981180504
"SLC16A9",1.14080528217595,-1.71443658049096,0.518465451161897,-3.30675183206298,0.000943844691844095,0.00470575811099228
"AXDND1",1.23507985226939,-3.05033034540437,0.923431695567443,-3.30325497819301,0.000955694467058073,0.00475459922612131
"ACTL7A",0.960158199471962,-3.39214764578929,1.02728793856512,-3.30204173381743,0.000959837878737934,0.00477264891006282
"RP11-386G21.2",1.48578617368658,-3.56631418827963,1.08085922114563,-3.2995177526446,0.000968511016031727,0.00480803029722317
"CXCL11",1.38390927692274,1.80668836071838,0.547613947684309,3.29920077521455,0.000969605358267922,0.00481184342663774
"SSR4",130.004083100679,1.02967080169936,0.312102336081685,3.29914480816275,0.000969798699472987,0.00481184342663774
"PGAM4",1.8399942138118,-1.34371224372577,0.407448953601434,-3.29786647345322,0.000974224508490424,0.00482862893932556
"TMEM133",1.28047953015194,-1.36227522285716,0.413435586232021,-3.29501201208318,0.000984174727865671,0.00486882593737392
"HLA-DQA1",56.3343124807291,1.10045560563262,0.334013925229107,3.294639901249,0.000985478760400349,0.00487397532713892
"GNA14",2.65144837609521,-1.14726699220085,0.348492506813343,-3.2920851087778,0.000994475113689686,0.00491060198767271
"P2RY4",1.80082114219665,-1.16908269008966,0.355116170538927,-3.29211336198926,0.000994375209425403,0.00491060198767271
"SCGB2A1",2.58458514827772,-1.88014744415833,0.571242282823679,-3.29133101783829,0.000997145039974969,0.0049211618519628
"KIF5C",1.8078629463771,-1.34041846060803,0.407434679258172,-3.28989781392338,0.00100223772697199,0.00494366103301603
"ARIH2OS",13.4809320859233,-1.39266184695694,0.423409900578481,-3.28915749266663,0.00100487777472028,0.0049553637229417
"KRT81",49.4624411551866,2.15272928450588,0.654675093943706,3.28824069285732,0.00100815608216977,0.00496768296040304
"FZD10",1.79753408136624,-1.47176096483525,0.447811306875509,-3.28656499342121,0.0010141736730855,0.00499455590877152
"LRRIQ1",1.67739737943893,-2.1900986276532,0.666522667727269,-3.28585768151152,0.00101672365971678,0.00500578299449074
"GOLGA6B",1.75471614234812,-2.26980266508515,0.690944096841198,-3.285074256314,0.00101955497442902,0.0050130600574394
"STK32A",2.32564667442408,-1.68741532963733,0.513774716780187,-3.28434871262703,0.00102218361121857,0.00502331781559837
"WISP2",32.1705526076398,-1.15366030008242,0.351602920178773,-3.28114538837116,0.00103386437196937,0.00507398937403727
"NR2F1",27.2771086296389,-1.09759213669944,0.334567984208823,-3.28062513003147,0.00103577308691208,0.00508066449040931
"REM2",1.873236505615,-1.69140149304156,0.51578774053235,-3.27925881157207,0.00104080135136917,0.00510262642404971
"KCNIP4",1.2456725260299,-2.08100730212254,0.634586153224441,-3.27931407193268,0.00104059754711613,0.00510262642404971
"PGBD3",1.880934048134,-1.39255108299919,0.424701158798929,-3.27889635841205,0.0010421390210404,0.00510513063943673
"PPP2R2B",2.51572873120605,-1.09525963306774,0.334046539768543,-3.27876359332037,0.00104262940185741,0.00510618238529957
"CEACAM8",4.44139695080849,-1.37345296327528,0.419052559779916,-3.27751956460214,0.00104723472817325,0.00512602580212076
"PPM1N",1.90296255611446,-1.38942555158289,0.423956338313983,-3.2772845362059,0.00104810690151509,0.00512893950590817
"HMMR",1.58176164020123,1.53669872118284,0.469515569059085,3.27294518531602,0.00106433116153667,0.00519445698992108
"SCN9A",0.891619899515816,-1.7395836056881,0.531631972398239,-3.27215761279497,0.00106730058562764,0.005203103581849
"AL117190.2",40.2945423311951,-1.38176113564704,0.422270992968654,-3.27221419101741,0.00106708701068552,0.005203103581849
"PLAU",28.130722855312,1.13479984295557,0.3468393096569,3.27183168504785,0.00106853168789603,0.00520652606647393
"NRN1L",1.55007648050061,-1.29322602828344,0.395365953153954,-3.27095951982458,0.00107183251555648,0.00521884380997298
"NME2",4.12988423248624,1.49296978274962,0.456502389005592,3.2704533836105,0.00107375237933541,0.00522681775822615
"LCE6A",1.40091731092588,-3.82121926011151,1.16859825360502,-3.26991696960302,0.00107579056388276,0.00523536332743997
"AC020907.1",2.37744847891792,1.65269268921193,0.505464427886607,3.26965182519766,0.00107679934044943,0.00523752032137719
"BHMT",1.64660831919715,-1.91453498970352,0.58603478041346,-3.26693065615112,0.00108720307341784,0.00527980475245023
"HTR2A",0.587842471339945,-2.66659238208351,0.81642301493832,-3.26618962632377,0.00109005228457149,0.00529225384399295
"EPPK1",48.4706866064362,1.01673359760207,0.311342314347161,3.26564540298356,0.00109214918417563,0.00530104486092796
"ANKHD1-EIF4EBP3",2.2344982443166,-1.09017612796988,0.333907534285918,-3.26490425051741,0.00109501085421088,0.00531354232163844
"ASPA",2.62470504853846,-1.0090016799538,0.309205572945634,-3.26320664385698,0.00110159164893463,0.00533955475304169
"ZP1",1.81411249924918,-1.96488270944305,0.602113352258326,-3.26331030872083,0.00110118874457127,0.00533955475304169
"OR2T33",0.921106550320872,-3.20213846023545,0.981347535919375,-3.26300147810075,0.00110238944906767,0.00533955475304169
"HIST2H2AC",176.697104992987,1.00239956352331,0.307229615974976,3.2627048676354,0.00110354378240746,0.00534235178718009
"DNAJB4",17.1772454317567,-1.0791409510097,0.330804281028814,-3.26217347506366,0.00110561462410544,0.00535097832967884
"SPINK5",6.89076663398196,-3.16963217862109,0.972131250787873,-3.26049818484102,0.0011121667907008,0.00537987811370077
"TPSAB1",35.5831952576958,-1.26596057888644,0.388604041237958,-3.25771336513519,0.00112313789509084,0.0054230344350554
"PFN1",392.13094823805,1.0146002967203,0.311508640246591,3.25705346701506,0.00112575225926351,0.00543141009275298
"DCDC1",2.11122508627121,-1.47045047868439,0.451543164756271,-3.25650036022157,0.00112794787370854,0.00543775390859698
"C21orf88",2.56414189353487,-1.41293207207116,0.43387688770239,-3.25652762827121,0.00112783953766582,0.00543775390859698
"XPNPEP2",0.994659153761023,-1.58286889038958,0.486628341076519,-3.25272647887288,0.00114303466135841,0.00550189397029117
"FBN3",11.3674859923102,2.01616165731716,0.620637370170116,3.24853409449794,0.00116001306117684,0.00556914513196406
"BTLA",2.76807726843574,-2.33363874326638,0.718365023207851,-3.24854171329994,0.00115998199611394,0.00556914513196406
"FAM9B",2.23413454166333,-1.68820916314021,0.519745944765857,-3.24814302091522,0.00116160866581657,0.00557247234091025
"ADARB2",3.07003659457125,-1.93306253169359,0.595216192778181,-3.24766455474102,0.001163563596522,0.00558040521356306
"FAM133B",48.18464743306,-1.01279579291541,0.311861885492445,-3.24757798252953,0.00116391764040107,0.00558065817641951
"GRHL3",6.49012354646528,-1.46996638600824,0.452707889184088,-3.24705272677609,0.00116606785047071,0.00558807470282498
"SOX21",0.871410508372103,-2.74319930994802,0.844888691180285,-3.24681740752838,0.00116703235388888,0.00559021774598805
"USH1C",1.16211269537458,-2.73578305707136,0.842825667815059,-3.24596551996762,0.00117053015569236,0.00560076454242673
"PNMT",3.58959059030036,-1.41590814666675,0.436701122001691,-3.24228190707801,0.00118576665791366,0.00566196701156915
"BDKRB1",2.73412073874872,-1.23179188949692,0.380033002211195,-3.24127610583772,0.00118995868010902,0.00567613048492898
"SPAG17",1.6729935269944,-1.65081712645306,0.50930523043138,-3.24131194383145,0.00118980907801585,0.00567613048492898
"PATE4",2.9442618086487,-1.6099854776051,0.497322558681699,-3.23730635077734,0.00120663801837626,0.00574828944865355
"CDC45",7.70514696177418,1.22145728589276,0.377329837262762,3.23710760525458,0.001207478718192,0.00575081532999542
"RANBP17",7.77867886091143,1.02793138895723,0.317581853476322,3.23674472488042,0.00120901510961122,0.00575665240622599
"YIPF6",66.3043132109538,-1.2976879051265,0.401117700043858,-3.23517986113455,0.00121566125913982,0.00578681003386991
"KIR3DX1",11.7646236959382,-1.08700572130171,0.336346155891952,-3.23180658455599,0.0012301028709556,0.00584804039420934
"CRYBB3",0.809548805934357,1.72825720027015,0.535181041294124,3.22929451329412,0.00124096025710782,0.00588907657754316
"PNCK",4.77532784205927,-1.44700511179775,0.448254606889488,-3.22808754122742,0.00124620830628756,0.00591095268861927
"IL5RA",1.02981190605464,-3.12693300727027,0.968881321093089,-3.22736432130044,0.00124936275854994,0.00592439759699488
"TGFBI",71.3361469470035,1.0776784176526,0.333941392272369,3.22714836372733,0.0012503061243912,0.00592682050406575
"AKNAD1",2.84674900383965,-1.89167720267272,0.586184715035834,-3.22710086795266,0.00125051368804065,0.00592682050406575
"RAB8B",11.3977452601676,-1.04200654604451,0.322927354153927,-3.22675218633795,0.00125203845337071,0.00593252909525002
"FTL",1023.40656913478,1.04840043352202,0.325213547126775,3.22372927814515,0.00126532959754,0.0059786823483765
"JAKMIP2",3.10654952678807,-1.26769997435319,0.393677129360425,-3.22015143834422,0.00128122894875852,0.00604609492710965
"DUSP13",1.01691584968121,-3.3526927769286,1.04257638502167,-3.2157766328641,0.0013009204508479,0.00612186193866992
"ADAM29",1.47752348348838,-2.3591073525967,0.733630300346852,-3.21566237310719,0.00130143847009405,0.00612274405463093
"PRSS33",2.72523489345377,2.9107126689181,0.905466461821848,3.21460019961599,0.00130626316279179,0.00613788477199141
"C1D",4.11978011290962,-1.102627415753,0.343136532774277,-3.2133780884192,0.00131183475713398,0.00616070065203742
"PDE8B",3.35092302817938,-1.12456051659035,0.35008735223927,-3.21222834643213,0.00131709643383801,0.00618227575964207
"OR52D1",0.707618181237273,-2.26989896093395,0.707104281172172,-3.21013324536958,0.00132673455673558,0.00622278487208316
"CXCL17",5.49499259447739,1.56903133884343,0.488795074232518,3.20999826216957,0.00132735774781977,0.00622413169749817
"RTDR1",1.07769318417166,-2.48870347796955,0.775352433327936,-3.20977064234858,0.00132840923587296,0.0062274856661197
"C5orf58",1.89317050526865,-1.59126113414048,0.495878775866891,-3.20897205442731,0.0013321043880502,0.00624322810614014
"SPATA31A7",2.77970218647509,-1.73503359664335,0.540862231853211,-3.20790303789272,0.00133706568765916,0.00626331074021827
"SLC35G6",1.84939985376581,-1.35312674188795,0.421863227732239,-3.2075010404718,0.0013389357620229,0.00626889994544695
"IFNK",1.5351211456199,-1.50314816959058,0.468902143797124,-3.20567561798338,0.0013474579432382,0.00630083716855791
"MUC16",9.17789254298074,1.58518240740125,0.49448188841995,3.20574412233073,0.00134713722170446,0.00630083716855791
"HOXB8",0.88229146467043,-2.2751890878889,0.71020414822566,-3.20357054175637,0.00135734783078021,0.00633908132166187
"WNT3A",1.04488515183567,-2.17134026181567,0.677786649582015,-3.20357484638376,0.00135732753900777,0.00633908132166187
"PPIAL4D",1.69349273256467,-2.03501565836369,0.635357027993611,-3.20294821447092,0.00136028439308112,0.00634959363121184
"SOX11",2.75444893278974,1.78828100757706,0.558359362536704,3.20274204672175,0.00136125852392497,0.00635253977831654
"POSTN",70.3394068849396,1.23528307990478,0.385789397184316,3.20196223359298,0.00136494891922448,0.00636495062484285
"SYCP1",9.23200783258605,-1.33236616418732,0.416290264562732,-3.2005700771956,0.00137156012520011,0.00639416980592915
"SLC4A4",0.729815141451759,-2.43732702408327,0.762146123903359,-3.19797863905731,0.00138394531377131,0.00644379967362296
"FBXO48",10.5204642318428,-1.47074896172662,0.459890920821677,-3.19803869817406,0.00138365711121259,0.00644379967362296
"SLPI",40.4815001465693,1.53965192469333,0.48162248668132,3.1968024070107,0.00138960080814522,0.00645980966755142
"UGT1A8",1.31680948749898,-2.12864061710794,0.666105074951148,-3.19565290395671,0.00139514837009497,0.00648292476440014
"SLC25A21-AS1",1.3080615911392,-1.7446063454574,0.546016678826083,-3.19515211368312,0.00139757159084744,0.00649255605860957
"DRD5",3.24559519958448,-4.62479069144987,1.44828366216642,-3.19329066001605,0.00140661284451513,0.00652622369271875
"AGBL2",3.96251495827397,-1.06727477429355,0.334468637944529,-3.19095620101326,0.00141802775215738,0.00657110583574155
"PAIP2B",2.09856298826915,-1.02320701724715,0.320985558514151,-3.18770421318514,0.00143407152567793,0.00663066134445736
"PIFO",1.38225762634951,-1.45986228507843,0.45843851277926,-3.18442330734406,0.00145042738896323,0.00669277929705454
"KAAG1",0.907022248367739,-2.16498628356512,0.679999695599537,-3.18380478340701,0.00145353002957428,0.00670542545648188
"WDR16",1.42508415837715,-2.46374302943415,0.774152336723465,-3.1825041565614,0.00146007420049286,0.00672961775310299
"CDH20",0.839304831650555,-2.4328107421361,0.764657621550096,-3.18156868325508,0.00146479785945187,0.00674900148078793
"INMT-FAM188B",0.746149386935259,-2.10436028851803,0.661519203373181,-3.18110234410066,0.00146715788884412,0.00675651377851087
"CYP2W1",4.08686200214642,-1.02563338651769,0.322477118515074,-3.18048421928498,0.00147029146923685,0.00676456477022557
"MIA",42.842062877427,1.68590446284717,0.530074533440675,3.18050454509499,0.00147018832966103,0.00676456477022557
"COL1A2",672.922830837274,1.07932855878035,0.33944383407557,3.17969705273851,0.00147429093384417,0.00677756680979444
"HLA-DRB5",77.5296830743458,1.08052227655794,0.33993562453557,3.1786085322307,0.00147983804665931,0.00679800602684121
"LRLE1",14.7869079809824,-1.53412482933794,0.482761142721718,-3.17781340206636,0.00148390218699557,0.00681160751116032
"TNNI1",3.71361335454607,-1.18750855565422,0.373703042181124,-3.17767965902365,0.00148458679594203,0.00681306160417204
"GPR152",0.913083289377381,-1.91904609976189,0.60445421542541,-3.17484112243518,0.00149918561408509,0.0068661203999069
"KCNC1",1.23003668672731,-2.45127104473925,0.772131555290229,-3.1746805682846,0.00150001529567119,0.00686685202828023
"GRIN2D",1.8086305083135,1.13794007188283,0.358565247165514,3.17359275857975,0.0015056478262608,0.00688582939209941
"SPRR1B",23.2226331943619,-4.44618942973475,1.40105831883829,-3.17345064795117,0.00150638509300724,0.00688736121456897
"LGALS3BP",208.813439881852,1.03211661616788,0.325256349005846,3.1732404896094,0.00150747599936289,0.00688738787868757
"KRT32",0.73254922720286,-2.19236682757095,0.690914033537637,-3.17313981356774,0.0015079988542246,0.00688807762711419
"RGS2",19.4991987123357,-1.1191955160183,0.352735472759199,-3.17290321629301,0.00150922826539855,0.00688859682890883
"HLA-A",538.828215305139,1.04813739298907,0.330351833927625,3.17279120423681,0.00150981062651565,0.00688955713829093
"OR51I2",0.969277876101518,-3.03639128498661,0.957239947799652,-3.17202733960923,0.00151378755251091,0.00690600321369632
"SNAP91",2.33134351747299,-2.79072031372459,0.880380155137468,-3.16990370289392,0.00152489465214062,0.00695004256075301
"CCT8L2",1.26494870852511,-3.21013938274,1.01287131688848,-3.16934572952611,0.00152782540569927,0.00696147162714928
"SFTPA1",1.98892544868626,-3.89570483402829,1.22924162333585,-3.16919372080513,0.00152862472982975,0.00696340069992785
"LINC01118",1.70923022769884,-1.389148960595,0.438523678420762,-3.1677855243705,0.00153604793694987,0.00699211567172651
"PLEKHB1",20.260806389791,1.03423136621459,0.326711784169827,3.16557717329532,0.00154775598526503,0.00704016118837889
"PRKG2",2.0753295552382,-1.12446581899046,0.355300321601132,-3.16483197629303,0.001551725315889,0.00705648325580555
"ZDHHC11B",5.05207793653644,-1.19787785333072,0.378516581786762,-3.16466414146567,0.00155262058926894,0.00705708921581333
"TRIM55",0.759590335190338,-2.64149694052771,0.835406973304934,-3.16192828757192,0.0015672815592837,0.00710281111843718
"GABRA4",0.708012586932999,-2.94122975347966,0.930559159044742,-3.16071227163994,0.00157383880995921,0.00712729643962457
"CTD-2260A17.2",1.86044594607616,-1.02196623645546,0.323342719009764,-3.1606285726341,0.00157429107675866,0.00712760188797946
"SLC22A16",1.52933999694747,-2.82360768365495,0.893569249447096,-3.15992038155082,0.00157812257303207,0.00714320290755132
"PPIAL4G",1.88286709474455,-1.95463019054282,0.618674751654272,-3.15938251127324,0.0015810383243704,0.00715465229513525
"KLK1",3.33949572727075,-1.26563822251701,0.400699065582733,-3.15857542786232,0.00158542276410111,0.00716923838786151
"NTN4",25.3680599146043,-1.00707134783453,0.318870801414717,-3.15824259658303,0.00158723411086553,0.00717567737404231
"GIPC3",1.9712569955842,-1.06285749762529,0.336575799737707,-3.15785477878556,0.00158934711053431,0.00718172412327798
"EZH2",8.71203678836299,1.04724997527763,0.331709152856749,3.15713318809112,0.00159328554297779,0.00719776459195966
"CCND1",150.885508930506,1.12651354892269,0.356884111416458,3.15652480143093,0.00159661308789053,0.0072110381891998
"MRAP2",0.843511611556743,-1.87378433519578,0.593868426103794,-3.15521797898763,0.00160378233772073,0.00723812291892383
"AC002365.1",0.89382269193674,-2.79224582113535,0.885426365704431,-3.15356073558289,0.00161291661859197,0.00727757408271877
"CENPU",2.65164062733191,1.20667135738907,0.383286528980918,3.14822271629886,0.0016426648551729,0.00738660802318827
"ZIC1",11.6813242871074,2.04924584655113,0.650981239208989,3.14793380073623,0.00164428926536641,0.00739211790609629
"CELA2B",1.11298756590709,-1.94029312835525,0.616453990935681,-3.14750679999685,0.00164669275793193,0.00739753656619336
"AQP5",20.4620218587551,1.73547992323329,0.551498544588985,3.14684406742485,0.00165042953597142,0.00741252567052926
"AL136115.1",2.75932322847593,-1.21909552795309,0.387483677063116,-3.14618550436259,0.00165415053222453,0.00742563649002975
"CCDC7",4.24162784329039,-1.05464764966387,0.335285678524067,-3.14551952921595,0.00165792125663965,0.00743895773146307
"MUC1",186.952501915558,1.29961841515285,0.413594208560651,3.14225486782237,0.0016765203077248,0.00751512805897357
"FOXF1",0.926527395978804,-1.94542949626049,0.619162086201373,-3.1420358894969,0.00167777468923337,0.00751893123493356
"MYO18B",1.5098935579174,-2.89411053593231,0.92128276569305,-3.14139224536038,0.00168146669969436,0.0075316155585152
"SERHL2",47.1268198837829,1.30746771039316,0.416411229673507,3.13984738456333,0.00169035870154266,0.00756434497945717
"RPL3L",3.13927619245467,-1.33164555686741,0.424354242041979,-3.1380517146702,0.00170074867374897,0.00759799009531559
"LCE5A",1.07473504828255,-3.5542113645415,1.13281420596453,-3.13750599685963,0.00170391788485657,0.00761031277147659
"MAP9",2.77382249278232,-1.18075486962289,0.376425863954864,-3.13675276511944,0.00170830113905491,0.00762621202640997
"SLC23A1",3.10112227447933,-1.16744046747027,0.372264223935035,-3.13605335245431,0.00171238048915658,0.00764173060071688
"NLRP10",0.718142432675484,-2.56277398037918,0.817207095795913,-3.13601533021832,0.00171260251180087,0.00764173060071688
"ZNF781",1.01676297150593,-1.73928234269638,0.554655511903433,-3.135788440518,0.00171392793571928,0.00764580279995004
"MSH5-SAPCD1",1.74183380790175,1.15162798980076,0.367267410567341,3.13566615677054,0.00171464267313839,0.00764714943218618
"TXK",10.8700649589653,-1.10156914885423,0.35135888963065,-3.13516800446461,0.00171755716203681,0.00765646059091355
"EXTL1",8.48433974414771,1.49525735913041,0.477061600390898,3.13430667633952,0.00172260719794119,0.00767158704502686
"KCNH5",1.00653145001308,-2.98548116246529,0.952579513037266,-3.13410179581355,0.0017238104375283,0.00767510022209115
"TTC6",8.1646570631485,-1.10707455670766,0.353391340539063,-3.13271557537015,0.00173197187712932,0.0077077326064847
"TENM3",4.04793308856737,-1.02122751222915,0.326050195619839,-3.13211746518888,0.00173550424042937,0.00772159729551594
"PLA2G3",0.896038765703357,-2.40885872168517,0.769141657623097,-3.13187915101276,0.00173691353861261,0.00772415667759492
"NXF3",1.13928657397606,-2.92812920626832,0.935444905022977,-3.13019953451604,0.00174687602591698,0.00776100689662612
"ADAMTSL4-AS1",14.2070095189495,-1.05719377309041,0.337838450975163,-3.12928788904533,0.00175230533712987,0.00778139521800996
"PLA2G4E",6.42934653089388,-1.68538442019268,0.538850788875963,-3.12773861518952,0.0017615676479107,0.00781315995560394
"FAM218A",1.11515883702747,-2.17393459376295,0.695130535397732,-3.12737605825227,0.00176374167832459,0.00782092970216136
"BCAN",3.49775931362112,-1.12458500400009,0.359611462479916,-3.1272223533834,0.00176466409597256,0.00782314705256194
"FGF12",1.90920987346549,-1.79242309092529,0.573231701434794,-3.12687362970134,0.00176675851036454,0.0078286844806153
"GPR182",1.2469039581355,-1.460207659219,0.467055581994965,-3.1264108930717,0.00176954120810689,0.00783726500635001
"C14orf144",1.14817994087436,-1.64543840509403,0.526815498587901,-3.1233674967888,0.00178794349894258,0.00790742346881914
"SEMA3E",4.32361115911115,-1.10924560543134,0.355174361588055,-3.12310156755596,0.0017895598027355,0.00791079395376301
"PRSS50",2.27011109149366,-1.2069874297833,0.386691798547184,-3.1213163411223,0.00180044513230399,0.00795321839745637
"OR2W3",1.27572690095102,-2.75263839490812,0.882266203725643,-3.1199635476053,0.00180873421646409,0.00798412182014964
"TESC",6.01599261607668,-1.12887743929208,0.362309649326328,-3.11578077313451,0.001834586053277,0.00808474967375604
"CTLA4",4.30524430327788,1.05193882025346,0.338121444776974,3.11112718966204,0.00186374644923008,0.00820349613418242
"SCN3A",1.91722607239332,-1.53565792946607,0.49386333251863,-3.10947954292222,0.00187417262394591,0.00823959775474153
"AFF2",1.23480557333288,-1.8561721874536,0.597017833084338,-3.10907327150375,0.00187675169756833,0.00824897839163754
"PRPH2",1.1870155849271,-1.44973646778379,0.466594318049165,-3.10705984128814,0.00188958144345305,0.00829552678256395
"C4orf33",3.18123577365235,-1.07387270020545,0.345668301638605,-3.10665656965034,0.0018921607875113,0.00830291450042273
"OR52B6",1.0104215068375,-1.59816067871188,0.514555267721108,-3.10590674892884,0.00189696527375974,0.00832005465322706
"AKR1C2",10.2146729068531,-1.04101016318971,0.335198305173666,-3.10565461436438,0.00189858334489074,0.00832518009329221
"TMEM132B",1.06574917529833,-2.5827376615416,0.831793460084628,-3.10502280371239,0.00190264355324127,0.00833749359985971
"P2RY12",0.838798006385144,-2.28382497902975,0.735618918265314,-3.10463056661907,0.00190516819914601,0.0083441772013673
"C2orf72",5.15602657655768,1.42474613198832,0.459162490211941,3.10292361061698,0.00191619094050604,0.00838848702435661
"RGS6",4.13408676814982,-1.16865120987477,0.376684742293955,-3.1024649492248,0.00191916273226213,0.00839158171580191
"OR52L1",2.24020463766178,-4.50510153682223,1.4521097522085,-3.10245250400011,0.00191924342719973,0.00839158171580191
"ANKRD30B",1.80648041650509,-1.79527028332893,0.578732601506678,-3.10207214636796,0.00192171117244994,0.00839677620573667
"TMEM233",0.929618169283744,-3.22361646714292,1.03997046524734,-3.09971924671557,0.00193704156524904,0.00844185502859829
"TM4SF1",83.4739298606463,1.0564172902136,0.340964612617946,3.09831944758831,0.00194621519390589,0.00847983952517641
"ZNF711",2.39107999571687,-1.19465684586557,0.385603273962128,-3.09815016244625,0.00194732730904008,0.00848268965617131
"OR1L4",0.727432295770079,-2.17552431354727,0.702433022024491,-3.09712705031601,0.0019540610504783,0.00850202461286329
"FAM124B",1.3101433655024,-1.43855194845148,0.464700392417069,-3.09565468832309,0.00196378910960708,0.00853833377655924
"RP11-585F1.10",2.50339628395734,-2.81011317466275,0.908049329890565,-3.09467017061883,0.00197031870932442,0.00856471324433393
"GALNT5",1.3539450546601,-1.55882524722635,0.503884382345892,-3.09361691261209,0.00197732627529546,0.00859114174783543
"PPP4R4",1.97927921220066,-1.56595263735286,0.506272050731814,-3.09310505110698,0.00198074006064729,0.00860193842984974
"MST4",2.69785884974319,1.02734199172966,0.332279510702384,3.09180060352813,0.00198946435797033,0.00863577662018431
"KLK2",14.1264795895732,-1.43764382055205,0.46523502083812,-3.0901453161504,0.00200058588519322,0.00867795123314961
"KIF19",2.6102998856099,-1.22164352883699,0.395334549272499,-3.09015119241431,0.00200054630309387,0.00867795123314961
"GCSAML",0.729675991856099,-2.86089733305539,0.925938297748575,-3.08972783608981,0.00200339984161204,0.00868812265659989
"FAM26E",0.758266778233591,-1.83485861104169,0.59390801227333,-3.08946599999269,0.00200516655828736,0.00869171425054962
"MYT1L",18.1166574663615,-1.21532411209752,0.393707218066991,-3.08687282408607,0.00202274115521153,0.00875969410260183
"FAM186A",1.45463663010962,-1.46061312051554,0.473254069825882,-3.08631919647922,0.00202651148909893,0.00876987051427347
"PAX1",1.34193125731365,-3.06442353564826,0.993465624089746,-3.08457933655833,0.00203840236074967,0.00881720890373781
"AL590560.1",2.97426319513746,-1.31976038573055,0.428188642719344,-3.08219381380367,0.00205481001325519,0.00888403152789746
"CAPN8",12.5499255171315,-1.16299476534476,0.377352154973592,-3.0819878726442,0.00205623214528322,0.00888603168337279
"TSNAXIP1",1.91184806006067,-1.04017534790757,0.337688598520154,-3.08027973839186,0.00206806256184259,0.00892674312991107
"UCN2",1.65308928992026,-1.38809800082692,0.450656681040825,-3.08016736292693,0.00206884305111852,0.00892803145219413
"DPF1",2.64560895296356,-1.16767417227694,0.379514796610207,-3.07675532734562,0.00209266994575576,0.00901615090376558
"CDR1",241.951488019579,-1.30090855850747,0.422844951783956,-3.07656164042877,0.00209403001820812,0.00901991255750018
"DUSP26",0.97721104551242,-3.2783897256143,1.06592560638496,-3.07562714130942,0.00210060348451157,0.0090423350627128
"SLC22A8",1.05784916653451,-3.05288029657436,0.992761294679665,-3.07514033125096,0.00210403530265428,0.00905038129952684
"C18orf56",3.62159255480545,1.22019262136285,0.396792070429074,3.07514366414477,0.00210401178960134,0.00905038129952684
"RP11-169F17.1",1.27908712218449,-3.00500171875098,0.977520892348331,-3.07410485266659,0.00211135212393732,0.00907553122292108
"SLC25A48",1.645105907732,-1.879177287515,0.611346418425282,-3.07383380498968,0.00211327123039459,0.00907759272408879
"CCDC13",1.39639868633937,-1.33919733460581,0.435877955136985,-3.07241354792751,0.00212335329391034,0.0091144263522149
"GDPD2",0.826106789024225,-2.03262061621757,0.661600090663675,-3.07227983324273,0.00212430477056482,0.00911639781288265
"ACKR2",9.38153853392678,1.21759002887003,0.396760408199385,3.06882945905771,0.00214899229109453,0.00920741041305871
"CUZD1",1.38760809937206,-1.9953692486587,0.650731175414169,-3.06634955269926,0.00216689826140057,0.00927126116832092
"SLC44A4",10.5432220119202,1.13525901910479,0.370226923246331,3.06638698544741,0.00216662696751379,0.00927126116832092
"TMEM56",3.5368927363069,-1.07586926982011,0.351014584298397,-3.06502726082035,0.00217650157626683,0.00930160641338585
"IFITM1",86.9445013045004,1.11111600657747,0.362506831877017,3.06508983796043,0.00217604622369174,0.00930160641338585
"PON1",0.796718271193847,-2.25111634751026,0.734914841080148,-3.06309822809083,0.00219058141189951,0.009348836154655
"CRX",36.3988679643572,-1.04417003124608,0.341016815739604,-3.06193120999464,0.00219913985300238,0.00938103831352144
"ZNF214",1.18882124842385,-1.55280867152599,0.507160398728111,-3.06177035001199,0.00220032193568802,0.00938391961612099
"MAPK15",32.5023051538527,1.17091273893038,0.382562668359241,3.06070831205842,0.00220814096844717,0.00941509830054755
"KLK6",23.4173410185398,1.57093248371852,0.513282324639284,3.06056220584357,0.00220921863533663,0.00941752533111737
"PKD1L1",1.07740138070299,-1.40875523102851,0.460365049766451,-3.06008293145449,0.00221275710694926,0.00943043882533692
"SMTNL2",1.77604997054063,-1.91068020023992,0.624427035529689,-3.05989345675772,0.00221415742623958,0.00943423599006428
"PLA2G4A",1.30939975363236,-1.2648168399872,0.413642685247563,-3.05775222213881,0.00223003884077762,0.0094975349296121
"CXorf57",3.40822837850341,-1.31960739723392,0.431827026722351,-3.0558703267139,0.00224408286590614,0.00954637180576793
"WDR49",0.861684843067377,-1.93462538359278,0.633111182430934,-3.05574350489983,0.00224503220783779,0.00954821734869609
"RGS17",0.886374728595836,-1.88381562619295,0.616584112895888,-3.05524515924567,0.00224876620710126,0.00955532179122035
"PURG",0.747427907040006,-1.69910959698805,0.556154478502487,-3.05510368551398,0.00224982727657483,0.00955763780199976
"CSN1S1",2.39500404767474,-3.74362936598365,1.22560790017904,-3.0545081876812,0.00225429861087294,0.00957224183186352
"SERP2",1.71486979697704,-1.09749720937981,0.359578945623115,-3.05217316736373,0.00227190992886297,0.00963377190989009
"KIF18A",1.7074528614646,1.26139823612522,0.413560471914337,3.05009381164092,0.00228769896423005,0.00969184817371203
"NDRG1",237.041490271017,1.02159124783144,0.33509197287721,3.04868910782828,0.00229842202830123,0.00972615325752693
"FAT2",9.39820240597708,-1.14358999181122,0.375284055750001,-3.04726506306207,0.00230933971076893,0.0097645483854851
"PCDHA8",1.93578538407447,-1.46686834152138,0.482086292056248,-3.04275057327337,0.00234426554605503,0.00988851888955391
"PRG2",1.14921393617139,-1.9822619002337,0.651634264132739,-3.04198537330123,0.00235023314468829,0.0099091778524736
"CA6",6.32003163016578,-1.17537114488502,0.386420748971949,-3.0416874559972,0.00235256028513056,0.00991673227154943
"MESP1",7.40317236136138,1.07557212226236,0.353623242187112,3.04157644053624,0.00235342800675645,0.00991813277386644
"DKFZP667F0711",1.23649130373416,-1.29136529845928,0.42459084093024,-3.04143465655081,0.00235453664818049,0.00992054772465858
"SOX15",4.22693353299457,-1.08180837491419,0.355701849637806,-3.04133469088153,0.00235531859003491,0.00992158538199376
"OR2L3",0.753206215192979,-2.51107456038043,0.825776591737054,-3.04086430338051,0.00235900120273437,0.00993483862597681
"ADH6",1.68849479433007,-1.48864269999941,0.489782688676683,-3.03939427508452,0.00237054390351842,0.00997664489456218
"PLEKHD1",9.74500287031033,-1.57179524795307,0.517546808721278,-3.03701080069754,0.00238936894154332,0.0100467404166323
"ANXA1",95.9075202929862,-1.00644887185481,0.331511638061032,-3.03593827879287,0.00239788444382815,0.0100802577550125
"PTPRT",2.26591349602233,-1.10954925400182,0.365577159757571,-3.03506174931061,0.00240486444498707,0.0100981408410906
"MATN3",3.60030700210418,1.31214263776377,0.432433881948497,3.03431967877126,0.00241078825174653,0.0101191727755001
"DUOXA1",10.607768226804,-1.47132681349688,0.4850164832289,-3.03356043428013,0.00241686297576629,0.0101393286607346
"ARHGAP36",0.948006481236009,-2.38422205509534,0.786088046451507,-3.03302163906193,0.00242118237816719,0.0101518386894879
"BPIFC",1.05816933283851,-2.91236483532186,0.960225122448326,-3.03300212339381,0.00242133896348558,0.0101518386894879
"SBK3",1.05859428347344,-3.04522513743778,1.0046115325328,-3.03124644583788,0.00243546374761701,0.0102081148525373
"RP11-160N1.10",3.46121176329723,-1.1137189568694,0.367664329681103,-3.02917326202245,0.00245224001132717,0.0102691362174546
"RBP7",8.89676070977461,-1.06713166193279,0.352612474139003,-3.02635822665796,0.00247518865294886,0.010355871748344
"VWA3B",1.4428774628391,-2.02595097811891,0.669740568351435,-3.02497873632739,0.00248650608049376,0.0103938311042441
"ST18",3.7926223712611,-1.22857786877812,0.406171477079131,-3.02477632750851,0.00248817063267613,0.0103984423417029
"IFIT1",6.73751324205925,1.01254562103771,0.334762290142421,3.02467049262609,0.00248904139428661,0.0103997348759252
"KIF6",2.20401678234009,-1.31237165472583,0.43403702142804,-3.02363989691006,0.00249753525782341,0.0104281668271878
"ADAMTS4",43.2678904917718,-1.15044389592683,0.38068111077078,-3.02206719318824,0.00251054813268852,0.0104683414033446
"CA9",5.85662913862341,2.15796630496534,0.714504309989591,3.0202285343762,0.00252584020069608,0.0105228180263076
"C3orf55",1.45119421996548,-1.54444218781264,0.511376863926212,-3.02016437731429,0.00252637532805951,0.0105228180263076
"PDC",1.60809699119407,-2.67848443531766,0.887661154809309,-3.0174627117631,0.00254900398793737,0.0106072010479838
"SLC35F4",1.08267913669913,-3.32221484571558,1.10124557791443,-3.01677928369735,0.0025547575586423,0.010627990983859
"PTHLH",11.8507245292648,-1.4117983530491,0.468050979220119,-3.01633457834333,0.0025585077722189,0.0106350539564698
"HCRTR1",1.13909246549605,-1.51442538432338,0.502056389807658,-3.01644479597913,0.00255757783462885,0.0106350539564698
"GRM2",1.75873031982072,-1.39265507887439,0.461816875066721,-3.015600239106,0.00256471149910467,0.010653416996281
"PNMA5",0.70447759846948,-2.686946291573,0.89126711993918,-3.0147485882306,0.00257192350549676,0.0106761916559415
"GPR4",5.20035798252238,-1.01264949917608,0.33591910093563,-3.01456361473807,0.00257349235960417,0.0106801888127334
"SLC5A2",3.58267088957715,-1.10719356278582,0.367362423617171,-3.01389987545278,0.00257912907612573,0.0106942614438227
"ARPP21",1.82233571835493,-3.9850508172751,1.32220633951471,-3.01394018329827,0.00257878644546285,0.0106942614438227
"UTS2R",1.38846680799361,-1.52475915191013,0.505909705707727,-3.01389582905336,0.00257916347422287,0.0106942614438227
"CALY",0.863814406336219,-2.48573629547603,0.825099736224272,-3.0126494850804,0.00258977852459389,0.0107286687167363
"KDM4E",1.07167355283579,-1.8338720296987,0.608775491626724,-3.01239464288939,0.00259195391592571,0.0107331004607318
"RP11-403P17.5",0.947526852927191,-1.47671446797558,0.49057281842668,-3.01018403895993,0.00261089436070621,0.0107944163725447
"MUCL1",382.482559177426,2.35200466777352,0.781378121370643,3.01007233687038,0.00261185477379177,0.0107959772640418
"AKR7L",1.28013763566357,-1.2484666515281,0.414786595524071,-3.0099011515806,0.0026133272494313,0.010799653572951
"KCNT2",1.01921204936865,-1.39625454288642,0.46409678360288,-3.00854173572806,0.00262504743696773,0.0108384147631556
"GPBAR1",1.95178998308495,-1.034049412541,0.343804188040803,-3.00766962273967,0.00263259162902328,0.0108647197310092
"CEACAM6",3.09777110482546,2.10219907696425,0.699081533974468,3.00708712045743,0.00263764158501912,0.0108807121242147
"COX4I2",1.36752864792259,-1.50331916997203,0.499966625750662,-3.00683904193587,0.002639794968888,0.0108871704328086
"TULP2",0.990540197946116,-2.24221932387201,0.745732828925438,-3.00673275588917,0.00264071805010454,0.0108885529216466
"CCR9",0.821975951257777,-2.51972402118463,0.8384493788184,-3.00521902077809,0.00265389671667121,0.0109329325315619
"C1orf158",2.46897346337321,-1.24747017788883,0.415202429537731,-3.00448670128859,0.00266029388438916,0.0109473368866154
"IQCH",3.23826160409758,-1.24487559967541,0.415230576045708,-2.99803451742526,0.00271726895705939,0.0111545336043116
"LGI1",0.877250079545786,-2.99944854485174,1.00077169006283,-2.99713568502666,0.00272529384161082,0.0111775669916553
"SAA1",39.1291349652413,-1.34877334351975,0.450004986991496,-2.99724088067771,0.00272435352457714,0.0111775669916553
"PCDHA4",2.765069013121,-1.54695105518031,0.516262837760149,-2.99644084763469,0.00273151226687098,0.011199590130667
"RNF103-CHMP3",2.09329249147266,1.32456652149137,0.442052547697558,2.99640060529094,0.00273187281127056,0.011199590130667
"IYD",10.2210042809663,-1.44643325163603,0.483085006638884,-2.99415885767134,0.00275202617098385,0.0112572992230691
"AJAP1",1.62525294596423,-1.33682603211121,0.44645928246932,-2.99428432693205,0.00275089462143602,0.0112572992230691
"GJB7",1.44771485411746,-1.84507876196508,0.616320544235608,-2.9936999167429,0.00275616877108736,0.0112692622468168
"GTSF1",1.28095619422507,-3.0014589681655,1.00303733667078,-2.99237013262911,0.00276820416488581,0.0113084864450849
"UPK3A",0.997442280218106,-1.95322334527587,0.652836839907092,-2.99190123148357,0.00277245945405439,0.0113183808701775
"AC129492.6",0.909260626027275,-2.18420292359271,0.730307762376265,-2.9907979020869,0.00278249577439228,0.0113518472980823
"NUFIP1",1.92377840402281,-1.06016596988189,0.354523900967175,-2.99039350235528,0.00278618265670017,0.0113618835683401
"NDUFA4L2",29.4130505264804,1.06041208712947,0.354602379952986,2.99042574748105,0.00278588851666706,0.0113618835683401
"ACSBG2",1.21073769582323,-1.61383165026605,0.540190468896376,-2.98752337034594,0.00281247790914306,0.0114590224006044
"CCNO",4.45179184844647,1.37757033108577,0.461363223418176,2.9858693999915,0.00282773380212454,0.0115085224089103
"CADPS",4.21930904040344,-1.19586033127801,0.400590583330257,-2.98524324095783,0.00283352905951346,0.0115270426620488
"CELF5",1.36069455182299,-1.70813549636492,0.572322174585457,-2.98456983184716,0.00283977372962194,0.0115448395566413
"H2AFB1",1.5568973495762,-2.6237720335934,0.879508516139573,-2.98322527348561,0.00285227972078707,0.0115880511051586
"TYROBP",62.3647714257789,1.05345955525943,0.353138243230912,2.98313642164944,0.00285310791705484,0.011588873868353
"SCG2",1.25320863525165,-2.85161064948572,0.956348479633835,-2.98176941796105,0.00286587759037035,0.0116356389146952
"TKTL1",1.00776890158694,-2.84409490687145,0.95392510763468,-2.98146561413355,0.00286872260827389,0.0116446373329934
"CLEC4G",0.804844338429514,-2.23290192397167,0.749030989776007,-2.98105412786647,0.0028725801462136,0.0116577409001245
"OR1Q1",0.751366347946812,-2.51203230769497,0.842779101047598,-2.98065329879733,0.00287634232910418,0.0116653410597039
"OPRM1",1.55189238189458,-3.63812096129675,1.22161100092479,-2.97813375824432,0.00290009392385296,0.0117477072434863
"SERPINB12",2.01888924626611,-3.91841900080044,1.31574664098318,-2.97809538610901,0.00290045703619818,0.0117477072434863
"HIST1H4F",42.5021375098664,1.10734847118321,0.371896443107309,2.97757209488472,0.00290541304127129,0.011765207772284
"HSPA1A",262.350035720539,-1.19217282812672,0.401326534717204,-2.97058062449519,0.00297237372907736,0.0119944022243945
"NPAS4",0.93608892123969,-2.24562375374821,0.756313528838674,-2.96917041428094,0.00298604946354153,0.0120427255198476
"FOLR3",1.5726665372971,-2.12973518108563,0.717700556600711,-2.96744256570293,0.00300288379308689,0.0121017000904168
"VGF",1.45015297734382,1.53731484501328,0.518050736025342,2.96749862148267,0.00300233628878049,0.0121017000904168
"LIPN",0.71710046152145,-2.97363935575225,1.00220278973199,-2.9671034507372,0.00300619791701592,0.0121107549836966
"SULT2B1",9.59674897744654,-1.25031825636174,0.42146838602221,-2.96657661126652,0.00301135326564887,0.0121173767513249
"FAM101A",7.70953923988183,1.01216877762598,0.341296880011462,2.96565493828127,0.00302039162806695,0.0121458301639288
"C20orf201",1.0392631657398,1.53489791359384,0.517774536434605,2.96441366963147,0.00303260320188923,0.0121896433388438
"SYT2",1.61618507310521,-1.02202848623249,0.344968555314318,-2.96267143914397,0.00304981919625086,0.0122535251958695
"CNKSR2",1.13519721643571,-1.36391883791816,0.460476036054121,-2.96197571887945,0.00305671888272149,0.0122732597324447
"HCST",12.284021224818,1.00438794512905,0.339149208366147,2.96149281895039,0.00306151632649564,0.0122898581272978
"RNF183",1.62515410094175,-1.62619956557373,0.54941542206943,-2.95987243941658,0.00307766445825546,0.012341307879586
"AC017028.1",4.45914087546276,-1.18935175129382,0.401875486836471,-2.95950310544267,0.0030813559629431,0.0123427498152319
"CTD-3203P2.2",2.21974306893789,-1.6046988237463,0.542360815114871,-2.95872927952294,0.00308910347261412,0.0123684337483266
"OMD",1.78909004411438,-1.07243885877414,0.362631002339788,-2.95738326799001,0.00310262200957105,0.0124171920616411
"TTC23L",0.726667338327812,-1.65747528065184,0.560561875581877,-2.95681057319736,0.00310839015481717,0.012429534207151
"RHBDL3",1.25713887238502,-1.35087193074162,0.457047983892495,-2.95564574913291,0.00312015236601019,0.0124684923674737
"IL13",0.840901963189319,-3.06841270365897,1.0383380854948,-2.9551190951421,0.00312548374472368,0.0124763383447785
"CCDC103",1.3571099867378,-1.83152771968865,0.619860301283604,-2.95474273137985,0.00312929880502283,0.012488875773892
"RAB40A",1.58747543566792,-1.13453602482675,0.384048905987685,-2.95414466006351,0.00313536996685193,0.0125104098505022
"OSBPL2",63.9343933479448,-1.04494057335174,0.353736642682385,-2.95400715466725,0.00313676733361511,0.0125132898025456
"PCDHA3",1.60786495558629,-1.49364143527624,0.505726280933109,-2.9534582077094,0.00314235153924308,0.0125301690441034
"TNNI3K",1.16026683940859,-2.22870886343968,0.754660864527011,-2.95325883214647,0.0031443819450614,0.0125328690308645
"CYP4F11",1.62536071170308,-1.31237770622542,0.444436635117198,-2.95290172440295,0.00314802165744202,0.0125446766650476
"SPARC",754.434811821487,1.01249806111834,0.342994505500794,2.95193667793607,0.00315787682191219,0.0125766309577212
"FAM166B",3.14267408158846,-1.0248908573354,0.34724157418046,-2.9515211701084,0.00316212868957151,0.01258735172754
"DNAH3",1.51492867951394,-1.42914486220541,0.484315780208307,-2.95085339071695,0.00316897297099721,0.0126023180063
"CYP1B1",51.5211856898425,1.05907743270031,0.3590845330895,2.94938192850635,0.00318410213279135,0.0126503517167656
"EPM2A",3.00336931481986,-1.01002659682947,0.342653765339535,-2.94765941307733,0.00320189617129468,0.0127078241003612
"RP11-770J1.5",1.28324521299664,-2.18572349148799,0.741580845149595,-2.94738396465334,0.00320475001576093,0.0127132961644729
"FAM3B",3.38578117783171,-1.27009838359083,0.431528234854513,-2.94325673502925,0.00324778957954616,0.0128592472407768
"AL160274.1",2.67702429717608,-2.40036612778557,0.816493852405524,-2.9398459286787,0.003283754867388,0.0129849930943127
"PYGO1",1.56958977528553,-1.12930402304262,0.384676453618862,-2.93572432733702,0.0033276990548174,0.0131251366893799
"RGPD1",1.67972152447861,-2.21112986938742,0.75370905882905,-2.93366497786638,0.00334985573548885,0.0132012825388776
"FGF22",14.8254574384995,-1.4202269858038,0.48416431121249,-2.93335744273908,0.00335317603164524,0.0132087465882886
"CXCL6",1.77759299026128,-1.47418330308629,0.502673348901326,-2.93268641814482,0.00336043113953428,0.0132345110709024
"AC104057.1",2.89156966924036,-1.29511418913929,0.441743146730151,-2.93182633103857,0.00336975129052077,0.0132627567792235
"COL6A5",0.74902056510356,-2.89978861349626,0.989115217424899,-2.93169952540583,0.00337112738194884,0.0132653540192174
"MB21D2",2.26125982831874,-1.02898455936757,0.351046511920698,-2.93119152142444,0.00337664536048256,0.0132814239470924
"AGBL4",2.65403371926431,-1.2580945440451,0.429258325406434,-2.93085647868076,0.00338028911989821,0.0132929331377398
"GPR61",0.920708537160089,-2.31934714150082,0.791415052077602,-2.93063309247421,0.00338272054684393,0.0132968484653318
"CYP2C18",0.683292412034438,-2.89220843767374,0.986928646004967,-2.93051422651601,0.00338401498160446,0.0132991142561591
"KCNA2",1.10630120380786,-1.64685221579212,0.562060479059771,-2.93002670913104,0.00338932870166569,0.0133171714493534
"VNN3",2.23145463346856,-1.56107652839615,0.532960208513966,-2.92906769296877,0.00339980372260022,0.0133418857684576
"PCSK1",0.924569750514254,-1.43973863325521,0.491632878131752,-2.92848321846647,0.00340620219373772,0.0133597007202221
"PMFBP1",2.74763208680513,-1.06784736473492,0.364823761068416,-2.92702252070327,0.00342224098766986,0.0134038375076382
"CCDC181",0.898555556715998,-2.797759163555,0.955913443593087,-2.92679131390681,0.00342478598384152,0.0134109695544847
"THAP2",1.69083120622747,-1.39859364153529,0.478004284635016,-2.92590189354307,0.00343459229964615,0.0134408448286596
"RP11-1070N10.3",0.907165203787997,-1.92321351335011,0.657324934781879,-2.92581858923136,0.0034355120802444,0.0134416042987509
"ACAN",3.5604951749867,1.01828996657835,0.348055080656339,2.92565752713084,0.00343729103694839,0.0134457243054611
"C1orf101",1.06448701252736,-1.46405487020669,0.500710361152897,-2.92395561145503,0.00345614027683815,0.0134958306291957
"TMEM217",2.36977813002236,-1.45409659025401,0.497337713899856,-2.92376095681899,0.00345830212160848,0.0134994039823882
"C19orf77",0.658166184648985,-2.5706393984756,0.87945872239816,-2.92297902449114,0.0034669987115492,0.0135271635694071
"INSC",0.638516564128522,-2.24741100623665,0.768935300634359,-2.92275696587551,0.0034694720563022,0.0135287497740693
"HOXC11",2.00201731069452,1.75779528516434,0.601520609092554,2.92225280163905,0.00347509352751005,0.013544966817454
"FAM155A",0.806010913660192,-1.79945464487679,0.615947789951345,-2.92144021657897,0.00348417136444659,0.0135729036999343
"SNX31",0.868164252730015,-1.87183973049327,0.640863399991576,-2.92080922473943,0.00349123540274815,0.0135964386311399
"CDH15",5.88874159601267,-1.13893343216188,0.389963511287534,-2.92061538886418,0.00349340803677076,0.0135991810964834
"FAM153A",8.21527031190455,-1.03394579814351,0.354136052485196,-2.9196287440594,0.00350448605286285,0.0136308464240079
"KRTDAP",97.7346737905583,-4.33681387475292,1.48561450727606,-2.91920538841846,0.00350924926988404,0.0136465074484132
"GZMA",1.74091618776487,1.15755346430508,0.396622015400227,2.91853053879777,0.00351685425202555,0.0136703409141694
"COL22A1",4.83322135768086,1.68646500784206,0.578058701700085,2.91746323147135,0.00352891251720175,0.0137114574456914
"VSTM2L",4.12338001003271,1.48638671752668,0.509890802128469,2.91510792373968,0.0035556556110601,0.0138066778255881
"MLIP",3.34679232829269,-1.42097541452135,0.48799646080767,-2.91185598389286,0.00359288246468742,0.0139337037292589
"NTNG1",2.10527019366892,-2.6057745494942,0.895196729286631,-2.91084011396099,0.00360458418466872,0.0139673866670364
"RGS1",12.0869107191973,1.05487744885201,0.362488687948825,2.91009756696446,0.00361315943809763,0.0139947593292439
"GGACT",6.57431792398607,-1.08329128476111,0.37227237106655,-2.90994274342067,0.0036149497431833,0.0139987662854362
"EFR3B",2.47035477574879,1.07124838195218,0.368203158195192,2.90939487646733,0.00362129149422937,0.014014822601888
"CCDC89",0.699944373935291,-1.84884383485735,0.635658140428928,-2.90855055141713,0.00363108466511924,0.0140436312731966
"ARSF",0.863623473775602,-2.10269107323619,0.723913117358007,-2.9046180029313,0.00367701566790426,0.014191640800359
"SFTPC",1.37918282512307,-3.67684226788031,1.26657564207206,-2.90297882396124,0.00369631629589752,0.0142483185083484
"AKR1D1",1.44868610856235,-2.52055501155763,0.869229241458022,-2.89975864977772,0.00373450089655037,0.0143566678302005
"OBP2B",8.16336264532334,2.20328749910109,0.760168212245961,2.89842098578596,0.00375046796525967,0.0144043085389004
"ERC2",2.30401310965098,-1.71535222495201,0.591828365118394,-2.89839474762056,0.00375078177751413,0.0144043085389004
"SLC13A1",0.968745106616244,-2.34115414664691,0.807766450062625,-2.89830574971937,0.00375184638306424,0.0144054101797504
"NKG7",9.09598951527913,1.09997426417015,0.37981273960088,2.8960962850431,0.00377836451759776,0.0144832093532586
"LGALS12",1.74772232933286,-1.76411247147374,0.60913258377606,-2.89610590281983,0.00377824871624101,0.0144832093532586
"AC002472.1",73.9222644169039,-1.38003552232557,0.47750364582281,-2.89010468170889,0.00385113560983971,0.0147043359648425
"LYPD3",46.8680697840842,-1.33916592469625,0.463540060651121,-2.88899717279055,0.00386472548846513,0.0147501433128685
"DUX4",1.92392052250349,-3.41416726098372,1.18208548892128,-2.88825748474362,0.00387382620755838,0.0147787866151177
"AC138517.1",0.740864647219995,-2.47674764994486,0.857518283338766,-2.88827386898573,0.00387362441410989,0.0147787866151177
"SERPINB3",2.61669797488773,-3.32463377984747,1.15128619083957,-2.88775615159859,0.00388000540175196,0.0147993122016577
"ANKRD24",1.6404837475077,-1.02839205841459,0.356461770386091,-2.88499958158408,0.00391414182045713,0.0149157481416742
"BRINP2",0.997623283911482,-2.22810129027604,0.77260528605189,-2.88388046328535,0.00392807827908039,0.01496110752316
"TNNI3",1.33371328969684,-2.26000717557977,0.783820421046662,-2.88332265260697,0.00393504155045122,0.0149809768179985
"ADRA1D",0.60267419175592,-2.17181109660946,0.75324628886372,-2.88326823340299,0.00393572147696689,0.0149809768179985
"MFSD7",20.9482381396768,1.05438525105104,0.365861674536999,2.88192320877931,0.00395256047911407,0.0150358030795134
"NPY2R",0.62722438708691,-2.63658453125182,0.915154562530693,-2.88102648361478,0.0039638233287697,0.0150724565172393
"AGR3",1.48029590583158,-1.67826995716831,0.582677852366842,-2.88027071966295,0.00397333833097367,0.0150993378264863
"TGM3",0.952852318198544,-2.6426421399875,0.918770593876599,-2.87628071425024,0.00402391679099904,0.0152602348081254
"DNAH5",1.67410925556443,-1.12881306472369,0.392487178485299,-2.87605080267857,0.00402684894906238,0.0152682285024633
"SCD",42.0082664146987,1.05991133027589,0.368613368686907,2.87540122066533,0.00403514382384125,0.0152785409111669
"OVOL3",2.42465732832391,1.11706279489761,0.389176737041425,2.87032262871022,0.00410053177124915,0.0154873673464675
"CAV3",1.01667800273937,-2.12722677867811,0.741379951819907,-2.86928014907375,0.00411407228742811,0.0155256053230182
"ADTRP",5.51531311977639,-1.09495877571479,0.381854991461111,-2.8674727323194,0.00413764457639139,0.0155980620350529
"VCX",0.971324768200048,-3.05164473960817,1.06504928912836,-2.86526151489725,0.00416664987101098,0.015676353628045
"GLDC",5.76965134942393,-1.70662808716006,0.596148465242668,-2.8627568242843,0.00419972748590469,0.0157847712041247
"C2orf27B",2.14868900245125,-2.68798156199379,0.939186902819243,-2.86203050098444,0.00420936396013358,0.0158145718599583
"AC011484.1",0.894400724324066,1.59373312247768,0.556905918131,2.86176366705945,0.00421290920655531,0.0158246814690362
"CRIP3",2.65552828641689,-1.05777603151567,0.369654905668907,-2.86152304566761,0.00421610850652094,0.0158322785666378
"RNF133",0.912097450869979,-1.62529311459616,0.568257709498504,-2.86013385727844,0.00423462227085665,0.0158869098036878
"SLC39A5",2.28196796363357,-1.25958544399712,0.440413758034172,-2.86000475920507,0.00423634650469909,0.0158901599757061
"CHRM4",1.24338929881622,-3.06515293120043,1.07221230364057,-2.85871829747995,0.00425356330807558,0.0159444412445989
"ASPRV1",7.80163967042585,-1.51188058642915,0.528880120905394,-2.85864513841237,0.00425454430509785,0.0159444412445989
"SPAG8",1.68319932819637,-1.01169605834198,0.354103243984236,-2.85706520775906,0.00427577987353734,0.0160121299671772
"MYADML2",1.43779998198839,-2.70882537623345,0.948314651109136,-2.85646264461405,0.00428390410517106,0.0160307774098689
"BPIFB1",2.78258416008087,-1.08806583977431,0.381047835410202,-2.85545734330966,0.00429748953369215,0.0160739299561886
"FOXD4",1.69283574650411,-1.79220779926995,0.62797320517774,-2.85395584476042,0.00431785322284032,0.016130552116468
"DNAJC5G",1.62883861635907,-2.24883031753488,0.78878796053912,-2.85099472866936,0.00435826919907051,0.0162520358576976
"LCN15",0.904658739987069,-2.44932790550479,0.85920153530046,-2.85070243112201,0.00436227727833909,0.0162637076790251
"TTK",2.51008036446538,1.16189142901635,0.407881393164391,2.84860120733203,0.00439118843091546,0.0163583250437281
"RP11-178L8.4",1.54035449992498,1.16338115323634,0.408578610895157,2.84738633451095,0.00440798323405026,0.0164076900042361
"LGI3",0.942201827289416,-2.46753673780497,0.866714576225837,-2.84700039146683,0.00441333081057808,0.01641769698203
"UGT2B15",0.674358693323536,-2.2001139395469,0.773848548843019,-2.84308078478185,0.00446797439462273,0.0165976377330931
"BMP5",0.574959283803662,-1.92959487232259,0.679503423381555,-2.83971324635856,0.00451541036491816,0.0167369283127905
"CCDC151",0.889363312756431,-2.26608755215428,0.798635910699277,-2.83744760509218,0.00454758099277249,0.0168258072505774
"CCNE2",2.63522039566225,1.12964936145187,0.39828881536431,2.83625680128274,0.00456457273849826,0.0168718851052614
"LCE1D",1.01459491470075,-3.22069615347233,1.13573324251366,-2.83578575752887,0.00457130998526063,0.0168866780109688
"C15orf65",0.928970155587114,-2.05662509884169,0.725293151132893,-2.83557771864974,0.004574288391032,0.0168932944657925
"DMRTC1B",0.944950747903677,-1.98137493915669,0.699358626633353,-2.83313147747221,0.00460944228239552,0.0169868861827556
"TBC1D26",2.07753069807652,-1.76103149338234,0.621622262587599,-2.8329607856253,0.0046119043299184,0.0169925155553542
"GIPC2",0.52724822262235,-1.76995758689311,0.625943453586616,-2.82766370788187,0.00468890342849141,0.0172317200997059
"C9orf47",2.01777012963579,-1.03003547864759,0.364368257013618,-2.82690782970454,0.00469998536705611,0.0172655947974243
"UPP2",0.612095807614765,-2.05284856813584,0.726387005396408,-2.82610860723693,0.00471172856081739,0.0172950131596234
"RBM44",0.646621801509289,-2.40242482093747,0.850245962143029,-2.82556451651026,0.00471973822316408,0.0173175497958489
"OR51M1",0.974249733220729,-3.29170285581331,1.16505425822081,-2.82536442623724,0.00472268688823409,0.0173249369268908
"NEK5",1.37960918184463,-1.18351209847609,0.419570494142966,-2.82077056179459,0.0047908454385444,0.0175367666428299
"C10orf105",0.551460727731717,-2.28435507212067,0.809892148359062,-2.82056700605019,0.00479388606133783,0.017544429485892
"SLC22A14",1.08641357538105,-2.97355844452355,1.05446588974633,-2.81996646210991,0.00480286689162678,0.0175703536572607
"KRT6C",2.41527903279487,-2.34575199886591,0.832974008696139,-2.81611667876377,0.00486080097898638,0.0177457662153784
"TMIE",0.56192960003228,-2.03470954991426,0.722565050605902,-2.81595345389051,0.00486327120771303,0.0177457662153784
"GSG1L",0.942894762272189,-2.99976338362232,1.06530552752946,-2.81587141538545,0.0048645131989657,0.0177468019443062
"ASNSD1",7.47902687373341,-1.03226554327097,0.36665888669265,-2.81532939943784,0.00487272605987911,0.0177697641427606
"OPCML",0.87439330443256,-2.34090451984763,0.831615803453409,-2.81488700686864,0.00487943867936106,0.0177802406490509
"LILRA1",1.41222036576776,-1.48817366735842,0.529104736426137,-2.81262586574136,0.00491387880638875,0.0178916578045867
"PVALB",0.692203191396746,-2.51348964351843,0.894014134673046,-2.81146521742371,0.0049316422567112,0.0179387034326011
"SDC1",89.8841421838146,1.07357201138828,0.381834816292466,2.81161372818863,0.0049293660985681,0.0179387034326011
"RP5-1052I5.2",0.864058180149583,-1.6432825201156,0.584526264321327,-2.81130655783886,0.00493407501151974,0.0179407252517624
"SLC24A4",2.8121878527249,-1.03008307796336,0.366429283662453,-2.811137438765,0.00493666933852355,0.0179428943265568
"MRO",0.847797723005962,-1.91899470841023,0.68293425035783,-2.80992600298602,0.00495528915324994,0.017999973660815
"USP51",1.47625252101167,-1.09246241309946,0.388786648734196,-2.80992780142085,0.00495526146422621,0.017999973660815
"SAMD15",0.706499784275599,-2.01832917689371,0.718983508825196,-2.80719815144524,0.00499744906913666,0.0181388892139034
"ACADL",1.84958982381327,-1.87058601684959,0.667052797102904,-2.80425481307295,0.00504330297111739,0.0182802461117488
"KCND2",2.11502002295868,-1.11011796410191,0.396191039798066,-2.80197645223809,0.00507905807542698,0.0183774787405858
"ERP27",4.1199866408744,1.13488888795348,0.405153393024928,2.80113386063547,0.00509233909061665,0.0184183371678191
"NELL1",1.9509432687483,-3.648506826077,1.30299735909819,-2.80008765988763,0.00510887309595935,0.0184645301518378
"KMO",2.02350108671383,1.37444071621912,0.491263901460626,2.79776452560962,0.00514576119879211,0.0185716658074878
"CHST4",1.17346126296292,-1.6422375203743,0.587128573183887,-2.79706625666123,0.00515689567981821,0.0185991379352659
"CXCR1",1.2458613374976,-2.91986339637894,1.04486528367302,-2.79448790385181,0.00519819854292878,0.0187135147545436
"TRAPPC3L",1.47968776473554,-1.26028667585369,0.451109568976096,-2.79374848712303,0.00521009835048569,0.0187454237854887
"CACNG4",6.59368359160875,1.05660133993557,0.378284282317652,2.79314100353851,0.00521989330230867,0.0187700579557366
"GPR115",1.06835901600391,-2.42917684642469,0.8703334325232,-2.79108759430535,0.00525312537463586,0.0188672461099487
"EGLN3",17.4159996852473,1.04358130394835,0.373935269593604,2.79080736375181,0.00525767537550541,0.0188799269688079
"SLC12A3",1.15993038319199,-2.3695867157897,0.849467377809766,-2.78949701623546,0.00527899828742942,0.0189381379585062
"AC074389.6",0.811064172556077,-2.50725579217612,0.89899615177096,-2.78895052802729,0.00528791419310816,0.0189664497840336
"RP11-618P17.4",2.21422353467713,1.37159879587649,0.49205282725943,2.78750312952338,0.00531159412427295,0.0190440082016615
"SKIDA1",1.45508588879222,-1.56403359018906,0.56149554382085,-2.78547818838626,0.00534488357719926,0.0191448334203993
"TRDN",0.945666855199524,-3.24190627664799,1.16531279004435,-2.78200523013621,0.00540241694670351,0.0193172908661858
"ERMN",1.41018600868368,-1.81442698812376,0.652236866009534,-2.78185285542758,0.00540495395799153,0.0193189033596911
"CAPZA3",0.729805415515367,-2.86048718816874,1.02935442565585,-2.77891377048891,0.0054541001296651,0.0194570189910742
"GABRB1",1.46339585456604,-3.43423022501109,1.2359601837499,-2.77859292731554,0.0054594894864153,0.0194687455270282
"ZNF676",1.03546666894012,-1.62652564878812,0.585409994833314,-2.77843846730231,0.00546208573918424,0.0194742544872321
"FOXE1",0.592954393397981,-2.27014970231354,0.817590511196414,-2.77663411111699,0.00549249705477099,0.0195446712010304
"S1PR5",2.08513755197711,-1.05601856045624,0.380339491963604,-2.77651567289071,0.00549449859322779,0.0195446712010304
"CRHR2",1.15503505323531,-1.62205551824848,0.584522904284476,-2.77500762820246,0.00552004130684411,0.0196279909935432
"SERPINA9",0.849438953757267,-2.4396327311035,0.879270322821135,-2.77461056945031,0.00552678434227317,0.0196444251751264
"SALL4",3.71348676558152,1.16058390986034,0.4183262386264,2.77435121849203,0.00553119277284325,0.0196563224364165
"KIF5A",0.932242922065131,-1.95746503158536,0.705865761611211,-2.77314064237546,0.00555181207154572,0.0197165720584306
"DCSTAMP",2.21430188987819,-2.5023955425335,0.902369584714069,-2.7731381741179,0.00555185418323254,0.0197165720584306
"C15orf56",1.05138848496958,-1.81734287724492,0.655345643871419,-2.77310590867601,0.00555240470018216,0.0197165720584306
"ERVV-1",1.54878127402239,-3.06618639294365,1.10590677360514,-2.77255413035242,0.0055618268374739,0.0197424600773652
"TPSD1",4.69703937189462,-1.15414764237254,0.416407758851485,-2.77167660265469,0.0055768411749818,0.0197805921568389
"TREM1",5.54033831715256,-1.1139127183567,0.401972560941619,-2.77111630641494,0.00558644686107046,0.0197942846834365
"MDH1B",1.15116137523595,-1.29440192063683,0.467115016400438,-2.77105611078705,0.00558747973897066,0.0197942846834365
"NKX1-2",0.920965317022704,1.69079101561906,0.610778128583498,2.7682573040726,0.00563569425403327,0.0199358917061123
"TSPAN19",2.42419272681872,1.26331545997285,0.456668537891179,2.76637288350678,0.00566836790194686,0.0200361660839427
"ASIC4",0.94773671837552,-1.86737989550534,0.675218575950083,-2.76559319014261,0.00568193677543259,0.0200764656532931
"MYBPC1",15.5675402325052,-1.40533342858801,0.508399437349505,-2.76423088883534,0.00570571500776998,0.0201451112035676
"FAM230A",2.65500380896482,-4.22090197099339,1.52736869476413,-2.7635121666843,0.00571829604532283,0.0201856831239698
"GFRAL",1.62154458026394,-1.33931939070705,0.48483076016548,-2.76244723055509,0.00573698346694708,0.0202288857081344
"CHRDL2",6.39975004899765,-1.5379016254084,0.556791193495322,-2.76207965099815,0.00574344650053504,0.0202397481131868
"TGM4",1.34711685963411,-3.76437841682091,1.36345218367859,-2.76091707643507,0.00576393092243152,0.0202926304020674
"C1orf68",1.68561315665576,-4.20172676031545,1.52224569099022,-2.76021590022188,0.00577631738743168,0.0203323737457259
"KCNK4",0.923210045449106,-2.47341393725188,0.896689164009904,-2.75838499730611,0.00580877401327713,0.0204281595686976
"LRRC26",14.6949403941747,1.44591446742469,0.524238597355439,2.75812287519217,0.00581343411257658,0.0204397165210978
"SERTM1",0.567616961088613,-2.62852631173182,0.953177053163174,-2.75764749372523,0.00582189421207215,0.0204569039852987
"RSPH1",1.292048069128,-1.3435012471164,0.487353256659839,-2.75672980278068,0.0058382572487542,0.0204958682261989
"DEFB108B",0.8273683225698,-2.53418296243918,0.91935408261423,-2.75648198051517,0.00584268318776262,0.0205075190456205
"RAG1",0.910232648047406,-2.69811447119237,0.978888962364817,-2.75630288513441,0.0058458835933622,0.0205148647056185
"LRRC43",1.96936320483405,-1.364823779458,0.495503336708431,-2.75441894806271,0.00587964511648784,0.0206216222017777
"CYP19A1",1.23136499496919,-2.06743878538674,0.750970915525336,-2.75302111259592,0.00590480881459453,0.0206864292118071
"AMER3",1.34589863437562,-2.75197195146743,0.999686780055963,-2.75283419403963,0.00590818105158267,0.020694275612219
"PKLR",0.706800425262618,-2.94578670713856,1.07015236268654,-2.75267972099166,0.00591096924218171,0.0206962140460661
"FNDC5",3.04740846741639,-1.00973838256429,0.367074870709148,-2.75076956538481,0.00594554508928819,0.0207976177797537
"AP000275.65",0.980322640971184,-2.55582808929543,0.929364156144851,-2.75008248639307,0.00595802644990582,0.0208334087040128
"CYP2C8",0.923813871078816,-1.95159878644444,0.710054298656314,-2.74852048658474,0.00598648936997578,0.0209250341782773
"ACOT1",3.94601649668479,-1.36483794114115,0.4966633918433,-2.7480139739628,0.00599574536614681,0.0209415794214164
"STRIP2",11.384574691821,-1.06175204347574,0.386470817548433,-2.74730198313792,0.00600877806671092,0.020983142411693
"KCNH3",1.67754200619148,-1.01851736981392,0.371023772120307,-2.7451539398496,0.0060482519197783,0.0211065843925082
"TMEM35",0.645839346324412,-2.25507855197838,0.821677062556404,-2.7444827837379,0.00606063333549149,0.0211363303784548
"SLC24A5",0.774540929308753,-1.89553069462492,0.690707347080868,-2.74433260719752,0.00606340690020184,0.0211420223278498
"RP11-625H11.1",0.84283396485064,-1.6409882184756,0.598177036306843,-2.7433153044575,0.00608222527941133,0.0211996568734017
"KIF25",1.02528462604899,-1.87954425694912,0.685164882769775,-2.74319992780581,0.00608436287039283,0.0212031174196455
"FPGT-TNNI3K",1.02493960483565,-1.38507798861949,0.505023532992906,-2.7426008851729,0.00609547225480851,0.0212338418475763
"LCE3D",0.871534183014783,-2.99390991424327,1.0936107155658,-2.73763769102638,0.00618822091578059,0.0214922609792027
"SNAP25",1.29003196313275,-1.82840479045015,0.668279404980089,-2.73598853537111,0.00621931927583359,0.0215840793754899
"PLA2G2D",2.17930913543619,1.09520098197445,0.40112624632018,2.73031493705913,0.00632738471232303,0.0218893947780439
"FLT3",0.689478427381073,-1.55374563512617,0.569177383036854,-2.72980916219148,0.00633709980831348,0.0219180022263836
"CCDC169",1.17607786294527,-1.56918252629651,0.575156836467832,-2.72826892910326,0.00636676787490088,0.0220009840632302
"COL23A1",1.48437676644987,-1.00044076481848,0.366718234074067,-2.72809113881264,0.00637020051687711,0.0220087397824283
"FBXO43",4.31977097743212,-1.0212948889853,0.374391025416533,-2.72788293429055,0.00637422249116732,0.0220185283441628
"ANKRD20A1",0.623869665518729,-1.95208307422488,0.715829230493239,-2.72702341713513,0.00639085034477028,0.0220636216376207
"DPPA5",0.619058925143093,-2.33988471213321,0.858558666344951,-2.72536380314527,0.00642306701100642,0.022162452901986
"NMNAT2",2.7365230654415,-1.01539371328417,0.372812974997787,-2.72360079015543,0.0064574508665008,0.022264503930141
"LGALS7",36.804222579931,-2.67598637403776,0.982547330005323,-2.72351905329921,0.00645904898075352,0.022264503930141
"CACNG1",0.773061561547534,-2.52683015767467,0.928280119661522,-2.72205566418467,0.00648772135401755,0.0223439150091322
"MAPK4",3.6095791572995,-1.22233355852333,0.449492081198215,-2.71936616828697,0.00654071572438814,0.0225055056004305
"OR2B6",1.20382560195892,2.3978907808544,0.882247590207008,2.71793406688905,0.00656909270050296,0.0225947511603929
"PLK5",1.34663957920567,-1.17001643196689,0.430627161797716,-2.71700565074084,0.00658754829829278,0.0226456142503673
"SLC35G3",0.943071121772176,-1.87438410824783,0.690752733218955,-2.713538460446,0.00665688403837035,0.0228331122516103
"SLC35F3",3.0014372234522,1.19328565818209,0.439862313844107,2.71286177657177,0.00667049241511358,0.0228628535367753
"OR52K2",1.07104181356472,-2.46056669810371,0.907221601291457,-2.71220029880354,0.00668381915884228,0.0228958199482295
"GPR179",0.952030504087599,-1.74440574659531,0.643255255320211,-2.71184064516807,0.0066910751145313,0.0229122006417727
"ZNF812",0.944714009171516,-1.83480388147081,0.676800202089049,-2.71099783334492,0.00670810645834356,0.0229603260270305
"GTF2A1L",1.12951846190567,-3.03380217533384,1.11945361408916,-2.71007403714738,0.00672681907206063,0.0230048269668957
"TSLP",0.843564758194097,-2.82605577488912,1.0429832353491,-2.70958887842833,0.00673666533058649,0.0230257455717149
"SGPP2",5.74650639775052,-1.07136114654829,0.395422510498624,-2.70940858980768,0.00674032757422518,0.0230340124224721
"CXCL14",53.9366788958098,-1.08332646247024,0.399978419558063,-2.70846228070807,0.00675957952793719,0.0230912821867305
"ENOX1",1.37266825526498,-1.08556675744758,0.400942533959999,-2.70753702962301,0.00677845084117801,0.0231429431300091
"RP11-385D13.1",0.769841841501667,-2.04173966780186,0.75406971611277,-2.70762719172311,0.00677660982559064,0.0231429431300091
"XKR4",2.29902551463613,-1.37102693616921,0.506406224933637,-2.70736588269404,0.00678194671855752,0.023146345517067
"TCF15",0.840771068827946,-1.9234579127314,0.710496461387236,-2.70720266357959,0.00678528217036633,0.0231534628517917
"CDRT15L2",0.987254580807729,-2.33269644497074,0.862532034119216,-2.70447514143958,0.00684123882455703,0.0232929091008172
"ALOX12B",1.75937900919999,-2.1962085286629,0.812158711721355,-2.70416175676806,0.00684769457293023,0.0233063209995983
"LOH12CR2",23.2787588489716,-1.14444517292212,0.423523618345186,-2.70219917697568,0.00688824849301333,0.0234125124698609
"IFITM5",1.98194473950711,-1.06585975226877,0.394460019389828,-2.70207296018871,0.00689086395289496,0.0234125124698609
"PIGR",38.3578377005384,-1.346316217764,0.498898163877359,-2.69857921965604,0.00696361618434574,0.0235967982009608
"MAGEB10",1.63073040328911,-1.51138261628914,0.560136987840952,-2.69823748314634,0.00697076927743543,0.0236167163996084
"LEMD1",1.8562119207855,1.62847884512685,0.603570677593468,2.69807481639078,0.00697417647121418,0.0236239386612709
"PNPT1",263.861350593316,-1.18085265312769,0.437759377031985,-2.69749253832983,0.00698638504473727,0.0236573341573122
"SLITRK2",0.675988145788991,-2.61556861795505,0.969684506951502,-2.69733980403367,0.00698959058754387,0.0236631688653788
"GPR22",1.32377180449751,-1.48703586416251,0.551575181017428,-2.69598037645484,0.00701818010995258,0.0237469367914764
"LL22NC03-75H12.2",0.977760283535526,-2.55787668409331,0.949044503509642,-2.69521257921423,0.00703437368083388,0.023788692590178
"NPC1L1",0.780911386098363,-1.93516386523733,0.718734232469335,-2.69246096514527,0.00709268377943853,0.0239247293685596
"ART1",1.11566279443357,-2.64321462954024,0.981775558280716,-2.69227992818341,0.00709653534831011,0.0239333626586671
"ULBP2",1.14079595451071,1.30737056593145,0.48594637637068,2.6903597382403,0.00713750320487543,0.024058386598854
"TEKT3",1.42729700941839,-1.27976458000622,0.476219588942008,-2.68734132262262,0.00720233134482878,0.0242328031187863
"CD200R1",1.72781110203136,-1.07479720495063,0.400421360056752,-2.68416551204536,0.00727111001895059,0.0244242836001093
"MOGAT1",1.32449296067708,-2.70581580988749,1.00823620701693,-2.68371220062925,0.00728097532487678,0.0244485542000304
"SCT",2.25762177511686,1.09365471410203,0.408393175681483,2.67794561522008,0.00740752447909983,0.0247746782957543
"CRB1",1.33829007135303,-3.86928138749871,1.44500830129485,-2.67768799946097,0.00741322368247655,0.0247892632328634
"SLC4A1",1.25284460005201,-3.65873188707234,1.36667961552465,-2.67709552810429,0.00742634578387003,0.0248107461415658
"GOLGA6L18",1.76239935917072,-1.13846209772398,0.425348413519556,-2.67654012931127,0.00743866571396835,0.0248474240494358
"FAM169A",1.33239552357104,-1.1900414079698,0.444709950396804,-2.67599455984277,0.00745078545264917,0.0248834201503729
"COL24A1",2.14190022377824,-1.36675691798144,0.511064805853397,-2.67433190923639,0.00748783027333806,0.024998124066829
"ACOXL",1.84424299680591,-1.37334257002413,0.513776268257505,-2.67303621220553,0.00751681357693875,0.0250722890459319
"UNC13A",1.12927986802717,-2.07951297437724,0.778221843305027,-2.67213390663228,0.00753705652808712,0.0251262348835906
"AL138815.2",3.88028828351309,-1.17574207685335,0.440084491568694,-2.67162806092617,0.00754842639282436,0.0251596101579796
"CD1C",3.08558276147302,-1.01172016027894,0.37908261463889,-2.66886457254891,0.00761081308382872,0.0253356362219043
"FOXA3",1.82250533885136,-3.32667525025546,1.24722479483933,-2.66726195952832,0.00764720400118464,0.025431560719699
"TMPRSS3",9.18442978567252,1.00451290113639,0.376841889900508,2.66560838393416,0.00768491554803157,0.0255410022933143
"C14orf166B",1.71492932229445,-1.44366551670359,0.541727434677093,-2.66492967550021,0.00770044239975525,0.0255724719965548
"ST8SIA2",1.10362858285324,-1.7393644091822,0.652875885445949,-2.6641578406501,0.00771813387115861,0.0256192250110394
"AC012414.1",2.99071682270136,-2.59367873567586,0.973952298276604,-2.66304493584064,0.0077437072419255,0.0256949024605776
"KCNA6",1.04897513171325,-1.44745717306835,0.543567184022479,-2.66288550084453,0.00774737710028807,0.0257024751301336
"TRAM1L1",0.870837028994139,-1.69838090664522,0.637842864309546,-2.66269484488737,0.00775176764560177,0.0257124355895122
"DDO",0.811537900483615,-1.43939059020308,0.541536845273454,-2.65797351143531,0.00786120714415397,0.0260427971246682
"HEPACAM2",0.518373060555628,-1.90541760238696,0.717016601836744,-2.65742466423505,0.00787401868741417,0.0260712502910771
"USP17L13",1.09703911831348,-2.49678716522327,0.940532540510819,-2.65465261187797,0.00793901192390052,0.0262395394101509
"OR2L2",0.847244089667907,-2.82096081779446,1.06321166724253,-2.65324479095558,0.00797220315224038,0.0263304470017468
"NAT1",1.83438630052053,-1.16416698535703,0.438865460398512,-2.65267397507178,0.00798569625567017,0.0263656089211271
"AC110771.1",1.13188428076675,-1.94534318943246,0.734450942875743,-2.6487040534191,0.00808010541715942,0.0266156344543174
"WDR65",0.91161846411502,-1.89676031124314,0.716234071576255,-2.64824082868446,0.00809118626158305,0.026647395436885
"ADCYAP1",1.50230427123486,-1.53184303097735,0.578526743166187,-2.64783443301828,0.00810091889271281,0.0266747057299247
"FLRT3",2.08413429722674,-1.07831906675311,0.407305135770134,-2.64744775367052,0.00811018907270523,0.0267004838259236
"MIA2",0.95758847513967,-2.51306474334365,0.949513088435561,-2.64668783816791,0.00812843482095207,0.0267462905940086
"SFTPA2",1.00360833933113,-3.09229731854444,1.16863328758027,-2.64608012745147,0.0081430525282274,0.0267848728339243
"OR10A6",0.956775365883071,-3.14369564068544,1.18836885110549,-2.64538711003827,0.00815975089143161,0.0268288131842698
"CH17-132F21.1",206.018518861723,1.17780339792574,0.44536533881471,2.64457804700369,0.00817928416251843,0.0268706458421721
"ST8SIA5",0.92299037153479,-2.71185925908324,1.02657179063345,-2.64166547710206,0.0082499495254557,0.027064393395411
"KCTD14",5.05542009627242,-1.21547717040662,0.460417673430085,-2.63994464276618,0.00829195702795872,0.0271781327325874
"ASB5",0.752214945932394,-2.89467537725104,1.09665872432766,-2.6395407368192,0.00830184451477873,0.027200913515431
"HCN2",1.54494318243684,-1.38714244202945,0.525962666855964,-2.63734011830409,0.00835590046624507,0.0273524982179611
"AMY1A",1.42315345774313,-1.76271021032309,0.668349019950564,-2.63740973309645,0.00835418563877025,0.0273524982179611
"ISL1",0.746866160224963,-3.02894690166514,1.14898900705,-2.63618440479416,0.0083844153034761,0.0274277888115479
"HLA-DQA2",8.81764981449355,1.07436903539912,0.407688119283524,2.63527187715753,0.00840699149342543,0.0274822266927684
"ZC3H8",15.5381392278092,-1.00686825517687,0.382462616541897,-2.63259260285526,0.00847359199808212,0.0276706401601687
"SLC7A9",1.47600705096043,-1.38400744053714,0.52578912409047,-2.63224813356733,0.00848218884171087,0.0276938307290973
"NOX5",1.99793235042812,-1.275466653268,0.484854993590878,-2.63061465825438,0.00852306139742017,0.0278027726669631
"KIF15",1.10693428487611,1.16894121670002,0.444476811177473,2.62992621280591,0.00854034025354691,0.0278493278479218
"CDH2",1.83545483146994,1.13836337852739,0.432957389683351,2.62927347044461,0.00855675193875824,0.0278832089038846
"F5",1.6067298455077,-1.49901568946016,0.570268391654743,-2.62861437070093,0.00857335206939084,0.0279323882197462
"LRRC70",1.22798544503579,-1.16947953952335,0.445116375304077,-2.62735680915902,0.0086051049912057,0.0280210539112363
"HOXA1",0.744578574222285,-1.67719516726226,0.638425155454529,-2.62708189508632,0.00861206044791684,0.0280338459782629
"FAM181B",1.58536542342337,-1.30234619994485,0.495766207190703,-2.62693620713822,0.00861574845920992,0.0280409230296057
"CTAG2",0.985005459053351,-3.06031710174976,1.1655533317027,-2.62563455357217,0.00864876181905119,0.0281337199835226
"FAM135B",2.55743420378901,-1.7505672234464,0.667228967784638,-2.62363792336341,0.00869962137739786,0.0282592751932941
"KLK14",2.27100046562442,1.35042908282424,0.515139607626136,2.62148175529985,0.00875484482348532,0.0284037897741452
"CENPW",4.56370404421378,1.0177849382012,0.388819863710626,2.61762588075664,0.00885438230738119,0.0286764939844928
"SPAG6",1.92086164602428,-1.8952606552853,0.724495543325215,-2.61597282791641,0.00889736377109372,0.0287905261649542
"TRIM50",0.737069260234275,-2.22192057588327,0.849595301443959,-2.6152693783816,0.00891571080698599,0.0288398175981478
"AGMO",1.22048359228404,-1.65196058069941,0.631942782881525,-2.61409834157267,0.00894632819042481,0.0289287518755322
"BHLHE22",0.834843312909375,-1.36251731964899,0.521312596778109,-2.61362823010572,0.00895864589831416,0.0289502626497425
"NPY4R",2.40104990561157,-1.20387766765317,0.460881260314753,-2.61212110648846,0.00899823723828358,0.0290560233834534
"NKX3-1",1.21530481168153,-1.11054242416138,0.425227214220823,-2.61164475607778,0.0090107831671434,0.0290813252869542
"ERN2",2.07166256388385,-1.1415037078675,0.437211060691899,-2.61087563992785,0.00903107281662492,0.0291315797125613
"3-Sep",5.33788687816501,1.04044778647797,0.398552528251318,2.61056626849921,0.00903924567990073,0.029147790474081
"CA5A",3.14258351516257,-4.68556838343494,1.79492536977933,-2.6104530373934,0.00904223862905569,0.0291523662119007
"IRGM",0.941081537476382,-1.71317803863943,0.657093138185377,-2.60720731823578,0.00912840724027219,0.0293790371684312
"SPNS3",2.20655692949515,-1.09807691889497,0.421181467099068,-2.6071349398588,0.00913033709667006,0.029380143103635
"C12orf54",0.824217131733308,-2.13699416926775,0.819985209119006,-2.60613745894726,0.00915697048853643,0.0294453832272
"SIT1",2.97755824803211,1.0013005972556,0.384627931744829,2.60329662672518,0.00923320295797397,0.0296390615576419
"AC002985.3",0.579303702879748,1.51225525962843,0.581651051028608,2.59993557469572,0.00932412636787838,0.0298688115852375
"AICDA",3.51564563834794,-1.08209503086967,0.41628111208572,-2.59943341038939,0.00933777932786636,0.0299073748419057
"MRGPRE",0.858562766830927,-2.0822973002382,0.80125142630104,-2.59880635701465,0.00935485284096252,0.0299361755909309
"FUT8",126.465350392396,-1.01229416153407,0.389726776175089,-2.5974457579463,0.00939199527010451,0.0300290931111472
"SYT1",1.62542789297163,-1.47454581556345,0.568205237270372,-2.5950936718695,0.0094565142640351,0.0301925206364085
"USP27X",1.66847952230903,-1.08937167634033,0.420574523119469,-2.59019892184691,0.0095920486575415,0.0305506449237326
"IGFL2",4.01756994159247,-1.68256005912788,0.650321740053607,-2.5872732764388,0.0096738835550821,0.0307657402484943
"RIMKLA",1.94254568588834,-1.3784910255874,0.533089495274338,-2.58585291551844,0.00971383724728367,0.0308716014917962
"IGSF5",1.31711679777422,-1.29896811891149,0.50282548337975,-2.58333788132704,0.00978494420107925,0.0310602804614207
"CYP3A4",1.92700358916293,-1.0654998616418,0.412585020999457,-2.58249768510913,0.00980880202317551,0.0311031549100471
"KCNB1",1.24441398937147,-1.53128431628652,0.592978808497987,-2.58235925861374,0.00981273768757518,0.0311058578554283
"SPRR2E",1.00556447973822,-2.84938387239007,1.10422877385248,-2.58042892909683,0.00986776654864085,0.0312482085850446
"PPP1R1C",0.952441938824494,-2.75060902712141,1.0660612060011,-2.58016051202089,0.00987544018240292,0.0312618190152909
"PRSS42",1.44800521903752,-1.07123438331883,0.415261715912169,-2.57966083140062,0.00988973944978707,0.0312910410128042
"RANBP3L",0.94024756719728,-1.55538836605702,0.603272678930557,-2.57825096408198,0.00993018486258516,0.031398675839128
"AC005358.1",0.642167593855973,-2.80268814832187,1.08718926011717,-2.57792111377169,0.00993966865051622,0.0314221783145352
"TDRD5",1.77178659444542,1.08237528386891,0.420248734017979,2.57555870191533,0.0100078283880414,0.0316322521166045
"EPHA3",1.0700145960952,-1.25581358437732,0.487681903720714,-2.57506701560226,0.0100220666305916,0.0316610469267982
"BLID",1.01398092265351,-1.38462450986713,0.537936767658986,-2.57395402789215,0.0100543631683272,0.0317431805389363
"AC091801.1",1.40603687593225,-2.44271026553674,0.949165860380509,-2.57353363358168,0.0100665862137741,0.0317637665845867
"C1orf167",2.79321036952116,-1.0815808903141,0.420708726551614,-2.57085442267719,0.0101447961623779,0.0319506741233741
"ARL5C",3.1428918682105,-1.17078192262913,0.455807312513608,-2.56858960022536,0.0102113310132748,0.032121989305006
"PLAC8L1",0.852617384984132,-1.68318485818838,0.655553131716119,-2.56757961598338,0.0102411268779826,0.0321993128558807
"LOXL4",9.04129196812419,1.00175769669952,0.390231156755871,2.56708794097191,0.0102556599268922,0.0322395338027659
"AL353608.1",1.75200038238272,-1.22666442948603,0.47797809904768,-2.56636116158883,0.0102771758716881,0.0322907296853957
"AC016745.1",1.75200038238272,-1.22666442948603,0.47797809904768,-2.56636116158883,0.0102771758716881,0.0322907296853957
"RP11-480I12.4",2.56728230927861,-1.03660843468991,0.404059993254435,-2.56548149283654,0.0103032717691715,0.03235625630868
"NR2E1",0.900029107011677,-3.18018858710529,1.24083104915521,-2.56295052357889,0.0103786837290261,0.0325599559669751
"SIRPG",2.82598243068343,1.01733579236002,0.397203289669734,2.5612471467845,0.0104297131326863,0.0326812970129614
"PAH",1.85265285536242,-2.10981689316202,0.823741631561483,-2.56126048790645,0.0104293125963421,0.0326812970129614
"OR5B21",0.868788878392068,-2.86837206230539,1.11986263982222,-2.56136061719208,0.0104263068828232,0.0326812970129614
"NRG1",9.48087644125033,-1.07829016835729,0.4210536229488,-2.56093312012283,0.010439145010667,0.0326951300303184
"CC2D2B",0.69587519945307,-1.56701059347111,0.612367977438993,-2.55893621352404,0.0104993004208,0.0328493314854828
"PI15",5.36874524280159,-1.16950923406329,0.45709609668278,-2.55856316111777,0.0105105724865486,0.0328679425284235
"SCIN",2.33212922456874,-1.01913470000432,0.398391879679272,-2.55812116658799,0.0105239416241264,0.0329041942542318
"KIAA0408",0.725607937218176,-2.33535329311793,0.913045066715145,-2.55776344263029,0.0105347728785313,0.0329213874230059
"LTF",192.5291157584,1.41857600047414,0.554854688016044,2.55666218761968,0.0105681792272565,0.033009075151306
"DHH",0.998049862123938,-1.34217167376488,0.525609016736851,-2.55355526832,0.0106629354484132,0.0332377802718796
"RIMS2",48.4715587165312,-1.19153912866962,0.466721178336805,-2.55299991510084,0.0106799522269549,0.0332852221348911
"TFF3",14.9639795113852,-1.38200984970434,0.541354126452581,-2.55287580194588,0.0106837585227562,0.0332888520753082
"OR1B1",0.748600241340887,-2.10425392058225,0.824278065692571,-2.5528447354889,0.0106847114559825,0.0332888520753082
"14-Sep",1.47492718974043,-1.22271030329032,0.479054849400243,-2.55233884976032,0.0107002396460675,0.0333247356752907
"ANO3",0.610651870281537,-2.3226339979698,0.910090660964571,-2.55209079445791,0.0107078610464287,0.0333385446801064
"CNTN5",1.06567742417428,-2.45645312399045,0.962790684147016,-2.55138854627239,0.0107294635231282,0.0333833568579507
"DPP10",1.6820107992307,-1.63136519464422,0.639484407774502,-2.55106328600193,0.0107394822650198,0.0333963485040457
"AC138655.1",0.973212115528377,-1.59696455690174,0.625986473831307,-2.55111671523448,0.0107378359547651,0.0333963485040457
"DDIT4L",1.31126817344124,-1.64923449853569,0.646772700455733,-2.54994451276871,0.010774006512427,0.0334825752723445
"WFDC12",0.876087251619865,-2.62077650417189,1.02791634857992,-2.54960095516774,0.0107846281474717,0.0335099618432262
"GDNF",0.732781803188828,-2.45387521243463,0.962685331659454,-2.54898992613162,0.010803542094565,0.0335462207335345
"SATL1",0.86467077875922,-1.43604884516215,0.563503569985228,-2.54842901030742,0.0108209307775421,0.0335945826117388
"TRIM54",0.777736919414663,-2.70043953321607,1.0599230938324,-2.54776931357537,0.01084141355297,0.0336412567981422
"PIWIL1",2.62666751985206,-1.42261053777126,0.558431827079718,-2.5475097743098,0.0108494813708233,0.0336606522529964
"ENAM",1.12133233275329,-1.65381613082373,0.649671413176338,-2.54561936585447,0.0109084061739609,0.0338023555040744
"THEM5",4.73831283886235,-1.09383266330076,0.429750299686384,-2.54527492848521,0.0109191730066015,0.0338258776431298
"DOK6",1.11097794313875,-1.30822709922619,0.514066952964617,-2.54485741921682,0.0109322366690402,0.0338493626853832
"C19orf59",0.938954375963898,-2.59289859414748,1.01895931760229,-2.54465369652719,0.0109386160938409,0.033863454335638
"OR2T12",0.85262852030558,-2.84694238615117,1.11883001107788,-2.54457098751617,0.0109412070091637,0.0338658148769601
"TMEM59L",2.58765264128574,-1.08292792989501,0.426046632793407,-2.54180609947487,0.0110281334129231,0.0341006823162206
"SHH",1.26508157933367,-3.31975019855391,1.30742323070797,-2.53915497337176,0.0111120588994405,0.0343372630856585
"ZSCAN5B",0.961964417940858,-3.15032824261921,1.24231622034365,-2.53585052745087,0.011217460213905,0.0346052295273067
"DEFA1",0.899252462303988,-2.66227999086998,1.04984153775177,-2.53588746028399,0.0112162772846137,0.0346052295273067
"SLX1B",6.63135443655906,1.05627009941215,0.417624455680397,2.52923430379879,0.0114311687314598,0.035147428161371
"PLGLB2",1.46082575571809,-1.3323887463121,0.52692140747124,-2.52862898986473,0.0114509000730515,0.0351847331043562
"CXorf67",0.701460404516577,-2.40140907049546,0.950482879660372,-2.5265148082978,0.0115200531704121,0.0353678807927024
"SPANXD",0.935655181719158,-2.98988954610218,1.18350108239556,-2.52630909305994,0.0115268016879488,0.0353827346476945
"C20orf166",0.769259904904993,-2.92923733076976,1.15952312423871,-2.5262431335235,0.0115289662425595,0.0353835149535521
"ATG9B",12.3050918212106,-1.01034963415702,0.399973987409944,-2.52603835739318,0.011535688556684,0.0353865557215802
"KLK4",3.79189052618992,1.13086290655154,0.447934779001109,2.52461509926369,0.0115825069215933,0.0354890311334577
"GALR1",0.628354453567125,-2.50761060863182,0.993696649223128,-2.5235172228791,0.01161873690177,0.0355882660649221
"TNNC1",1.35131744017982,-1.37651660202955,0.546051999997091,-2.52085259652356,0.0117070882091682,0.0358174244813698
"C12orf56",1.78641457228559,-1.32049289020176,0.524379451933406,-2.51820105714108,0.0117955966698028,0.0360465338257857
"FBXO39",0.975430637333131,-2.29964020004382,0.913877019526041,-2.51635630496155,0.0118575241268547,0.0362059119481704
"FAM27E2",1.92259028317285,-1.10113873810204,0.437705115894031,-2.51570908841885,0.0118793191010304,0.0362545309588539
"C1QTNF1-AS1",1.11007314208627,-1.38683397562974,0.551383288581591,-2.51519043893643,0.0118968102194674,0.0362959510599532
"EFCAB10",0.809754451543794,-1.72358465407038,0.686683298263826,-2.51001394446057,0.0120726394172523,0.0367448868224935
"FAM92B",1.31141996860199,-3.26372351576974,1.30177593436055,-2.50713154977238,0.0121715403413593,0.0369757700840834
"MYBPC2",2.11592023600993,-3.11568832464454,1.24320837910387,-2.50616741088119,0.012204781818432,0.0370645956453513
"DIO2",26.3277701898301,-1.03446170851101,0.412777326977905,-2.50610108865397,0.0122070714234067,0.0370654716236621
"OR51I1",0.507253454815818,-2.02056968175036,0.806378665680282,-2.50573306034301,0.0122197835749724,0.0370797561231388
"TCP10",3.87390045652807,-5.40207118520506,2.15664990266166,-2.50484382214193,0.0122505473812042,0.0371548450294194
"TGM5",2.095739520138,-1.21154632230612,0.483889637934214,-2.50376579146924,0.0122879345970738,0.0372384903819492
"CYP26A1",0.744588309128849,-1.84657138721678,0.737677630309067,-2.50322269694299,0.0123068079378047,0.0372827439685998
"TEPP",1.27772655345224,-1.2557929816778,0.501991169254698,-2.50162365115359,0.0123625263518552,0.0373964907870427
"PCDHA2",1.20926434079516,-1.36210120189325,0.545463776701788,-2.49714327526818,0.0125198360422488,0.03780443481815
"CTD-2330K9.3",1.68988342502241,-1.59479971854705,0.638753536319987,-2.49673720436066,0.0125341807517181,0.0378415804210795
"CCRL2",2.56573769449895,-1.05256839368144,0.42163676197314,-2.49638667358064,0.012546575172528,0.0378609270963131
"RAB41",0.952027364786955,-1.60947605073396,0.644705426792981,-2.49645184272781,0.0125442700352159,0.0378609270963131
"C4orf22",0.612632468367162,-2.07034152732397,0.829521316222929,-2.49582679412132,0.0125663944646244,0.0378894283369319
"TRIM43",1.96638675113021,-3.77254177693419,1.51184773943009,-2.49531859495077,0.0125844083092028,0.0379252213965269
"KCNJ1",0.677125189539306,-2.34908005678394,0.942506207471346,-2.49237621796285,0.0126891551207591,0.0382160213246667
"SYN3",2.83044710371892,-1.3737607887126,0.551905321089042,-2.48912401497024,0.0128058287751638,0.0385173044127289
"PCDHA6",1.39440559394463,-1.20441910692223,0.483955540946131,-2.48869783486226,0.0128211882407753,0.0385509819148766
"OR9A2",0.952840948807721,-2.11553924657839,0.850300872007631,-2.48798903567325,0.0128467693583667,0.0386153622290925
"DKFZP779J2370",0.748971939384193,-1.70221245348039,0.684698500926652,-2.4860759168841,0.0129160409045116,0.0387921046916434
"KRTAP10-11",1.11682755686691,-3.37698600127489,1.35860172758351,-2.48563352505183,0.0129321063035369,0.0388340585204459
"PCSK1N",14.6433382009363,1.34635864116868,0.542426753588447,2.482102205066,0.01306098073897,0.0391829422169099
"PROX2",1.37934775165554,-1.06874567643408,0.43057221034151,-2.48215200787436,0.0130591553327713,0.0391829422169099
"OR2L8",0.802189765650264,-2.22700777432406,0.897562254218251,-2.4811736053492,0.0130950577589768,0.0392724513943926
"CYP1A1",0.6630875407706,-2.57855823372054,1.03990500327581,-2.47960941201149,0.0131526370910637,0.0394067101553418
"SLITRK4",0.760231106113527,-1.55683925376284,0.627885538390913,-2.47949531972431,0.0131568456754472,0.0394067101553418
"C6orf223",2.97264817790303,1.73574157429692,0.700303920268079,2.47855470183927,0.013191588161462,0.0394916107849684
"AC005477.1",1.19185893641265,-1.40164841782833,0.565584304786652,-2.47823075351615,0.0132035722213015,0.0395147139574967
"C1orf53",1.37413711926456,1.06859933730292,0.431277186552511,2.47775530592044,0.0132211782368332,0.0395610118421041
"AC019206.1",1.17926093349002,2.15369443135112,0.870663492478975,2.47362436803117,0.0133750242152498,0.039969699663578
"RIMS1",1.73558697297588,-1.51390151844994,0.612118997637237,-2.47321439833359,0.0133903784330149,0.0400091287846915
"CCL5",359.727882556585,-1.09719948514588,0.443722161583655,-2.47271734463283,0.0134090150195994,0.0400389773001807
"NPIPA3",0.681025694558637,-2.35275954199386,0.951516847228793,-2.47264097198705,0.0134118805748359,0.0400410786600758
"HAPLN2",0.877017769509528,-1.71735406750015,0.694739188775644,-2.47194068687371,0.0134381810060772,0.0400937481627838
"MYLK4",0.783568409437624,-1.63691167839396,0.662179377820392,-2.47200642789869,0.0134357100499456,0.0400937481627838
"CCK",1.257832754674,-3.43102542467334,1.38833771787601,-2.47131903174279,0.0134615665286162,0.0401505853853511
"CDH7",1.12889460801665,-1.66262960204335,0.673084689326041,-2.47016404979906,0.0135051103160789,0.0402415787121001
"MTUS2",1.47028563798825,-1.76017083399994,0.713399427640671,-2.46730059739621,0.0136136020575677,0.0405022716323979
"CLDN1",17.7726814406156,-1.15061925414844,0.466456851304093,-2.46672173627981,0.0136356275218301,0.0405391802502948
"TFDP3",0.902098343879405,-3.05942468828577,1.24025935142086,-2.46676204035942,0.0136340929466749,0.0405391802502948
"RP11-977G19.10",4.09289573481786,1.12429993132973,0.456826457276252,2.46110949447449,0.0138508087833816,0.0410668609389777
"TRIM15",0.715320676193689,-2.70392661574937,1.10026031471989,-2.45753353054249,0.0139894750707548,0.0413980569394541
"CLDN24",0.858203232808603,-1.67788622918521,0.682845465999267,-2.45719758383373,0.0140025649384526,0.0414173599153655
"RIMS4",1.16932957305217,-1.28313769507024,0.522368874122245,-2.45638237390455,0.014034373832845,0.0414847187379578
"AIM1L",9.2501095384057,-1.31760459203574,0.536425054453334,-2.45626967103261,0.0140387764307051,0.0414847187379578
"TNMD",0.741176604837096,-2.61117481253797,1.0633226161342,-2.455675044354,0.0140620249719596,0.0415335395520071
"AC027228.1",0.809930893848651,-3.01114459735737,1.22653785338261,-2.45499524458465,0.0140886452087019,0.0415955590586233
"RP11-701P16.2",1.73578438500413,-1.15890430443276,0.472138379163612,-2.45458610351853,0.0141046881676296,0.0416329935045157
"OR52I1",0.660359508992969,-2.17316667636503,0.885792808711682,-2.45335777734043,0.0141529493476705,0.0417687902832303
"PEX5L",0.832809379759466,-2.17127483885403,0.88565705930532,-2.45159773305156,0.0142223558097416,0.0419402124356049
"SPRR2G",0.79469922515139,-2.73613229575684,1.11661369991252,-2.45038395639531,0.0142703952754592,0.0420550932843365
"MAGEC3",0.877976116696283,-2.76321440883083,1.127861332454,-2.44995934280203,0.014287234613373,0.0420846309651551
"GDF9",0.861645061466228,-2.72980291243026,1.1143241039338,-2.4497387275331,0.0142959906978706,0.0421030152719867
"LIPM",0.62446396712445,-2.6323762612078,1.07457632680625,-2.44968756107953,0.0142980221391209,0.0421030152719867
"KCNA4",1.12856277421561,-3.50050522000016,1.42976162420114,-2.44831387326962,0.0143526563914622,0.0422370355390314
"SPANXN1",1.19610113956271,-3.35549023196201,1.37067193465997,-2.44806225845313,0.0143626835339994,0.0422598291368922
"SDR9C7",0.883147014040284,-2.48387214822703,1.0148909710506,-2.44742757505839,0.0143880038588242,0.042287306803101
"PTCHD2",1.16945217677469,-2.02653963188455,0.828026950433703,-2.44743197165635,0.0143878283237756,0.042287306803101
"ZNF385B",2.03638515501418,-1.03113038175665,0.421411445171112,-2.44684949488727,0.0144111002822516,0.0423484688922518
"SLC44A5",0.766026945369044,-1.88328401012386,0.769705168242691,-2.44676025032231,0.0144146688421646,0.0423522360873371
"GATA5",0.831710220661347,-2.1748534338369,0.889151180026689,-2.44598835686369,0.0144455665403266,0.042400011347752
"GDF6",0.602648928918949,-2.30662302212981,0.943022840138905,-2.44598849990744,0.0144455608091008,0.042400011347752
"BTNL2",0.661315776006167,-1.49371867552787,0.610703838956127,-2.44589698024672,0.0144492280681343,0.042400011347752
"FOXN4",0.66491546618798,-2.30644376878651,0.943113718089268,-2.44556274025929,0.0144626282818544,0.0424325678815946
"CHRNA4",0.89931904352266,-3.17165438878785,1.29752039545132,-2.44439655816328,0.0145094682431845,0.0425565116073258
"SOAT2",0.54517478621522,-1.8734443950664,0.767323144827018,-2.44153249865641,0.0146250719252182,0.0428209899144628
"RP11-362K2.2",0.732253297278603,-1.93365072886474,0.792134685633628,-2.44106307163915,0.0146440969288336,0.0428563696185584
"KCNC2",4.99231980079996,-1.1940224869664,0.489608567402583,-2.43872874468025,0.0147390272004252,0.0430778342519655
"FAM209A",1.26981508149448,-1.11461296611735,0.457123363461609,-2.43831983925924,0.0147557119016526,0.0431080908268786
"ZNF705A",0.910993928021849,-3.18880559020177,1.30786225725295,-2.43818152295302,0.0147613594334277,0.0431177889017422
"OR2AE1",0.928006423772404,-1.44540022447054,0.592841727020363,-2.43808787167388,0.0147651843487752,0.043122160912648
"AQP12B",1.44149078902107,-3.63835096719239,1.4924287133166,-2.43787253268999,0.0147739825595477,0.0431410539126506
"SLURP1",6.74429435232908,-1.26601111886395,0.519369257252266,-2.43759348707279,0.0147853905362409,0.0431675604527511
"CCDC110",0.618749797911434,-1.76708432888576,0.725008848304586,-2.4373279485044,0.0147962535239021,0.0431924677336035
"KPNA7",1.09823978839401,-2.00139852336067,0.821551037741161,-2.43612195885416,0.0148456782334292,0.0433299168357352
"CDH17",1.01793517215467,-1.69113273853792,0.694438208139913,-2.43525301274494,0.0148813801062343,0.0433930923059937
"BLM",2.69099825652684,1.04721485078302,0.430147982600831,2.43454553582044,0.0149105036387717,0.0434711708479977
"RP11-180C1.1",0.881620616498647,-1.60121722677414,0.657855071765977,-2.43399693260061,0.0149331216362041,0.0435302610868386
"CSH2",1.02935259509609,-2.7688509995265,1.13773653912222,-2.43364865618424,0.0149474961740943,0.0435653067091385
"HORMAD1",2.34763137630635,1.56252635183278,0.642334683613428,2.4325735347854,0.0149919469734996,0.0436670461583018
"CALML5",127.299916537413,1.26502133848384,0.520094998293593,2.43228899073114,0.0150037308927834,0.0436868075727251
"FCN3",1.49316056836556,-1.06418572934672,0.437590164838617,-2.4319233265656,0.0150188862460878,0.0437114725094339
"CCR3",1.3334565654864,-3.16662198333413,1.30312839436151,-2.43001533619845,0.0150981839560712,0.0439077662481318
"AC104809.3",3.79495532826971,-1.60429891912925,0.660439537235413,-2.42913821580823,0.0151347613869399,0.0439727137896314
"EIF5AL1",1.2550366219483,-3.77411339062377,1.5536738609597,-2.42915420376095,0.0151340939641215,0.0439727137896314
"DLGAP1",13.7753503089203,1.01379381242865,0.417451171533338,2.42853268013331,0.0151600587809007,0.0440393050093856
"ADAM20",1.09192722602733,-1.07167231906623,0.441441334952646,-2.42766645126513,0.0151963118559104,0.0441307758223851
"C10orf107",0.485692502702202,-2.12461673963469,0.875266583287855,-2.4273938708522,0.0152077355655086,0.0441570274563959
"TMEM189-UBE2V1",6.09321697465472,1.09805856239722,0.452406726690789,2.42714906214851,0.0152180018212759,0.044179910616563
"NCAN",5.73614010655808,3.64769952590821,1.50335297022012,2.42637597301858,0.0152504620288423,0.044246406281049
"KRTAP21-1",1.16528514681924,-2.23505703157062,0.921374822995717,-2.42578479006367,0.0152753255383635,0.0443046632667663
"CYP3A7",0.965794907016487,-1.37179759141889,0.565807666056585,-2.42449453005767,0.0153297142612576,0.0444484921019119
"CYP2C9",0.588261076791225,-2.53922690707263,1.04749013880709,-2.4241057867756,0.0153461344603925,0.0444682575837594
"C14orf28",1.03991401920856,-1.09620947798601,0.452260444208669,-2.4238455784124,0.0153571340978427,0.044493170305059
"RAB9B",0.620665519833208,-1.4818905772266,0.611438755779433,-2.42361244396024,0.0153669951496157,0.0444950497111323
"PTCHD3",0.650617118599972,-2.69110698912414,1.11036241500698,-2.42362939590965,0.0153662779332348,0.0444950497111323
"AC008267.1",1.6908098882612,-1.04911940912692,0.432973624107797,-2.42305616488482,0.0153905469964024,0.0445412049167758
"SH2D5",0.837871051944361,-2.14640809639821,0.886100753204018,-2.42230704424649,0.0154223136057964,0.0446261666312391
"SGCA",4.63985721604311,-1.0959414531915,0.452563078334966,-2.42163248761609,0.0154509676788012,0.0446951153126279
"P2RY13",1.2704223365925,-1.10423202305217,0.456063392982567,-2.421224856112,0.0154683059083606,0.0447312977415541
"GDF7",0.447901191314598,-1.96993332840151,0.813714797914035,-2.42091373224557,0.0154815507944259,0.0447556241320988
"LGSN",0.919767408088221,-2.96266118071566,1.22413949735262,-2.42019899457769,0.0155120157728002,0.0448366972758748
"TEKT4",0.945791306626002,-1.99522643470132,0.82466282156389,-2.41944511445001,0.0155442063169055,0.0449087177354117
"HABP2",0.928545726493208,-2.84398867451833,1.17638994229932,-2.41755609450348,0.0156251254426397,0.045100291950845
"LUZPP1",0.707263536501738,-2.69194706385368,1.11365185804257,-2.41722495626706,0.0156393483820738,0.0451132239110375
"CYP4F31P",1.61640853621176,-1.50238826212399,0.621612406914068,-2.41692129277542,0.015652401246086,0.0451368170449954
"ENPP7",0.983516279395685,-2.06942801325274,0.85627460158307,-2.41678079605164,0.0156584436886975,0.0451472126404195
"AMHR2",1.09785062609969,-3.46811498043763,1.43560502837803,-2.41578631439871,0.0157012727719342,0.0452636535847105
"FAM183B",0.665662799040491,-2.59246649889323,1.07319224476519,-2.41565899449864,0.0157067634595506,0.0452653917531967
"CT47A1",2.08763451567461,-4.51041096952078,1.86763566518329,-2.41503792929448,0.0157335712009481,0.0453214939010827
"AL589739.1",2.04208917116778,-1.42722838604569,0.591308123463278,-2.41367965264277,0.0157923403381828,0.0454695675025371
"SLC51B",0.906906658840771,-1.38030208472222,0.572237698769592,-2.41211316152379,0.0158603580436477,0.0456228531890733
"AP002884.2",0.833320288846399,-1.3129826533087,0.544551471417649,-2.41112681210936,0.0159033178107833,0.0457134017231519
"C5orf46",7.81133661229779,1.19261604693976,0.495316748181494,2.40778461725417,0.0160496465129539,0.046060048452577
"CLDN2",1.02538543908659,-1.37206854791649,0.570770706614197,-2.40388746657231,0.0162217660327047,0.046446058194119
"ESPNL",1.31857972708858,-1.19560377107983,0.497515715265184,-2.40314774869483,0.0162546185764801,0.046532928172112
"ASAH2",1.34036470841214,-1.34496651823651,0.559741124043028,-2.40283670515715,0.0162684501752447,0.0465581325936159
"SFTPD",0.83561590110659,-1.37932690715248,0.574253998547183,-2.40194567324228,0.0163081301774588,0.0466572732695231
"TXLNB",1.57527312013045,-1.18773162272949,0.494521882879843,-2.40177768436201,0.0163156206859102,0.046671494416128
"C11orf44",0.616036873237691,-1.92201063487071,0.800338118304448,-2.40149830541943,0.0163280846949077,0.0466999358738543
"FAM71A",0.757576715820544,-2.65676885815964,1.10658504321435,-2.40087183036778,0.0163560642148499,0.0467582993343803
"STATH",1.59309116047102,-4.0120051548853,1.67168869562923,-2.39997145723065,0.0163963502968058,0.0468476271186455
"ASMT",0.701355050605814,-1.85138395903939,0.77142689275111,-2.39994739156276,0.0163974282804329,0.0468476271186455
"C6",1.63718686984289,-1.70855537984286,0.712757053160148,-2.39710764315505,0.0165250682875292,0.0471468445504645
"TPPP2",0.870855681766463,-1.95565516421674,0.816072474514734,-2.39642338798358,0.0165559541074817,0.0472204160731098
"OR7C1",0.618449104631135,-2.19856516419798,0.918535803086145,-2.39355412909451,0.0166860190318177,0.0475620874895858
"CHRM5",1.12386794998399,-1.4088975132789,0.588620310879787,-2.39355911992415,0.0166857920183317,0.0475620874895858
"TUBAL3",1.05795892581511,-1.95617397756621,0.818382628798716,-2.39029264396488,0.0168349525363869,0.0478907987834369
"PGLYRP2",0.612841602197465,-2.16622735499908,0.906355163883982,-2.39004249252159,0.016846423565682,0.0479092776560306
"BFSP2",1.54293086516887,-1.68032187023716,0.703418743498231,-2.38879314173604,0.0169038169777865,0.0480276879985522
"SCAND3",1.32252286053873,-1.62201173898798,0.679135254641399,-2.3883486064119,0.0169242796589691,0.0480751754089023
"OR4F21",0.742893898589067,-2.2068387843217,0.925313165889159,-2.38496421068545,0.0170807829653361,0.0484559630933632
"HBZ",0.644876895199256,-2.53204962333536,1.0618427975568,-2.38458049455283,0.017098606898794,0.0484918690827534
"SELV",0.703570092222775,-2.55844802459559,1.07319051501932,-2.38396443948215,0.0171272573010366,0.0485582519102709
"CCDC155",1.2882970057445,-3.00590947881769,1.26182311496332,-2.38219560505126,0.0172097533298111,0.0487285685228012
"CATSPER1",0.833052604285586,-1.77747929957761,0.74616010980863,-2.38216875468388,0.0172110082753572,0.0487285685228012
"LPAR4",0.464748027738806,-2.02314131173729,0.849665306127811,-2.38110382658482,0.0172608461744689,0.0488622027882489
"MYL7",1.3820755315407,-2.01227005277376,0.84523426164884,-2.38072466306361,0.0172786212979244,0.0488867519894699
"EPHA8",0.739532681701141,-2.75600619320806,1.15798559601972,-2.38000040991971,0.0173126187922067,0.0489489124208904
"GYPB",1.12202394969538,-3.49054155872867,1.46893685722184,-2.37623662417338,0.0174902426457389,0.0493757467282999
"MCCD1",0.886476001434318,-1.53383325143976,0.645891004496499,-2.37475555590909,0.017560575366935,0.0495516418260772
"GSTM1",11.3143588153879,-1.4640177474554,0.616751935016639,-2.37375460754072,0.0176082485215108,0.0496634656792178
"SLC6A3",1.54828917280912,-2.6083630217926,1.10009927957783,-2.37102511583644,0.0177388256321099,0.049948088835199
"AP000322.53",0.569293133619343,-2.07949518006158,0.877041802138635,-2.37103314230953,0.017738440410193,0.049948088835199
