"ID","Description","GeneRatio","BgRatio","RichFactor","FoldEnrichment","zScore","pvalue","p.adjust","qvalue","geneID","Count"
"GO:0000280","nuclear division","65/724","451/18986",0.144124168514412,3.77947715941248,11.8947549655553,1.39598406364272e-20,6.78587853336724e-17,5.78525185111723e-17,"MYBL2/NUSAP1/CCNB1/AURKB/PLK1/CDCA8/FANCA/KIFC1/KIF2C/ZWINT/TPX2/NCAPD2/PRC1/CKS2/UBE2S/INCENP/AURKA/ESPL1/UBE2C/NCAPH/CDT1/CCNB2/TOP2A/CDC20/RCC1/NCAPG2/PTTG1/PSRC1/ANAPC11/KIF4A/PKMYT1/ASPM/CCNE1/CHMP4C/CDCA5/RAD54L/RAD51/CENPF/PDXP/MAD2L1/PRICKLE1/KIF11/KIF18B/MKI67/BUB3/CALR/RANBP1/MYBL1/KIF23/TDRKH/SPC24/SMC4/DLGAP5/SPAG5/RAD51AP1/KIF14/ANLN/TNF/CDC25B/MAPK15/KIF18A/TTK/CCNE2/KIF15/HORMAD1",65
"GO:0007059","chromosome segregation","62/724","429/18986",0.144522144522145,3.7899135854937,11.6376670637795,9.78220051163352e-20,2.37756383435253e-16,2.02697491654217e-16,"MYBL2/NUSAP1/CCNB1/AURKB/PLK1/CDCA8/KIFC1/KIF2C/ZWINT/TPX2/NCAPD2/CENPM/SAC3D1/PRC1/INCENP/AURKA/ESPL1/UBE2C/NCAPH/CDT1/CCNB2/TOP2A/CDC20/RCC1/NCAPG2/PTTG1/PSRC1/ANAPC11/KIF4A/DSN1/TACC3/TUBB/ASPM/CCNE1/CHMP4C/CDCA5/CENPF/MAD2L1/PRICKLE1/KIF11/KIF18B/MKI67/HJURP/BUB3/CENPO/CDC6/RCC2/KIF23/OIP5/SPC24/SMC4/DLGAP5/SPAG5/KIF14/CENPU/MAPK15/KIF18A/TTK/CCNE2/KIF15/CENPW/HORMAD1",62
"GO:0098813","nuclear chromosome segregation","53/724","324/18986",0.16358024691358,4.28968862969784,11.8918280508939,1.89229669695585e-19,3.06615141463413e-16,2.61402529681234e-16,"MYBL2/NUSAP1/CCNB1/AURKB/PLK1/CDCA8/KIFC1/KIF2C/ZWINT/TPX2/NCAPD2/PRC1/INCENP/AURKA/ESPL1/UBE2C/NCAPH/CDT1/CCNB2/TOP2A/CDC20/RCC1/NCAPG2/PTTG1/PSRC1/ANAPC11/KIF4A/DSN1/TACC3/ASPM/CCNE1/CHMP4C/CDCA5/CENPF/MAD2L1/PRICKLE1/KIF11/KIF18B/BUB3/CDC6/RCC2/KIF23/SPC24/SMC4/DLGAP5/SPAG5/KIF14/MAPK15/KIF18A/TTK/CCNE2/KIF15/HORMAD1",53
"GO:0000819","sister chromatid segregation","44/724","235/18986",0.187234042553191,4.90998001645703,12.008718557732,1.20734945979718e-18,1.25847367897141e-15,1.07290266765782e-15,"MYBL2/NUSAP1/CCNB1/AURKB/PLK1/CDCA8/KIFC1/KIF2C/ZWINT/TPX2/NCAPD2/PRC1/INCENP/ESPL1/UBE2C/NCAPH/CDT1/TOP2A/CDC20/RCC1/NCAPG2/PSRC1/ANAPC11/KIF4A/TACC3/CHMP4C/CDCA5/CENPF/MAD2L1/PRICKLE1/KIF11/KIF18B/BUB3/CDC6/KIF23/SPC24/SMC4/DLGAP5/SPAG5/KIF14/MAPK15/KIF18A/TTK/KIF15",44
"GO:0000070","mitotic sister chromatid segregation","40/724","194/18986",0.206185567010309,5.40696018682007,12.2843987385129,1.29445965744848e-18,1.25847367897141e-15,1.07290266765782e-15,"MYBL2/NUSAP1/CCNB1/AURKB/PLK1/CDCA8/KIFC1/KIF2C/ZWINT/TPX2/NCAPD2/PRC1/INCENP/ESPL1/UBE2C/NCAPH/CDT1/CDC20/RCC1/NCAPG2/PSRC1/ANAPC11/KIF4A/CHMP4C/CDCA5/CENPF/MAD2L1/PRICKLE1/KIF11/KIF18B/BUB3/KIF23/SPC24/SMC4/DLGAP5/SPAG5/KIF14/KIF18A/TTK/KIF15",40
"GO:0140014","mitotic nuclear division","48/724","282/18986",0.170212765957447,4.46361819677912,11.6677666404837,1.89965461634201e-18,1.53903684833975e-15,1.31209477623482e-15,"MYBL2/NUSAP1/CCNB1/AURKB/PLK1/CDCA8/KIFC1/KIF2C/ZWINT/TPX2/NCAPD2/PRC1/UBE2S/INCENP/AURKA/ESPL1/UBE2C/NCAPH/CDT1/CDC20/RCC1/NCAPG2/PSRC1/ANAPC11/KIF4A/PKMYT1/CHMP4C/CDCA5/CENPF/PDXP/MAD2L1/PRICKLE1/KIF11/KIF18B/MKI67/BUB3/RANBP1/KIF23/SPC24/SMC4/DLGAP5/SPAG5/KIF14/ANLN/TNF/KIF18A/TTK/KIF15",48
"GO:0044772","mitotic cell cycle phase transition","61/724","467/18986",0.130620985010707,3.42537295775314,10.5664382664243,2.99811979501118e-17,2.08198004622134e-14,1.77497708766301e-14,"E2F1/CCNB1/AURKB/PLK1/CDCA8/FOXM1/ZWINT/MELK/CKS2/UBE2S/INCENP/IQGAP3/AURKA/ESPL1/UBE2C/CCNA2/INHBA/DTL/CCNB2/EIF4EBP1/RFWD3/CDC20/RRM2/RCC1/ANAPC11/PKMYT1/TACC3/CCNE1/UBD/GTSE1/CHMP4C/CDCA5/CENPF/CDKN2A/CDKN3/MAD2L1/TICRR/BUB3/CDC6/TFDP1/ORC1/RCC2/CDK6/E2F3/SPC24/CCNF/DLGAP5/RBM38/KIF14/ANLN/CDKN2B/CDC7/CDC25A/CDC25B/EZH2/CCND1/MUC1/CCNO/TTK/CCNE2/BLM",61
"GO:0006261","DNA-templated DNA replication","33/724","169/18986",0.195266272189349,5.12061525384942,10.7134819031904,7.44002381896008e-15,4.52074447299562e-12,3.85412812832182e-12,"TK1/RECQL4/MCM2/MCM4/PARP1/MCM3/DDX11/POLD1/HMGA1/POLA2/CDT1/TONSL/MCM5/TIMELESS/RFWD3/MCM7/PCNA/GINS1/CCNE1/RAD51/TICRR/WRNIP1/CDK2AP1/CDC6/FEN1/ORC1/MCM6/CHTF18/DSCC1/CDC7/CDC45/CCNE2/BLM",33
"GO:1901990","regulation of mitotic cell cycle phase transition","47/724","368/18986",0.127717391304348,3.34922982224357,9.06114992606529,3.45675034346387e-13,1.86702926884199e-10,1.59172235113652e-10,"E2F1/CCNB1/AURKB/PLK1/CDCA8/ZWINT/INCENP/AURKA/ESPL1/UBE2C/INHBA/DTL/RFWD3/CDC20/RRM2/ANAPC11/PKMYT1/CCNE1/UBD/GTSE1/CHMP4C/CDCA5/CENPF/CDKN2A/MAD2L1/TICRR/BUB3/CDC6/TFDP1/ORC1/RCC2/CDK6/SPC24/DLGAP5/RBM38/KIF14/ANLN/CDKN2B/CDC7/CDC25A/CDC25B/EZH2/CCND1/MUC1/TTK/CCNE2/BLM",47
"GO:1905818","regulation of chromosome separation","21/724","77/18986",0.272727272727273,7.15193370165746,10.7701844920808,6.47657410662948e-13,3.14826267323259e-10,2.68402865871582e-10,"CCNB1/AURKB/PLK1/CDCA8/ZWINT/NCAPD2/INCENP/ESPL1/UBE2C/NCAPH/CDC20/NCAPG2/ANAPC11/CENPF/MAD2L1/BUB3/SPC24/SMC4/DLGAP5/MAPK15/TTK",21
"GO:0006260","DNA replication","40/724","283/18986",0.141342756183746,3.70653807859751,9.13381344520348,7.94272535295088e-13,3.50996254006311e-10,2.9923932741213e-10,"TK1/RECQL4/MCM2/MCM4/PARP1/MCM3/DDX11/POLD1/HMGA1/RNASEH2A/CCNA2/POLA2/CDT1/DTL/TONSL/MCM5/TIMELESS/RFWD3/MCM7/PCNA/GINS1/POLH/CCNE1/RAD51/TICRR/CHAF1B/WRNIP1/CDK2AP1/CDC6/FEN1/ORC1/MCM6/CHTF18/DSCC1/S100A11/CDC7/CDC25A/CDC45/CCNE2/BLM",40
"GO:1901987","regulation of cell cycle phase transition","54/724","479/18986",0.112734864300626,2.95633167625924,8.63460839421153,9.74871746513451e-13,3.94904296650157e-10,3.36672812809075e-10,"E2F1/CCNB1/AURKB/PLK1/CDCA8/ZWINT/INCENP/AURKA/ESPL1/UBE2C/CDT1/INHBA/DTL/TIMELESS/RFWD3/CDC20/RRM2/ANAPC11/PKMYT1/CCNE1/UBD/GTSE1/CHMP4C/CDCA5/RAD51/CENPF/CDKN2A/MAD2L1/TICRR/ATF5/BUB3/CDC6/TFDP1/ORC1/RCC2/CDK6/SPC24/DLGAP5/RBM38/KIF14/ANLN/CDKN2B/CDC7/CDC25A/CDC25B/CDC45/EZH2/CCND1/MUC1/MAPK15/TTK/CCNE2/BLM/HORMAD1",54
"GO:0051983","regulation of chromosome segregation","27/724","135/18986",0.2,5.24475138121547,9.85490314776813,1.16940663813661e-12,4.37268128306314e-10,3.72789792254562e-10,"CCNB1/AURKB/PLK1/CDCA8/KIF2C/ZWINT/NCAPD2/INCENP/ESPL1/UBE2C/NCAPH/CDC20/NCAPG2/ANAPC11/TACC3/CENPF/MAD2L1/MKI67/BUB3/CDC6/RCC2/SPC24/SMC4/DLGAP5/MAPK15/TTK/HORMAD1",27
"GO:0006268","DNA unwinding involved in DNA replication","12/724","21/18986",0.571428571428571,14.9850039463299,12.7672167566031,1.8531768997907e-12,6.43449493563041e-10,5.48568229659847e-10,"RECQL4/MCM2/MCM4/MCM3/HMGA1/MCM5/MCM7/GINS1/RAD51/MCM6/CDC45/BLM",12
"GO:0006270","DNA replication initiation","15/724","38/18986",0.394736842105263,10.3514829892411,11.4892323685972,3.1061871795793e-12,1.006611725329e-09,8.58179573754647e-10,"MCM2/MCM4/MCM3/POLA2/CDT1/MCM5/MCM7/CCNE1/TICRR/WRNIP1/CDC6/ORC1/MCM6/CDC45/CCNE2",15
"GO:0051304","chromosome separation","21/724","84/18986",0.25,6.55593922651934,10.1611687711296,4.12236186540387e-12,1.25242506423301e-09,1.0677459647431e-09,"CCNB1/AURKB/PLK1/CDCA8/ZWINT/NCAPD2/INCENP/ESPL1/UBE2C/NCAPH/CDC20/NCAPG2/ANAPC11/CENPF/MAD2L1/BUB3/SPC24/SMC4/DLGAP5/MAPK15/TTK",21
"GO:0090068","positive regulation of cell cycle process","38/724","274/18986",0.138686131386861,3.63687139573335,8.75395965514821,5.40147443914095e-12,1.54450395580377e-09,1.31675571931256e-09,"NUSAP1/CCNB1/AURKB/CDCA8/NCAPD2/DDX11/INCENP/AURKA/ESPL1/UBE2C/NCAPH/DTL/CDC20/RRM2/NCAPG2/ANAPC11/CCNE1/CDCA5/MAD2L1/CDC6/TFDP1/RANBP1/FEN1/RCC2/KIF23/SMC4/DLGAP5/SPAG5/RAD51AP1/KIF14/CDC7/TNF/CDC25A/CDC25B/EZH2/CCND1/MAPK15/CCNE2",38
"GO:1902850","microtubule cytoskeleton organization involved in mitosis","28/724","167/18986",0.167664670658683,4.39679756509081,8.77869669923239,3.86042374040589e-11,1.04252887789517e-08,8.88800483390527e-09,"MYBL2/NUSAP1/CCNB1/AURKB/PLK1/CDCA8/KIFC1/STMN1/TPX2/PRC1/CENPA/INCENP/AURKA/ESPL1/SAPCD2/CDC20/RCC1/PSRC1/KIF4A/TACC3/CHMP4C/MAD2L1/PRICKLE1/KIF11/KIF23/DLGAP5/TTK/KIF15",28
"GO:0007051","spindle organization","31/724","204/18986",0.151960784313725,3.98498266709999,8.53466332728171,4.75012246338129e-11,1.21528133128929e-08,1.03607934284388e-08,"MYBL2/CCNB1/AURKB/PLK1/CDCA8/KIFC1/STMN1/TPX2/SAC3D1/PRC1/INCENP/AURKA/ESPL1/CCNB2/CDC20/RCC1/PSRC1/KIF4A/TACC3/TUBB/ASPM/CHMP4C/PRICKLE1/KIF11/CEP72/KIF23/DLGAP5/SPAG5/MAPK15/TTK/KIF15",31
"GO:1905820","positive regulation of chromosome separation","13/724","32/18986",0.40625,10.6534012430939,10.8819148588499,5.76253164826408e-11,1.40058331711058e-08,1.19405721574819e-08,"AURKB/CDCA8/NCAPD2/INCENP/ESPL1/UBE2C/NCAPH/CDC20/NCAPG2/ANAPC11/SMC4/DLGAP5/MAPK15",13
"GO:0051783","regulation of nuclear division","26/724","151/18986",0.172185430463576,4.51534887124511,8.635241896966,1.04912964035269e-10,2.42848532464497e-08,2.07038766619977e-08,"NUSAP1/CCNB1/AURKB/PLK1/CDCA8/ZWINT/INCENP/AURKA/ESPL1/UBE2C/CDC20/RCC1/ANAPC11/PKMYT1/CENPF/PDXP/MAD2L1/MKI67/BUB3/CALR/SPC24/DLGAP5/RAD51AP1/TNF/TTK/HORMAD1",26
"GO:0007088","regulation of mitotic nuclear division","23/724","121/18986",0.190082644628099,4.98468106479156,8.75504254860638,1.62231913839266e-10,3.5845878780576e-08,3.05601456835019e-08,"NUSAP1/CCNB1/AURKB/PLK1/CDCA8/ZWINT/INCENP/AURKA/ESPL1/UBE2C/CDC20/RCC1/ANAPC11/PKMYT1/CENPF/PDXP/MAD2L1/MKI67/BUB3/SPC24/DLGAP5/TNF/TTK",23
"GO:0030198","extracellular matrix organization","40/724","339/18986",0.117994100294985,3.094248602487,7.74682976625637,2.37316441738123e-10,5.01563140560442e-08,4.27604041703886e-08,"MMP11/COL10A1/COL11A1/PRDX4/MMP9/SULF1/MMP1/PLOD1/COMP/ZNF469/ADAMTS14/COLGALT1/PRICKLE1/SPINT2/MMP14/SMOC1/FSCN1/MMP7/COL12A1/COL9A3/COL1A1/SERPINH1/MMP13/COL5A1/COL5A2/NOXO1/AGT/TNF/SPINT1/C6orf15/COL11A2/TGFBI/POSTN/MIA/COL1A2/MATN3/CYP1B1/COL22A1/LOXL4/KLK4",40
"GO:0043062","extracellular structure organization","40/724","340/18986",0.117647058823529,3.08514787130322,7.72474038066969,2.5942273584592e-10,5.2543913289459e-08,4.47959346940959e-08,"MMP11/COL10A1/COL11A1/PRDX4/MMP9/SULF1/MMP1/PLOD1/COMP/ZNF469/ADAMTS14/COLGALT1/PRICKLE1/SPINT2/MMP14/SMOC1/FSCN1/MMP7/COL12A1/COL9A3/COL1A1/SERPINH1/MMP13/COL5A1/COL5A2/NOXO1/AGT/TNF/SPINT1/C6orf15/COL11A2/TGFBI/POSTN/MIA/COL1A2/MATN3/CYP1B1/COL22A1/LOXL4/KLK4",40
"GO:0045229","external encapsulating structure organization","40/724","341/18986",0.117302052785924,3.07610051684192,7.70273198302168,2.83477293630498e-10,5.5119324973514e-08,4.69915833694008e-08,"MMP11/COL10A1/COL11A1/PRDX4/MMP9/SULF1/MMP1/PLOD1/COMP/ZNF469/ADAMTS14/COLGALT1/PRICKLE1/SPINT2/MMP14/SMOC1/FSCN1/MMP7/COL12A1/COL9A3/COL1A1/SERPINH1/MMP13/COL5A1/COL5A2/NOXO1/AGT/TNF/SPINT1/C6orf15/COL11A2/TGFBI/POSTN/MIA/COL1A2/MATN3/CYP1B1/COL22A1/LOXL4/KLK4",40
"GO:0090329","regulation of DNA-templated DNA replication","15/724","50/18986",0.3,7.8671270718232,9.6809143573277,2.94929062668272e-10,5.51403912934796e-08,4.70095433087039e-08,"MCM2/MCM4/MCM3/CDT1/MCM5/TIMELESS/MCM7/PCNA/TICRR/WRNIP1/MCM6/CHTF18/DSCC1/CDC7/BLM",15
"GO:0045787","positive regulation of cell cycle","41/724","365/18986",0.112328767123288,2.94568228260047,7.47338353741383,6.363350189709e-10,1.14563871378428e-07,9.76706031067616e-08,"NUSAP1/CCNB1/AURKB/CDCA8/NCAPD2/DDX11/INCENP/AURKA/ESPL1/UBE2C/NCAPH/DTL/EIF4EBP1/CDC20/RRM2/NCAPG2/PSRC1/ANAPC11/CCNE1/CDCA5/MAD2L1/CALR/CDC6/TFDP1/RANBP1/FEN1/RCC2/KIF23/SMC4/DLGAP5/SPAG5/RAD51AP1/KIF14/CDC7/TNF/CDC25A/CDC25B/EZH2/CCND1/MAPK15/CCNE2",41
"GO:0048525","negative regulation of viral process","20/724","99/18986",0.202020202020202,5.29772866789441,8.53641489837435,8.21925562733396e-10,1.42692148587394e-07,1.21651163175992e-07,"LRRC15/ISG15/OAS3/MX1/STAT1/OAS2/TRIM14/APOBEC3B/RSAD2/OAS1/BST2/IFIH1/IL32/TNF/LY6E/OASL/SLPI/IFITM1/IFIT1/LTF",20
"GO:0000075","cell cycle checkpoint signaling","29/724","203/18986",0.142857142857143,3.74625098658248,7.83260418368443,8.93871394016764e-10,1.46032348952282e-07,1.2449882693081e-07,"E2F1/CCNB1/AURKB/PLK1/CDCA8/ZWINT/INCENP/CDT1/DTL/TIMELESS/RFWD3/CDC20/GTSE1/CHMP4C/RAD51/CENPF/MAD2L1/TICRR/BUB3/CDC6/ORC1/SPC24/RBM38/CDC45/CCND1/MUC1/TTK/BLM/HORMAD1",29
"GO:0010965","regulation of mitotic sister chromatid separation","16/724","62/18986",0.258064516129032,6.76742113705222,9.05673070302481,9.01248810649754e-10,1.46032348952282e-07,1.2449882693081e-07,"CCNB1/AURKB/PLK1/CDCA8/ZWINT/INCENP/ESPL1/UBE2C/CDC20/ANAPC11/CENPF/MAD2L1/BUB3/SPC24/DLGAP5/TTK",16
"GO:0045071","negative regulation of viral genome replication","15/724","55/18986",0.272727272727273,7.15193370165746,9.09717665308889,1.3054706191235e-09,1.97095787588661e-07,1.68032593626297e-07,"ISG15/OAS3/MX1/OAS2/APOBEC3B/RSAD2/OAS1/BST2/IFIH1/TNF/OASL/SLPI/IFITM1/IFIT1/LTF",15
"GO:0007052","mitotic spindle organization","23/724","134/18986",0.171641791044776,4.50109260328193,8.09799857821258,1.33802941584567e-09,1.97095787588661e-07,1.68032593626297e-07,"MYBL2/CCNB1/AURKB/PLK1/CDCA8/KIFC1/STMN1/TPX2/PRC1/INCENP/AURKA/CDC20/RCC1/PSRC1/KIF4A/TACC3/CHMP4C/PRICKLE1/KIF11/KIF23/DLGAP5/TTK/KIF15",23
"GO:0051225","spindle assembly","23/724","134/18986",0.171641791044776,4.50109260328193,8.09799857821258,1.33802941584567e-09,1.97095787588661e-07,1.68032593626297e-07,"MYBL2/AURKB/PLK1/CDCA8/KIFC1/TPX2/SAC3D1/PRC1/INCENP/AURKA/CCNB2/CDC20/RCC1/KIF4A/TUBB/ASPM/CHMP4C/PRICKLE1/KIF11/KIF23/SPAG5/MAPK15/KIF15",23
"GO:0030174","regulation of DNA-templated DNA replication initiation","9/724","16/18986",0.5625,14.7508632596685,10.9561180718638,1.46062826569708e-09,2.08826882339809e-07,1.78033853933418e-07,"MCM2/MCM4/MCM3/CDT1/MCM5/MCM7/TICRR/WRNIP1/MCM6",9
"GO:0051310","metaphase chromosome alignment","20/724","103/18986",0.194174757281553,5.09199163224803,8.29121672467858,1.71329547904513e-09,2.37952266389668e-07,2.0286449025566e-07,"CCNB1/AURKB/CDCA8/KIFC1/KIF2C/ZWINT/INCENP/CDT1/PSRC1/DSN1/CHMP4C/CDCA5/CENPF/BUB3/RCC2/SPC24/SPAG5/KIF14/KIF18A/TTK",20
"GO:1903046","meiotic cell cycle process","30/724","222/18986",0.135135135135135,3.5437509332537,7.59082144056146,1.77977838107684e-09,2.40319519733737e-07,2.04882675037998e-07,"PLK1/FANCA/ZWINT/NCAPD2/CKS2/INCENP/AURKA/ESPL1/NCAPH/CCNB2/TOP2A/CDC20/PTTG1/PKMYT1/ASPM/CCNE1/RAD54L/RAD51/CALR/MYBL1/TDRKH/SMC4/RAD51AP1/CDC25A/CDC25B/MAPK15/KIF18A/TTK/CCNE2/HORMAD1",30
"GO:0000727","double-strand break repair via break-induced replication","8/724","12/18986",0.666666666666667,17.4825046040516,11.3719461696449,1.86041683426994e-09,2.44418546794221e-07,2.08377271024772e-07,"MCM2/MCM4/MCM3/MCM5/MCM7/MCM6/CDC7/CDC45",8
"GO:0051306","mitotic sister chromatid separation","16/724","65/18986",0.246153846153846,6.45507862303442,8.77174634257707,1.92022524859652e-09,2.45637235090202e-07,2.09416254950817e-07,"CCNB1/AURKB/PLK1/CDCA8/ZWINT/INCENP/ESPL1/UBE2C/CDC20/ANAPC11/CENPF/MAD2L1/BUB3/SPC24/DLGAP5/TTK",16
"GO:0033260","nuclear DNA replication","13/724","41/18986",0.317073170731707,8.31484975070745,9.33577654505432,2.12745677672246e-09,2.65168394657638e-07,2.2606740431731e-07,"TK1/MCM2/MCM4/MCM3/CDT1/PCNA/GINS1/RAD51/FEN1/MCM6/CDC7/CDC45/BLM",13
"GO:0032508","DNA duplex unwinding","17/724","77/18986",0.220779220779221,5.78966061562747,8.3852542934367,3.64748802963254e-09,4.43260982801094e-07,3.7789895717535e-07,"RECQL4/MCM2/MCM4/MCM3/DDX11/HMGA1/MCM5/TOP2A/MCM7/GINS1/RAD51/WRNIP1/MCM6/CHTF18/DSCC1/CDC45/BLM",17
"GO:0033044","regulation of chromosome organization","32/724","258/18986",0.124031007751938,3.25255899610262,7.25338519513747,4.46177059078383e-09,5.28991874190248e-07,4.5098821093494e-07,"CCNB1/AURKB/PLK1/CDCA8/MCM2/ZWINT/NCAPD2/PARP1/DDX11/INCENP/ESPL1/UBE2C/NCAPH/TOP2A/CDC20/SMG5/NCAPG2/ANAPC11/TACC3/CENPF/SLX1A/MAD2L1/BUB3/CDC6/CCT5/FEN1/SPC24/SMC4/DLGAP5/MAPK15/TTK/SLX1B",32
"GO:1901988","negative regulation of cell cycle phase transition","34/724","287/18986",0.118466898954704,3.10664715960498,7.16018056224772,4.84349870091233e-09,5.60577313931782e-07,4.77916150012327e-07,"E2F1/CCNB1/AURKB/PLK1/CDCA8/ZWINT/INCENP/CDT1/INHBA/DTL/TIMELESS/RFWD3/CDC20/PKMYT1/GTSE1/CHMP4C/RAD51/CENPF/MAD2L1/TICRR/ATF5/BUB3/CDC6/ORC1/SPC24/RBM38/CDKN2B/CDC45/EZH2/CCND1/MUC1/TTK/BLM/HORMAD1",34
"GO:0044784","metaphase/anaphase transition of cell cycle","19/724","100/18986",0.19,4.9825138121547,7.95037681000849,6.38133840364736e-09,7.21388046049531e-07,6.1501418103206e-07,"CCNB1/AURKB/PLK1/CDCA8/ZWINT/INCENP/ESPL1/UBE2C/CDC20/ANAPC11/TACC3/CENPF/MAD2L1/BUB3/CDC6/SPC24/DLGAP5/MAPK15/TTK",19
"GO:0044839","cell cycle G2/M phase transition","24/724","158/18986",0.151898734177215,3.98335547940415,7.49776574913365,7.38782801757155e-09,8.11316747987462e-07,6.9168224792963e-07,"CCNB1/AURKB/PLK1/FOXM1/MELK/AURKA/CCNA2/DTL/CCNB2/PKMYT1/CHMP4C/CENPF/TICRR/ATF5/CDC6/ORC1/RCC2/CDK6/KIF14/CDC7/CDC25A/CDC25B/CCND1/BLM",24
"GO:0044786","cell cycle DNA replication","13/724","45/18986",0.288888888888889,7.57575199508901,8.79327478552689,7.65525908349648e-09,8.11316747987462e-07,6.9168224792963e-07,"TK1/MCM2/MCM4/MCM3/CDT1/PCNA/GINS1/RAD51/FEN1/MCM6/CDC7/CDC45/BLM",13
"GO:0050000","chromosome localization","21/724","123/18986",0.170731707317073,4.47722678884247,7.70336728329156,7.67754997066925e-09,8.11316747987462e-07,6.9168224792963e-07,"CCNB1/AURKB/CDCA8/KIFC1/KIF2C/ZWINT/INCENP/CDT1/PSRC1/DSN1/CHMP4C/CDCA5/CENPF/BUB3/RCC2/SPC24/DLGAP5/SPAG5/KIF14/KIF18A/TTK",21
"GO:0034340","response to type I interferon","18/724","92/18986",0.195652173913043,5.13073504684122,7.9078734775158,9.8233124426828e-09,1.01598131455066e-06,8.66167549537339e-07,"TRIM65/IRAK1/ISG15/OAS3/MX1/STAT1/IFI27/OAS2/USP18/SHMT2/OAS1/IKBKE/IFIH1/NLRC5/FADD/OASL/IFITM1/IFIT1",18
"GO:0140013","meiotic nuclear division","27/724","200/18986",0.135,3.54020718232044,7.19063746308626,1.17969965194961e-08,1.1946916683598e-06,1.01852577406264e-06,"PLK1/FANCA/ZWINT/CKS2/INCENP/AURKA/ESPL1/NCAPH/CCNB2/TOP2A/CDC20/PTTG1/ASPM/CCNE1/RAD54L/RAD51/CALR/MYBL1/TDRKH/SMC4/RAD51AP1/CDC25B/MAPK15/KIF18A/TTK/CCNE2/HORMAD1",27
"GO:0032392","DNA geometric change","17/724","83/18986",0.204819277108434,5.37113093257006,7.94635401333309,1.22338695959304e-08,1.21364979807791e-06,1.03468839095978e-06,"RECQL4/MCM2/MCM4/MCM3/DDX11/HMGA1/MCM5/TOP2A/MCM7/GINS1/RAD51/WRNIP1/MCM6/CHTF18/DSCC1/CDC45/BLM",17
"GO:0051303","establishment of chromosome localization","20/724","115/18986",0.173913043478261,4.56065337496997,7.62573264809466,1.25727915741281e-08,1.22232679683674e-06,1.04208590373353e-06,"CCNB1/AURKB/CDCA8/KIFC1/KIF2C/ZWINT/INCENP/CDT1/PSRC1/DSN1/CHMP4C/CDCA5/CENPF/BUB3/RCC2/SPC24/SPAG5/KIF14/KIF18A/TTK",20
"GO:0000281","mitotic cytokinesis","18/724","94/18986",0.191489361702128,5.02157047137651,7.78253453176046,1.40271632411531e-08,1.33181514128784e-06,1.13542940292776e-06,"NUSAP1/AURKB/PLK1/CDCA8/STMN1/CENPA/INCENP/IQGAP3/ESPL1/KIF20A/KIF4A/CHMP4C/CFL1/CEP55/JTB/ARF1/KIF23/ANLN",18
"GO:0010948","negative regulation of cell cycle process","36/724","329/18986",0.109422492401216,2.86946884078658,6.81076175766088,1.42469424700612e-08,1.33181514128784e-06,1.13542940292776e-06,"E2F1/CCNB1/AURKB/PLK1/CDCA8/ZWINT/INCENP/ESPL1/CDT1/INHBA/DTL/TIMELESS/RFWD3/CDC20/PKMYT1/GTSE1/CHMP4C/RAD51/CENPF/MAD2L1/TICRR/ATF5/BUB3/CDC6/ORC1/SPC24/CCNF/RBM38/CDKN2B/CDC45/EZH2/CCND1/MUC1/TTK/BLM/HORMAD1",36
"GO:0007093","mitotic cell cycle checkpoint signaling","23/724","152/18986",0.151315789473684,3.96806847920907,7.31517705734689,1.6334924431062e-08,1.4981899558376e-06,1.27727105233548e-06,"CCNB1/AURKB/PLK1/CDCA8/ZWINT/INCENP/DTL/RFWD3/CDC20/GTSE1/CHMP4C/CENPF/MAD2L1/TICRR/BUB3/CDC6/ORC1/SPC24/RBM38/CCND1/MUC1/TTK/BLM",23
"GO:0000086","G2/M transition of mitotic cell cycle","22/724","141/18986",0.156028368794326,4.0916500137142,7.33672472059733,1.88562488684101e-08,1.69741158795077e-06,1.44711601939436e-06,"CCNB1/AURKB/PLK1/FOXM1/MELK/AURKA/CCNA2/DTL/PKMYT1/CHMP4C/CENPF/TICRR/CDC6/ORC1/RCC2/CDK6/KIF14/CDC7/CDC25A/CDC25B/CCND1/BLM",22
"GO:1902099","regulation of metaphase/anaphase transition of cell cycle","18/724","96/18986",0.1875,4.9169544198895,7.66070202369561,1.98317307153756e-08,1.7401203561887e-06,1.48352707203736e-06,"CCNB1/AURKB/PLK1/CDCA8/ZWINT/INCENP/ESPL1/UBE2C/CDC20/ANAPC11/CENPF/MAD2L1/BUB3/CDC6/SPC24/DLGAP5/MAPK15/TTK",18
"GO:1901991","negative regulation of mitotic cell cycle phase transition","27/724","205/18986",0.131707317073171,3.45386066567848,7.03344163467961,2.01120099944518e-08,1.7401203561887e-06,1.48352707203736e-06,"CCNB1/AURKB/PLK1/CDCA8/ZWINT/INCENP/INHBA/DTL/RFWD3/CDC20/PKMYT1/GTSE1/CHMP4C/CENPF/MAD2L1/TICRR/BUB3/CDC6/ORC1/SPC24/RBM38/CDKN2B/EZH2/CCND1/MUC1/TTK/BLM",27
"GO:0010389","regulation of G2/M transition of mitotic cell cycle","19/724","107/18986",0.177570093457944,4.65655496463056,7.55222493119105,2.040462051075e-08,1.7401203561887e-06,1.48352707203736e-06,"CCNB1/AURKB/PLK1/AURKA/DTL/PKMYT1/CHMP4C/CENPF/TICRR/CDC6/ORC1/RCC2/CDK6/KIF14/CDC7/CDC25A/CDC25B/CCND1/BLM",19
"GO:0090307","mitotic spindle assembly","16/724","76/18986",0.210526315789474,5.52079092759523,7.86277537902134,2.16971847467682e-08,1.79917303784133e-06,1.53387201030356e-06,"MYBL2/AURKB/PLK1/CDCA8/KIFC1/TPX2/PRC1/INCENP/CDC20/RCC1/KIF4A/CHMP4C/PRICKLE1/KIF11/KIF23/KIF15",16
"GO:0044771","meiotic cell cycle phase transition","8/724","15/18986",0.533333333333333,13.9860036832413,10.0178945019495,2.18373193237274e-08,1.79917303784133e-06,1.53387201030356e-06,"ZWINT/CCNB2/CDC20/PKMYT1/CDC25A/CDC25B/MAPK15/TTK",8
"GO:0007091","metaphase/anaphase transition of mitotic cell cycle","18/724","97/18986",0.185567010309278,4.86626416813806,7.60104533758047,2.34962144882958e-08,1.90358497712676e-06,1.62288765684948e-06,"CCNB1/AURKB/PLK1/CDCA8/ZWINT/INCENP/ESPL1/UBE2C/CDC20/ANAPC11/TACC3/CENPF/MAD2L1/BUB3/CDC6/SPC24/DLGAP5/TTK",18
"GO:0033045","regulation of sister chromatid segregation","19/724","108/18986",0.175925925925926,4.61343871495805,7.49816503143158,2.38907222588091e-08,1.90381640819789e-06,1.6230849617417e-06,"CCNB1/AURKB/PLK1/CDCA8/ZWINT/INCENP/ESPL1/UBE2C/CDC20/ANAPC11/TACC3/CENPF/MAD2L1/BUB3/CDC6/SPC24/DLGAP5/MAPK15/TTK",19
"GO:1902749","regulation of cell cycle G2/M phase transition","20/724","120/18986",0.166666666666667,4.37062615101289,7.37499463167104,2.66071440688619e-08,2.08608592449577e-06,1.77847752460287e-06,"CCNB1/AURKB/PLK1/AURKA/DTL/PKMYT1/CHMP4C/CENPF/TICRR/ATF5/CDC6/ORC1/RCC2/CDK6/KIF14/CDC7/CDC25A/CDC25B/CCND1/BLM",20
"GO:0045786","negative regulation of cell cycle","41/724","419/18986",0.0978520286396181,2.56604781181186,6.45418744842258,3.53844077479747e-08,2.73021596925246e-06,2.32762595327947e-06,"E2F1/CCNB1/AURKB/PLK1/CDCA8/ZWINT/INCENP/ESPL1/CDT1/INHBA/DTL/TIMELESS/RFWD3/CDC20/PKMYT1/GTSE1/CHMP4C/RAD51/CENPF/CDKN2A/MAD2L1/TICRR/ATF5/TAF6/BUB3/CDC6/ORC1/SCRIB/CDK6/SPC24/CCNF/RBM38/CDKN2B/TNF/CDC45/EZH2/CCND1/MUC1/TTK/BLM/HORMAD1",41
"GO:0050792","regulation of viral process","24/724","173/18986",0.138728323699422,3.63797783668125,6.94009764482682,4.49076421713201e-08,3.38462069113398e-06,2.88553398390942e-06,"LRRC15/ISG15/OAS3/MX1/KPNA2/STAT1/TOP2A/OAS2/TRIM14/APOBEC3B/RSAD2/OAS1/BST2/IFIH1/LGALS9/IL32/TNF/CXCR4/LY6E/OASL/SLPI/IFITM1/IFIT1/LTF",24
"GO:2001251","negative regulation of chromosome organization","18/724","101/18986",0.178217821782178,4.67354083474646,7.370339253573,4.52582482871238e-08,3.38462069113398e-06,2.88553398390942e-06,"CCNB1/AURKB/PLK1/CDCA8/MCM2/ZWINT/PARP1/INCENP/ESPL1/TOP2A/CDC20/CENPF/SLX1A/MAD2L1/BUB3/SPC24/TTK/SLX1B",18
"GO:0071103","DNA conformation change","17/724","91/18986",0.186813186813187,4.89894359783863,7.4232590320558,5.18742703051282e-08,3.81368487629163e-06,3.2513295635423e-06,"RECQL4/MCM2/MCM4/MCM3/DDX11/HMGA1/MCM5/TOP2A/MCM7/GINS1/RAD51/WRNIP1/MCM6/CHTF18/DSCC1/CDC45/BLM",17
"GO:0009615","response to virus","41/724","425/18986",0.0964705882352941,2.52982125446864,6.35089430064249,5.25646753160953e-08,3.81368487629163e-06,3.2513295635423e-06,"CXCL10/CXCL9/STMN1/TRIM65/ISG15/OAS3/BAX/MX1/IFI6/STAT1/IFI27/OAS2/EXOSC4/AP1S1/USP18/APOBEC3B/CFL1/RSAD2/OAS1/DDIT4/IKBKE/BST2/CALR/FOXP3/CCT5/ARF1/IFIH1/CDK6/NLRC5/LGALS9/ENO1/FADD/NMB/IFI44L/IFI44/MST1R/TNF/CXCR4/OASL/IFITM1/IFIT1",41
"GO:1901989","positive regulation of cell cycle phase transition","20/724","125/18986",0.16,4.19580110497238,7.13760986525589,5.40308877309806e-08,3.86241390088671e-06,3.29287314236642e-06,"CCNB1/ESPL1/UBE2C/DTL/CDC20/RRM2/ANAPC11/CCNE1/CDCA5/CDC6/TFDP1/RCC2/DLGAP5/CDC7/CDC25A/CDC25B/EZH2/CCND1/MAPK15/CCNE2",20
"GO:0030199","collagen fibril organization","15/724","72/18986",0.208333333333333,5.46328268876611,7.55491121491833,6.93504489075425e-08,4.88568887158789e-06,4.16525884590381e-06,"MMP11/COL11A1/PLOD1/COMP/ADAMTS14/COLGALT1/COL12A1/COL1A1/SERPINH1/COL5A1/COL5A2/COL11A2/COL1A2/CYP1B1/LOXL4",15
"GO:0030071","regulation of mitotic metaphase/anaphase transition","17/724","93/18986",0.182795698924731,4.79358997207865,7.30199977503287,7.25122624655815e-08,5.03545868350274e-06,4.2929440199548e-06,"CCNB1/AURKB/PLK1/CDCA8/ZWINT/INCENP/ESPL1/UBE2C/CDC20/ANAPC11/CENPF/MAD2L1/BUB3/CDC6/SPC24/DLGAP5/TTK",17
"GO:1902969","mitotic DNA replication","8/724","17/18986",0.470588235294118,12.3405914852129,9.31404567756478,7.70719609304166e-08,5.27671552229233e-06,4.49862579960045e-06,"TK1/MCM2/MCM4/MCM3/GINS1/RAD51/MCM6/CDC45",8
"GO:1901992","positive regulation of mitotic cell cycle phase transition","18/724","105/18986",0.171428571428571,4.49550118389897,7.15141566690908,8.42651814323524e-08,5.6890700964259e-06,4.85017572074812e-06,"CCNB1/ESPL1/UBE2C/DTL/CDC20/RRM2/ANAPC11/CCNE1/CDCA5/CDC6/TFDP1/RCC2/DLGAP5/CDC7/CDC25A/CDC25B/CCND1/CCNE2",18
"GO:0051984","positive regulation of chromosome segregation","10/724","30/18986",0.333333333333333,8.74125230202578,8.44887556992234,9.18714920487519e-08,6.11763455957511e-06,5.21554526598322e-06,"CCNB1/AURKB/CDCA8/NCAPD2/INCENP/NCAPH/NCAPG2/CDC6/RCC2/SMC4",10
"GO:0051321","meiotic cell cycle","32/724","295/18986",0.108474576271186,2.84461091862534,6.35769850363759,1.11035087478808e-07,7.29380486803361e-06,6.21828078810908e-06,"PLK1/FANCA/ZWINT/NCAPD2/CKS2/INCENP/AURKA/ESPL1/NCAPH/CCNB2/TOP2A/CDC20/PTTG1/ANAPC11/PKMYT1/ASPM/CCNE1/RAD54L/RAD51/BUB3/CALR/MYBL1/TDRKH/SMC4/RAD51AP1/CDC25A/CDC25B/MAPK15/KIF18A/TTK/CCNE2/HORMAD1",32
"GO:0045069","regulation of viral genome replication","16/724","85/18986",0.188235294117647,4.93623659408515,7.24183592463147,1.14481429542892e-07,7.41992305344e-06,6.32580193839113e-06,"ISG15/OAS3/MX1/TOP2A/OAS2/APOBEC3B/RSAD2/OAS1/BST2/IFIH1/TNF/OASL/SLPI/IFITM1/IFIT1/LTF",16
"GO:0071357","cellular response to type I interferon","16/724","86/18986",0.186046511627907,4.87883849415392,7.17828066856883,1.35740550576349e-07,8.68203705725831e-06,7.4018081387685e-06,"TRIM65/IRAK1/ISG15/OAS3/STAT1/IFI27/OAS2/USP18/OAS1/IKBKE/IFIH1/NLRC5/FADD/OASL/IFITM1/IFIT1",16
"GO:1903900","regulation of viral life cycle","21/724","146/18986",0.143835616438356,3.77191023991523,6.69446007942161,1.66279149340848e-07,1.0497181103193e-05,8.94929611695035e-06,"LRRC15/ISG15/OAS3/MX1/KPNA2/TOP2A/OAS2/APOBEC3B/RSAD2/OAS1/BST2/IFIH1/LGALS9/IL32/TNF/LY6E/OASL/SLPI/IFITM1/IFIT1/LTF",21
"GO:0000082","G1/S transition of mitotic cell cycle","29/724","256/18986",0.11328125,2.97065996201657,6.320671238902,1.73470678113845e-07,1.06739362824228e-05,9.0999874714751e-06,"E2F1/CCNB1/IQGAP3/CCNA2/INHBA/CCNB2/EIF4EBP1/RFWD3/RRM2/RCC1/CCNE1/GTSE1/CDKN2A/CDKN3/CDC6/TFDP1/CDK6/E2F3/CCNF/RBM38/KIF14/CDKN2B/CDC7/CDC25A/EZH2/CCND1/MUC1/CCNO/CCNE2",29
"GO:0045930","negative regulation of mitotic cell cycle","29/724","256/18986",0.11328125,2.97065996201657,6.320671238902,1.73470678113845e-07,1.06739362824228e-05,9.0999874714751e-06,"CCNB1/AURKB/PLK1/CDCA8/ZWINT/INCENP/INHBA/DTL/RFWD3/CDC20/PKMYT1/GTSE1/CHMP4C/CENPF/MAD2L1/TICRR/BUB3/CDC6/ORC1/SCRIB/SPC24/RBM38/CDKN2B/TNF/EZH2/CCND1/MUC1/TTK/BLM",29
"GO:0007094","mitotic spindle assembly checkpoint signaling","12/724","49/18986",0.244897959183673,6.4221445484271,7.56682963836063,2.17653342452272e-07,1.29025963129329e-05,1.10000155229088e-05,"CCNB1/AURKB/PLK1/CDCA8/ZWINT/INCENP/CDC20/CENPF/MAD2L1/BUB3/SPC24/TTK",12
"GO:0071173","spindle assembly checkpoint signaling","12/724","49/18986",0.244897959183673,6.4221445484271,7.56682963836063,2.17653342452272e-07,1.29025963129329e-05,1.10000155229088e-05,"CCNB1/AURKB/PLK1/CDCA8/ZWINT/INCENP/CDC20/CENPF/MAD2L1/BUB3/SPC24/TTK",12
"GO:0071174","mitotic spindle checkpoint signaling","12/724","49/18986",0.244897959183673,6.4221445484271,7.56682963836063,2.17653342452272e-07,1.29025963129329e-05,1.10000155229088e-05,"CCNB1/AURKB/PLK1/CDCA8/ZWINT/INCENP/CDC20/CENPF/MAD2L1/BUB3/SPC24/TTK",12
"GO:0045931","positive regulation of mitotic cell cycle","20/724","136/18986",0.147058823529412,3.85643483912902,6.65638622116869,2.25763499850097e-07,1.32221249731484e-05,1.12724273799598e-05,"CCNB1/AURKA/ESPL1/UBE2C/DTL/EIF4EBP1/CDC20/RRM2/ANAPC11/CCNE1/CDCA5/CDC6/TFDP1/RCC2/DLGAP5/CDC7/CDC25A/CDC25B/CCND1/CCNE2",20
"GO:0031577","spindle checkpoint signaling","12/724","50/18986",0.24,6.29370165745856,7.46278201103593,2.76533465012107e-07,1.60027282550459e-05,1.36430106735923e-05,"CCNB1/AURKB/PLK1/CDCA8/ZWINT/INCENP/CDC20/CENPF/MAD2L1/BUB3/SPC24/TTK",12
"GO:0051231","spindle elongation","7/724","14/18986",0.5,13.1118784530387,9.02649983071362,3.09380754795149e-07,1.76929394006967e-05,1.50839880077833e-05,"AURKB/CDCA8/PRC1/INCENP/KIF4A/KIF11/KIF23",7
"GO:0000910","cytokinesis","24/724","192/18986",0.125,3.27796961325967,6.31668680636076,3.28837486891467e-07,1.85869653927839e-05,1.58461834258471e-05,"NUSAP1/AURKB/PLK1/CDCA8/STMN1/PRC1/CENPA/INCENP/IQGAP3/AURKA/ESPL1/KIF20A/KIF4A/CHMP4C/CFL1/PDXP/CEP55/JTB/CDC6/ARF1/KIF23/KIF14/ANLN/CDC25B",24
"GO:0006275","regulation of DNA replication","19/724","127/18986",0.149606299212598,3.92323922216905,6.58123353444215,3.43387490263239e-07,1.86524824222275e-05,1.59020394972465e-05,"MCM2/MCM4/MCM3/CCNA2/CDT1/MCM5/TIMELESS/MCM7/PCNA/TICRR/WRNIP1/CDC6/MCM6/CHTF18/DSCC1/S100A11/CDC7/CDC25A/BLM",19
"GO:0033046","negative regulation of sister chromatid segregation","12/724","51/18986",0.235294117647059,6.17029574260643,7.36153249588047,3.49182452257293e-07,1.86524824222275e-05,1.59020394972465e-05,"CCNB1/AURKB/PLK1/CDCA8/ZWINT/INCENP/CDC20/CENPF/MAD2L1/BUB3/SPC24/TTK",12
"GO:0033048","negative regulation of mitotic sister chromatid segregation","12/724","51/18986",0.235294117647059,6.17029574260643,7.36153249588047,3.49182452257293e-07,1.86524824222275e-05,1.59020394972465e-05,"CCNB1/AURKB/PLK1/CDCA8/ZWINT/INCENP/CDC20/CENPF/MAD2L1/BUB3/SPC24/TTK",12
"GO:0045841","negative regulation of mitotic metaphase/anaphase transition","12/724","51/18986",0.235294117647059,6.17029574260643,7.36153249588047,3.49182452257293e-07,1.86524824222275e-05,1.59020394972465e-05,"CCNB1/AURKB/PLK1/CDCA8/ZWINT/INCENP/CDC20/CENPF/MAD2L1/BUB3/SPC24/TTK",12
"GO:2000816","negative regulation of mitotic sister chromatid separation","12/724","51/18986",0.235294117647059,6.17029574260643,7.36153249588047,3.49182452257293e-07,1.86524824222275e-05,1.59020394972465e-05,"CCNB1/AURKB/PLK1/CDCA8/ZWINT/INCENP/CDC20/CENPF/MAD2L1/BUB3/SPC24/TTK",12
"GO:0061982","meiosis I cell cycle process","20/724","140/18986",0.142857142857143,3.74625098658248,6.49374252542099,3.65144595402961e-07,1.92931291114543e-05,1.64482182162638e-05,"PLK1/ZWINT/CKS2/AURKA/ESPL1/CCNB2/TOP2A/CDC20/PTTG1/PKMYT1/CCNE1/RAD54L/RAD51/MYBL1/RAD51AP1/CDC25A/CDC25B/MAPK15/CCNE2/HORMAD1",20
"GO:1902100","negative regulation of metaphase/anaphase transition of cell cycle","12/724","53/18986",0.226415094339623,5.93745439382883,7.16690634273943,5.47136567842388e-07,2.82939452795941e-05,2.41217991891991e-05,"CCNB1/AURKB/PLK1/CDCA8/ZWINT/INCENP/CDC20/CENPF/MAD2L1/BUB3/SPC24/TTK",12
"GO:1905819","negative regulation of chromosome separation","12/724","53/18986",0.226415094339623,5.93745439382883,7.16690634273943,5.47136567842388e-07,2.82939452795941e-05,2.41217991891991e-05,"CCNB1/AURKB/PLK1/CDCA8/ZWINT/INCENP/CDC20/CENPF/MAD2L1/BUB3/SPC24/TTK",12
"GO:1901970","positive regulation of mitotic sister chromatid separation","8/724","21/18986",0.380952380952381,9.99000263088661,8.2071705286206,5.63183297254523e-07,2.88172000837288e-05,2.4567896302394e-05,"AURKB/CDCA8/INCENP/ESPL1/UBE2C/CDC20/ANAPC11/DLGAP5",8
"GO:0007080","mitotic metaphase chromosome alignment","13/724","63/18986",0.206349206349206,5.41125142506358,6.98292707081499,5.82591641952831e-07,2.94997705367991e-05,2.51498168242138e-05,"CCNB1/AURKB/CDCA8/KIFC1/KIF2C/INCENP/CDT1/PSRC1/CHMP4C/CDCA5/KIF14/KIF18A/TTK",13
"GO:0051985","negative regulation of chromosome segregation","12/724","54/18986",0.222222222222222,5.82750153468386,7.07329004759389,6.79280377680651e-07,3.37899722194047e-05,2.88073973576579e-05,"CCNB1/AURKB/PLK1/CDCA8/ZWINT/INCENP/CDC20/CENPF/MAD2L1/BUB3/SPC24/TTK",12
"GO:0060337","type I interferon-mediated signaling pathway","15/724","85/18986",0.176470588235294,4.62772180695483,6.67423450756277,6.812214107183e-07,3.37899722194047e-05,2.88073973576579e-05,"TRIM65/IRAK1/ISG15/OAS3/STAT1/IFI27/OAS2/USP18/OAS1/IKBKE/IFIH1/NLRC5/FADD/OASL/IFITM1",15
"GO:0051656","establishment of organelle localization","42/724","488/18986",0.0860655737704918,2.25696268453944,5.60106126474951,8.16341074938438e-07,4.00831713664217e-05,3.41726189477154e-05,"NUSAP1/CCNB1/LMNB1/AURKB/PLK1/CDCA8/KIFC1/KIF2C/ZWINT/LMNB2/CENPA/INCENP/ESPL1/LLGL2/TRIM46/CDT1/SAPCD2/CDR2L/PSRC1/DSN1/TACC3/UCHL1/CHMP4C/CFL1/CDCA5/CENPF/MAD2L1/F8A1/TCIRG1/TMED9/BUB3/RCC2/SCRIB/SPC24/LGALS9/SPAG5/KIF14/AP1M2/MAPK15/KIF18A/TTK/SDC1",42
"GO:0061640","cytoskeleton-dependent cytokinesis","18/724","123/18986",0.146341463414634,3.83762296186498,6.28640385403917,9.71091078549869e-07,4.72047373283091e-05,4.02440586973772e-05,"NUSAP1/AURKB/PLK1/CDCA8/STMN1/CENPA/INCENP/IQGAP3/ESPL1/KIF20A/KIF4A/CHMP4C/CFL1/CEP55/JTB/ARF1/KIF23/ANLN",18
"GO:0051256","mitotic spindle midzone assembly","6/724","11/18986",0.545454545454545,14.3038674033149,8.78787301295939,1.18117300891261e-06,5.68483365972692e-05,4.84656397716408e-05,"AURKB/CDCA8/PRC1/INCENP/KIF4A/KIF23",6
"GO:0051784","negative regulation of nuclear division","13/724","67/18986",0.194029850746269,5.08819163849262,6.67451898951003,1.22692378265086e-06,5.84713383084887e-05,4.98493181867539e-05,"CCNB1/AURKB/PLK1/CDCA8/ZWINT/INCENP/CDC20/CENPF/MAD2L1/BUB3/SPC24/TTK/HORMAD1",13
"GO:0009147","pyrimidine nucleoside triphosphate metabolic process","8/724","23/18986",0.347826086956522,9.12130674993995,7.75955337176137,1.26799106192928e-06,5.98417917673615e-05,5.10176884089482e-05,"DTYMK/TYMS/DCTPP1/UCK2/NME1/CMPK2/CTPS1/NME2",8
"GO:0033047","regulation of mitotic sister chromatid segregation","12/724","58/18986",0.206896551724138,5.42560487711945,6.72101221627625,1.53560508758481e-06,7.17747724110555e-05,6.11910650791641e-05,"CCNB1/AURKB/PLK1/CDCA8/ZWINT/INCENP/CDC20/CENPF/MAD2L1/BUB3/SPC24/TTK",12
"GO:0045839","negative regulation of mitotic nuclear division","12/724","59/18986",0.203389830508475,5.33364547242251,6.63802538621678,1.86148323017255e-06,8.53441133209993e-05,7.27595089043351e-05,"CCNB1/AURKB/PLK1/CDCA8/ZWINT/INCENP/CDC20/CENPF/MAD2L1/BUB3/SPC24/TTK",12
"GO:0140374","antiviral innate immune response","12/724","59/18986",0.203389830508475,5.33364547242251,6.63802538621678,1.86148323017255e-06,8.53441133209993e-05,7.27595089043351e-05,"CXCL10/TRIM65/OAS3/MX1/OAS2/USP18/OAS1/IFIH1/NMB/TNF/OASL/IFIT1",12
"GO:0044843","cell cycle G1/S phase transition","29/724","287/18986",0.101045296167247,2.64978728319248,5.60738175023734,1.87858879352951e-06,8.53441133209993e-05,7.27595089043351e-05,"E2F1/CCNB1/IQGAP3/CCNA2/INHBA/CCNB2/EIF4EBP1/RFWD3/RRM2/RCC1/CCNE1/GTSE1/CDKN2A/CDKN3/CDC6/TFDP1/CDK6/E2F3/CCNF/RBM38/KIF14/CDKN2B/CDC7/CDC25A/EZH2/CCND1/MUC1/CCNO/CCNE2",29
"GO:0000022","mitotic spindle elongation","6/724","12/18986",0.5,13.1118784530387,8.35647452192314,2.28599997042725e-06,0.000101947209690338,8.69143590880934e-05,"AURKB/CDCA8/PRC1/INCENP/KIF4A/KIF23",6
"GO:1901993","regulation of meiotic cell cycle phase transition","6/724","12/18986",0.5,13.1118784530387,8.35647452192314,2.28599997042725e-06,0.000101947209690338,8.69143590880934e-05,"ZWINT/PKMYT1/CDC25A/CDC25B/MAPK15/TTK",6
"GO:0009148","pyrimidine nucleoside triphosphate biosynthetic process","7/724","18/18986",0.388888888888889,10.1981276856967,7.77365622190478,2.50935676502962e-06,0.000110890756680081,9.45391156356133e-05,"DTYMK/TYMS/UCK2/NME1/CMPK2/CTPS1/NME2",7
"GO:0140694","non-membrane-bounded organelle assembly","37/724","425/18986",0.0870588235294118,2.28300942476438,5.32628058317629,2.82479853812059e-06,0.000123705817061299,0.000105464503030638,"MYBL2/AURKB/PLK1/CDCA8/KIFC1/TPX2/SAC3D1/BOP1/PRC1/CENPA/INCENP/AURKA/LSM4/CCNB2/CDC20/RCC1/KIF4A/TUBB/ASPM/CHMP4C/CENPF/CCDC78/PRICKLE1/KIF11/FSCN1/KRT19/SQLE/CEP72/KIF23/DLGAP5/SPAG5/ANLN/ACTA1/TNF/MAPK15/KIF15/CENPW",37
"GO:0000724","double-strand break repair via homologous recombination","22/724","188/18986",0.117021276595745,3.06873751028565,5.67582381268795,3.07421276320923e-06,0.000133426323588929,0.000113751650834161,"PLK1/RECQL4/MCM2/MCM4/PARP1/MCM3/UBQLN4/TONSL/MCM5/TIMELESS/RFWD3/MCM7/RAD54L/RAD51/SLX1A/FEN1/MCM6/RAD51AP1/CDC7/CDC45/SLX1B/BLM",22
"GO:0035987","endodermal cell differentiation","11/724","52/18986",0.211538461538462,5.54733319167021,6.53789101894283,3.32781103845672e-06,0.000143154773964054,0.00012204557110763,"FN1/COL11A1/MMP9/INHBA/DKK1/MMP14/COL12A1/ITGB2/COL5A1/COL5A2/MESP1",11
"GO:0022411","cellular component disassembly","38/724","450/18986",0.0844444444444444,2.21445058317987,5.19132847105456,4.2717866785124e-06,0.000182150482844287,0.000155291081747953,"MMP11/AURKB/PLK1/KIF2C/STMN1/TPX2/UBQLN4/MMP9/AURKA/HMGA1/BAX/MMP1/TOP2A/JMJD4/C1QB/ATAD2/CHMP4C/CFL1/DKK1/CDKN2A/PDXP/PRICKLE1/KIF18B/DDIT4/MMP14/FSCN1/C1QC/MMP7/DNASE2/CAPG/MMP13/TREM2/C1QA/NOXO1/CIB1/TNF/KIF18A/KLK4",38
"GO:0008608","attachment of spindle microtubules to kinetochore","11/724","54/18986",0.203703703703704,5.34187640679353,6.36174860958727,4.91991613304335e-06,0.000207962715849772,0.000177297115018688,"CCNB1/AURKB/CDCA8/KIF2C/INCENP/CDT1/DSN1/BUB3/RCC2/SPC24/SPAG5",11
"GO:0000725","recombinational repair","22/724","194/18986",0.11340206185567,2.97382810275104,5.50204459028077,5.15809726264237e-06,0.000216150955118143,0.000184277939410372,"PLK1/RECQL4/MCM2/MCM4/PARP1/MCM3/UBQLN4/TONSL/MCM5/TIMELESS/RFWD3/MCM7/RAD54L/RAD51/SLX1A/FEN1/MCM6/RAD51AP1/CDC7/CDC45/SLX1B/BLM",22
"GO:0010639","negative regulation of organelle organization","33/724","371/18986",0.0889487870619946,2.33257136900418,5.1611481681055,6.17060608758413e-06,0.000256370223861081,0.00021856658719585,"CCNB1/AURKB/PLK1/CDCA8/MCM2/STMN1/ZWINT/TPX2/PARP1/F11R/INCENP/ESPL1/RHPN1/TOP2A/CDC20/CENPF/SLX1A/MAD2L1/TMEM14A/BUB3/TMSB10/SPC24/MPV17L/TFRC/CCNF/CAPG/PFN2/KANK4/CIB1/PFN1/TTK/SLX1B/HORMAD1",33
"GO:0051255","spindle midzone assembly","6/724","14/18986",0.428571428571429,11.2387529597474,7.63053412533975,6.95752114552401e-06,0.000286614493969426,0.000244351121765638,"AURKB/CDCA8/PRC1/INCENP/KIF4A/KIF23",6
"GO:0019079","viral genome replication","17/724","130/18986",0.130769230769231,3.42926051848704,5.53377373681247,9.19713364244572e-06,0.000375691316268308,0.000320292924814761,"ISG15/OAS3/MX1/IFI27/TOP2A/OAS2/APOBEC3B/RSAD2/OAS1/BST2/IFIH1/TNF/OASL/SLPI/IFITM1/IFIT1/LTF",17
"GO:0051445","regulation of meiotic cell cycle","12/724","70/18986",0.171428571428571,4.49550118389897,5.83370193278582,1.20515637409529e-05,0.000488188761206435,0.000416201810948523,"ZWINT/CDC20/ANAPC11/PKMYT1/ASPM/CALR/RAD51AP1/CDC25A/CDC25B/MAPK15/TTK/HORMAD1",12
"GO:0097421","liver regeneration","8/724","31/18986",0.258064516129032,6.76742113705222,6.39883677216823,1.5561364750714e-05,0.000625155322753889,0.00053297166614668,"TYMS/AURKA/PCNA/SLC7A5/UCP2/TNF/EZH2/CCND1",8
"GO:0048002","antigen processing and presentation of peptide antigen","12/724","72/18986",0.166666666666667,4.37062615101289,5.70539288799207,1.62318913504091e-05,0.000646747736510971,0.000551380122921143,"TAP1/IFI30/CALR/CTSD/TREM2/HLA-C/HLA-B/HLA-DQA1/HLA-DRB5/HLA-A/ULBP2/HLA-DQA2",12
"GO:0001706","endoderm formation","11/724","61/18986",0.180327868852459,4.72887419617788,5.80798009814194,1.68581018653934e-05,0.000666237668029895,0.000567996123611927,"FN1/COL11A1/MMP9/INHBA/DKK1/MMP14/COL12A1/ITGB2/COL5A1/COL5A2/MESP1",11
"GO:0051307","meiotic chromosome separation","5/724","10/18986",0.5,13.1118784530387,7.62798064924878,1.70851494368354e-05,0.000669765414616589,0.000571003678546869,"ZWINT/ESPL1/NCAPH/MAPK15/TTK",5
"GO:0045132","meiotic chromosome segregation","14/724","97/18986",0.144329896907216,3.78487213077405,5.47503698785592,1.80960246899685e-05,0.000703718208143496,0.000599949888037103,"PLK1/ZWINT/AURKA/ESPL1/NCAPH/CCNB2/PTTG1/ASPM/CCNE1/SMC4/MAPK15/TTK/CCNE2/HORMAD1",14
"GO:0019058","viral life cycle","29/724","323/18986",0.0897832817337461,2.35445495441561,4.8884988108161,1.87285264164465e-05,0.000722534658018623,0.000615991716804928,"LRRC15/SLC52A2/F11R/ISG15/OAS3/MX1/KPNA2/IFI27/TOP2A/OAS2/APOBEC3B/CTSB/CHMP4C/RSAD2/OAS1/BST2/IFIH1/TFRC/LGALS9/IL32/SIGLEC1/TNF/CXCR4/LY6E/OASL/SLPI/IFITM1/IFIT1/LTF",29
"GO:0032963","collagen metabolic process","15/724","111/18986",0.135135135135135,3.5437509332537,5.35171539783592,2.05634644520112e-05,0.000787078745678949,0.000671018313697208,"MMP11/MMP9/MMP1/INHBA/CTSB/ADAMTS14/HDAC2/MMP14/MMP7/COL1A1/SERPINH1/MMP13/COL5A1/COL1A2/KLK6",15
"GO:0140888","interferon-mediated signaling pathway","15/724","112/18986",0.133928571428571,3.51211029992107,5.30904192289246,2.2921464603433e-05,0.00087047843310381,0.000742120116313451,"TRIM65/IRAK1/ISG15/OAS3/STAT1/IFI27/OAS2/USP18/OAS1/IKBKE/IFIH1/NLRC5/FADD/OASL/IFITM1",15
"GO:0032481","positive regulation of type I interferon production","12/724","75/18986",0.16,4.19580110497238,5.5214550580325,2.48632261182724e-05,0.000936900326828855,0.000798747623236545,"TRIM65/IRAK1/ISG15/OAS3/KPNA2/STAT1/OAS2/GAPDH/OAS1/IKBKE/IFIH1/NMB",12
"GO:0052547","regulation of peptidase activity","30/724","346/18986",0.0867052023121387,2.27373614792578,4.76096494772495,2.63143084817258e-05,0.000983952719458993,0.000838861801559146,"CST1/MMP9/IFI6/GAPDH/CDKN2A/SPINT2/PRR7/PSMB9/SERPINH1/SERPINE2/APH1A/EFNA1/CTSD/BCL2L12/LGALS9/FADD/PSMB8/LAPTM5/PSENEN/RARRES1/CLDN3/CSTB/VEGFA/TNF/SPINT1/S100A9/SLPI/EGLN3/LTF/PCSK1N",30
"GO:0016032","viral process","36/724","452/18986",0.079646017699115,2.08861780667873,4.66402088557158,2.70832217503241e-05,0.00100497359487271,0.00085678299743693,"LRRC15/SLC52A2/F11R/ISG15/OAS3/MX1/KPNA2/STAT1/IFI27/TOP2A/OAS2/TRIM14/RCC1/APOBEC3B/CTSB/CHMP4C/CFL1/RSAD2/OAS1/MGAT4B/BST2/IFIH1/TFRC/LGALS9/IL32/PEG10/PARP10/SIGLEC1/TNF/CXCR4/LY6E/OASL/SLPI/IFITM1/IFIT1/LTF",36
"GO:0051987","positive regulation of attachment of spindle microtubules to kinetochore","5/724","11/18986",0.454545454545455,11.9198895027624,7.21313580154245,3.03384631267712e-05,0.00111723688832754,0.000952492259410672,"CCNB1/AURKB/CDCA8/INCENP/RCC2",5
"GO:1902101","positive regulation of metaphase/anaphase transition of cell cycle","6/724","18/18986",0.333333333333333,8.74125230202578,6.5424003861737,3.7729468327725e-05,0.0013789695153464,0.00117563052478238,"ESPL1/UBE2C/CDC20/ANAPC11/DLGAP5/MAPK15",6
"GO:0071897","DNA biosynthetic process","19/724","175/18986",0.108571428571429,2.84715074980268,4.8878271321163,4.10953657879613e-05,0.00148390827264073,0.00126509530622605,"TK1/POLD1/TYMS/CCNA2/DTL/PCNA/SMG5/POLH/CENPF/WRNIP1/LIN9/CCT5/TFDP1/CHTF18/DSCC1/PARP10/VEGFA/TNF/CYP1B1",19
"GO:0051607","defense response to virus","28/724","320/18986",0.0875,2.29457872928177,4.65027075797655,4.12111945703557e-05,0.00148390827264073,0.00126509530622605,"CXCL10/CXCL9/TRIM65/ISG15/OAS3/MX1/IFI6/STAT1/IFI27/OAS2/EXOSC4/USP18/APOBEC3B/RSAD2/OAS1/DDIT4/IKBKE/BST2/FOXP3/IFIH1/NLRC5/FADD/NMB/IFI44L/TNF/OASL/IFITM1/IFIT1",28
"GO:0030574","collagen catabolic process","9/724","45/18986",0.2,5.24475138121547,5.67619723480267,4.1899789654061e-05,0.00149760939344405,0.00127677609804983,"MMP11/MMP9/MMP1/CTSB/ADAMTS14/MMP14/MMP7/MMP13/KLK6",9
"GO:0007127","meiosis I","16/724","132/18986",0.121212121212121,3.17863720073665,5.00115763830774,4.33852329917278e-05,0.00153938406987437,0.00131239079745242,"PLK1/ZWINT/CKS2/AURKA/ESPL1/CCNB2/TOP2A/PTTG1/CCNE1/RAD54L/RAD51/MYBL1/RAD51AP1/CDC25B/CCNE2/HORMAD1",16
"GO:0007076","mitotic chromosome condensation","6/724","19/18986",0.315789473684211,8.28118639139285,6.32237194379181,5.33695837290288e-05,0.00187992425004934,0.00160271587445604,"NUSAP1/PLK1/NCAPD2/NCAPH/CDCA5/SMC4",6
"GO:0032465","regulation of cytokinesis","13/724","95/18986",0.136842105263158,3.5885141029369,5.03599486644099,6.33164128560747e-05,0.0022142523949164,0.00188774492551584,"AURKB/PLK1/CDCA8/PRC1/INCENP/AURKA/KIF20A/CHMP4C/PDXP/CDC6/KIF23/KIF14/CDC25B",13
"GO:0010971","positive regulation of G2/M transition of mitotic cell cycle","7/724","28/18986",0.25,6.55593922651934,5.85788251661007,6.68938412509965e-05,0.00232264973086496,0.00198015829327198,"CCNB1/DTL/RCC2/CDC7/CDC25A/CDC25B/CCND1",7
"GO:0048144","fibroblast proliferation","14/724","109/18986",0.128440366972477,3.3681889604136,4.93700455537801,6.80988796936106e-05,0.00234772095170668,0.00200153258196152,"E2F1/CCNB1/FN1/CKS2/CCNA2/BAX/PRDX1/IFI30/MIF/CDC6/CDK6/PARP10/GSTP1/AGT",14
"GO:0000076","DNA replication checkpoint signaling","6/724","20/18986",0.3,7.8671270718232,6.11790351034751,7.37919445708277e-05,0.00252607494759714,0.00215358699611081,"CDT1/TIMELESS/TICRR/CDC6/ORC1/CDC45",6
"GO:0052548","regulation of endopeptidase activity","23/724","248/18986",0.092741935483871,2.43204197112814,4.51981214129738,8.18775334578942e-05,0.00278326356740436,0.00237285130087398,"MMP9/IFI6/GAPDH/CDKN2A/PRR7/PSMB9/SERPINH1/SERPINE2/APH1A/EFNA1/CTSD/BCL2L12/LGALS9/FADD/PSMB8/LAPTM5/PSENEN/VEGFA/TNF/S100A9/EGLN3/LTF/PCSK1N",23
"GO:0031570","DNA integrity checkpoint signaling","16/724","140/18986",0.114285714285714,2.99700078926598,4.72207711964943,8.87362051814646e-05,0.00299546314852152,0.00255376052484961,"E2F1/PLK1/CDT1/DTL/TIMELESS/RFWD3/GTSE1/RAD51/TICRR/CDC6/ORC1/RBM38/CDC45/CCND1/MUC1/BLM",16
"GO:1904666","regulation of ubiquitin protein ligase activity","6/724","21/18986",0.285714285714286,7.49250197316496,5.92714741462934,9.99909139997105e-05,0.0033521091927765,0.00285781654023129,"PLK1/UBE2S/UBE2C/CDC20/CDKN2A/MAD2L1",6
"GO:0034508","centromere complex assembly","7/724","30/18986",0.233333333333333,6.11887661141805,5.58679007740636,0.000107620836580805,0.00358318415492668,0.0030548178343088,"CENPA/CENPF/HJURP/CENPO/OIP5/DLGAP5/CENPW",7
"GO:0007492","endoderm development","12/724","87/18986",0.137931034482759,3.61706991807963,4.87142425196491,0.000111242182924212,0.00367855953193603,0.00313612942479501,"FN1/COL11A1/MMP9/INHBA/DKK1/MMP14/COL12A1/ITGB2/COL5A1/COL5A2/MESP1/HOXC11",12
"GO:0051302","regulation of cell division","19/724","190/18986",0.1,2.62237569060773,4.47502975384784,0.000125038486048382,0.00410683838298098,0.00350125547348848,"AURKB/PLK1/CDCA8/PRC1/INCENP/HDGF/AURKA/KIF20A/ASPM/CHMP4C/PDXP/KIF18B/CDC6/KIF23/KIF14/CIB1/VEGFA/CDC25B/BLM",19
"GO:1902751","positive regulation of cell cycle G2/M phase transition","7/724","31/18986",0.225806451612903,5.92149349492069,5.46029721099594,0.000134471515864582,0.00436022673997774,0.00371727989157361,"CCNB1/DTL/RCC2/CDC7/CDC25A/CDC25B/CCND1",7
"GO:2000241","regulation of reproductive process","20/724","207/18986",0.0966183574879227,2.53369631942776,4.41762382702988,0.000134547214769937,0.00436022673997774,0.00371727989157361,"ZWINT/PRDX4/AURKA/BAX/SULF1/INHBA/CDC20/ANAPC11/PKMYT1/ASPM/HDAC2/CALR/RAD51AP1/CIB1/VEGFA/CDC25A/CDC25B/MAPK15/TTK/HORMAD1",20
"GO:0009141","nucleoside triphosphate metabolic process","24/724","274/18986",0.0875912408759124,2.29697140783159,4.3057220751871,0.000140737115462938,0.00453061667725391,0.00386254460493263,"DTYMK/PARP1/GPI/TYMS/PGK1/DCTPP1/GAPDH/UCHL1/PKM/TPI1/UCK2/NME1/UCP2/CMPK2/DDIT4/NDUFA9/CTPS1/NUDT5/SLC2A6/ENO1/ENO2/TREM2/NDUFA11/NME2",24
"GO:0072526","pyridine-containing compound catabolic process","13/724","103/18986",0.12621359223301,3.30979456096122,4.68011887988447,0.000146927710718225,0.00469878685395586,0.00400591687740756,"GPI/PGK1/GAPDH/UCHL1/PKM/TPI1/PDXP/UCP2/QPRT/DDIT4/SLC2A6/ENO1/ENO2",13
"GO:0048145","regulation of fibroblast proliferation","12/724","90/18986",0.133333333333333,3.49650092081031,4.72681341893377,0.000154807928535851,0.004918440134724,0.00419318069931645,"E2F1/CCNB1/FN1/CCNA2/BAX/IFI30/MIF/CDC6/CDK6/PARP10/GSTP1/AGT",12
"GO:0006220","pyrimidine nucleotide metabolic process","9/724","53/18986",0.169811320754717,4.45309079537162,5.01229507139058,0.000159615138619008,0.00500770739276942,0.00426928485698918,"DTYMK/TYMS/DCTPP1/UCK2/NME1/CMPK2/TYMP/CTPS1/NME2",9
"GO:0045066","regulatory T cell differentiation","8/724","42/18986",0.19047619047619,4.9950013154433,5.16067065386984,0.000160708157430987,0.00500770739276942,0.00426928485698918,"FANCA/IL4I1/LILRB4/FOXP3/LGALS9/LAG3/CTLA4/PLA2G2D",8
"GO:0072528","pyrimidine-containing compound biosynthetic process","8/724","42/18986",0.19047619047619,4.9950013154433,5.16067065386984,0.000160708157430987,0.00500770739276942,0.00426928485698918,"TK1/DTYMK/TYMS/UCK2/NME1/CMPK2/CTPS1/NME2",8
"GO:0006221","pyrimidine nucleotide biosynthetic process","7/724","32/18986",0.21875,5.73644682320442,5.33921772913496,0.000166506933120405,0.00515535160444771,0.00439515786587352,"DTYMK/TYMS/UCK2/NME1/CMPK2/CTPS1/NME2",7
"GO:0009132","nucleoside diphosphate metabolic process","15/724","133/18986",0.112781954887218,2.95756656835459,4.51078929180712,0.000169420232272572,0.00521235284225932,0.00444375386047379,"DTYMK/GPI/RRM2/PGK1/GAPDH/UCHL1/PKM/TPI1/UCP2/CMPK2/DDIT4/NUDT5/SLC2A6/ENO1/ENO2",15
"GO:0006271","DNA strand elongation involved in DNA replication","5/724","15/18986",0.333333333333333,8.74125230202578,5.9718948774633,0.000173608588322159,0.00526163084758189,0.0044857654688617,"MCM4/MCM3/MCM7/PCNA/GINS1",5
"GO:0098883","synapse pruning","5/724","15/18986",0.333333333333333,8.74125230202578,5.9718948774633,0.000173608588322159,0.00526163084758189,0.0044857654688617,"C1QB/DKK1/C1QC/TREM2/C1QA",5
"GO:0051988","regulation of attachment of spindle microtubules to kinetochore","6/724","23/18986",0.260869565217391,6.84098006245496,5.58080096387795,0.000174269196967843,0.00526163084758189,0.0044857654688617,"CCNB1/AURKB/CDCA8/INCENP/RCC2/SPAG5",6
"GO:0071900","regulation of protein serine/threonine kinase activity","23/724","262/18986",0.0877862595419847,2.30208552992282,4.22562795185024,0.00018613218044916,0.00555635544796313,0.00473703080341512,"PLK1/PSRC1/TRAF2/PKMYT1/MAGED1/UCHL1/TRIB3/CDKN2A/CDKN3/MIF/CDC6/MST1R/GSTP1/CDKN2B/CIB1/AGT/TNF/CDC25A/EZH2/CCND1/CCNE2/LTF/BLM",23
"GO:0051653","spindle localization","10/724","66/18986",0.151515151515152,3.97329650092081,4.81781407561678,0.000186765755031211,0.00555635544796313,0.00473703080341512,"NUSAP1/PLK1/CENPA/ESPL1/LLGL2/SAPCD2/ASPM/CFL1/MAD2L1/SPAG5",10
"GO:0007162","negative regulation of cell adhesion","26/724","314/18986",0.0828025477707006,2.17139388394271,4.16747277586961,0.000187459842309392,0.00555635544796313,0.00473703080341512,"EPCAM/IL4I1/CDKN2A/CLDN7/LILRB4/SPINT2/MMP14/PLXNB3/COL1A1/FOXP3/RCC2/SCRIB/SERPINE2/LGALS9/GCNT2/ASCL2/LAG3/LAPTM5/VEGFA/VTCN1/TGFBI/POSTN/MUC1/CTLA4/CYP1B1/PLA2G2D",26
"GO:0042267","natural killer cell mediated cytotoxicity","11/724","79/18986",0.139240506329114,3.65140918945381,4.70196514370161,0.000195646426472576,0.00576386229747388,0.00491393927287101,"FCGR3A/PRDX1/TUBB/LGALS9/LAG3/CD2/HLA-B/HLA-A/HCST/NKG7/ULBP2",11
"GO:0001906","cell killing","23/724","264/18986",0.0871212121212121,2.28464548802947,4.18513578907088,0.000208049996786861,0.00608637427945286,0.00518889453939646,"CXCL10/CXCL9/FCGR3A/PRDX1/GAPDH/TUBB/LGALS9/FADD/GNLY/LAG3/C8G/CD2/HLA-C/HLA-B/HPRT1/CXCL11/HLA-A/TYROBP/HCST/GZMA/NKG7/ULBP2/LTF",23
"GO:0009117","nucleotide metabolic process","36/724","500/18986",0.072,1.88811049723757,4.00710705916301,0.000209097820339154,0.00608637427945286,0.00518889453939646,"IDH2/FLAD1/DTYMK/PARP1/GPI/TYMS/RRM2/PGK1/DCTPP1/GAPDH/UCHL1/PKM/TPI1/UCK2/GMPS/NME1/UCP2/ADCY7/CMPK2/QPRT/DDIT4/TYMP/NDUFA9/CTPS1/NUDT5/SLC2A6/ENO1/ENO2/TREM2/DNPH1/PARP10/NDUFA11/PAPSS2/HPRT1/NME2/KMO",36
"GO:0032760","positive regulation of tumor necrosis factor production","13/724","108/18986",0.12037037037037,3.15656333128709,4.47503584100835,0.000237499624411095,0.00687193853727579,0.00585862168738397,"OAS3/FCGR3A/OAS2/MIF/HDAC2/OAS1/IFIH1/LGALS9/FADD/CD2/CYBA/ORM2/TYROBP",13
"GO:0009165","nucleotide biosynthetic process","21/724","233/18986",0.0901287553648069,2.36351457093401,4.16968052884127,0.000244131666398123,0.00702057714130949,0.00598534245830628,"FLAD1/DTYMK/PARP1/TYMS/RRM2/UCK2/GMPS/NME1/ADCY7/CMPK2/QPRT/NDUFA9/CTPS1/ENO1/TREM2/PARP10/NDUFA11/PAPSS2/HPRT1/NME2/KMO",21
"GO:1901292","nucleoside phosphate catabolic process","18/724","184/18986",0.0978260869565217,2.56536752342061,4.24838259806141,0.00024552522403263,0.00702057714130949,0.00598534245830628,"GPI/NUDT8/PGK1/DCTPP1/GAPDH/UCHL1/ABCD1/PKM/TPI1/UCP2/DDIT4/TYMP/NUDT5/SLC2A6/ENO1/ENO2/DNPH1/HPRT1",18
"GO:0051347","positive regulation of transferase activity","25/724","304/18986",0.0822368421052632,2.15655895609189,4.04756003003038,0.000274605622533313,0.00780618673178033,0.00665510825431613,"PLK1/TPX2/UBE2S/UBE2C/CDC20/PCNA/PSRC1/TRAF2/MAGED1/TRIB3/MIF/JTB/EFNA1/CHTF18/DSCC1/TREM2/KIF14/MST1R/CIB1/LMO4/AGT/TNF/EZH2/CCND1/LTF",25
"GO:0090231","regulation of spindle checkpoint","6/724","25/18986",0.24,6.29370165745856,5.27350377843014,0.000286461703477176,0.00809587407327065,0.00690207911009573,"CCNB1/AURKB/CDCA8/ZWINT/INCENP/MAD2L1",6
"GO:0006302","double-strand break repair","26/724","323/18986",0.0804953560371517,2.11089064878641,4.00942652085625,0.00029199139451516,0.00820445184241731,0.00699464630487488,"PLK1/RECQL4/MCM2/FOXM1/MCM4/PARP1/MCM3/DDX11/UBQLN4/TONSL/MCM5/TIMELESS/RFWD3/MCM7/CDCA5/RAD54L/RAD51/SLX1A/FEN1/MCM6/RAD51AP1/CIB1/CDC7/CDC45/SLX1B/BLM",26
"GO:0032640","tumor necrosis factor production","18/724","188/18986",0.0957446808510638,2.51078523568826,4.14501635608317,0.000319906926838049,0.00888610040777003,0.00757578087796329,"OAS3/FCGR3A/OAS2/MIF/HDAC2/OAS1/LILRB4/FOXP3/IFIH1/LGALS9/FADD/TREM2/CD2/GSTP1/CYBA/ORM2/TYROBP/LTF",18
"GO:0032680","regulation of tumor necrosis factor production","18/724","188/18986",0.0957446808510638,2.51078523568826,4.14501635608317,0.000319906926838049,0.00888610040777003,0.00757578087796329,"OAS3/FCGR3A/OAS2/MIF/HDAC2/OAS1/LILRB4/FOXP3/IFIH1/LGALS9/FADD/TREM2/CD2/GSTP1/CYBA/ORM2/TYROBP/LTF",18
"GO:0031638","zymogen activation","9/724","58/18986",0.155172413793103,4.06920365783959,4.66109285653312,0.000323703293586634,0.00894046426207174,0.00762212839025465,"PGK1/MMP14/SERPINE2/ENO1/FADD/F12/CTSZ/GGT1/PLAU",9
"GO:0009070","serine family amino acid biosynthetic process","5/724","17/18986",0.294117647058824,7.71286967825804,5.5132904568832,0.000335720676496102,0.00916819218228963,0.00781627618784834,"CBS/PHGDH/SEPHS2/SHMT2/GGT1",5
"GO:0045842","positive regulation of mitotic metaphase/anaphase transition","5/724","17/18986",0.294117647058824,7.71286967825804,5.5132904568832,0.000335720676496102,0.00916819218228963,0.00781627618784834,"ESPL1/UBE2C/CDC20/ANAPC11/DLGAP5",5
"GO:0002228","natural killer cell mediated immunity","11/724","84/18986",0.130952380952381,3.43406340436727,4.45161979694668,0.000338527433616407,0.00919319471960534,0.00783759192089265,"FCGR3A/PRDX1/TUBB/LGALS9/LAG3/CD2/HLA-B/HLA-A/HCST/NKG7/ULBP2",11
"GO:1903557","positive regulation of tumor necrosis factor superfamily cytokine production","13/724","112/18986",0.116071428571429,3.04382892659826,4.31938575900564,0.000340953053555133,0.00920762662961946,0.00784989574179275,"OAS3/FCGR3A/OAS2/MIF/HDAC2/OAS1/IFIH1/LGALS9/FADD/CD2/CYBA/ORM2/TYROBP",13
"GO:0002832","negative regulation of response to biotic stimulus","14/724","127/18986",0.110236220472441,2.89080784791404,4.2568695444107,0.000350523591188482,0.00941378550700116,0.0080256550073222,"AURKB/PARP1/ISG15/OAS3/IL4I1/SLAMF8/USP18/OAS1/FOXP3/NLRC5/LGALS9/HLA-B/HLA-A/LTF",14
"GO:0030261","chromosome condensation","8/724","47/18986",0.170212765957447,4.46361819677912,4.73370112587926,0.000362001910714574,0.00952401419130582,0.0081196296779244,"NUSAP1/PLK1/NCAPD2/NCAPH/TOP2A/NCAPG2/CDCA5/SMC4",8
"GO:0045840","positive regulation of mitotic nuclear division","8/724","47/18986",0.170212765957447,4.46361819677912,4.73370112587926,0.000362001910714574,0.00952401419130582,0.0081196296779244,"NUSAP1/AURKA/ESPL1/UBE2C/CDC20/ANAPC11/DLGAP5/TNF",8
"GO:0031055","chromatin remodeling at centromere","4/724","10/18986",0.4,10.4895027624309,5.97642584702917,0.00036638359468714,0.00952401419130582,0.0081196296779244,"CENPA/HJURP/OIP5/CENPW",4
"GO:0034080","CENP-A containing chromatin assembly","4/724","10/18986",0.4,10.4895027624309,5.97642584702917,0.00036638359468714,0.00952401419130582,0.0081196296779244,"CENPA/HJURP/OIP5/CENPW",4
"GO:0036093","germ cell proliferation","4/724","10/18986",0.4,10.4895027624309,5.97642584702917,0.00036638359468714,0.00952401419130582,0.0081196296779244,"FANCA/PRDX4/UCHL1/CIB1",4
"GO:0070344","regulation of fat cell proliferation","4/724","10/18986",0.4,10.4895027624309,5.97642584702917,0.00036638359468714,0.00952401419130582,0.0081196296779244,"E2F1/TFDP1/E2F3/TREM2",4
"GO:0045005","DNA-templated DNA replication maintenance of fidelity","9/724","59/18986",0.152542372881356,4.00023410431688,4.59558362025309,0.000369244582420108,0.00954732933587311,0.00813950683643878,"PARP1/DDX11/POLD1/TONSL/TIMELESS/RFWD3/PCNA/RAD51/BLM",9
"GO:0032479","regulation of type I interferon production","14/724","128/18986",0.109375,2.86822341160221,4.2226627180123,0.000380070465839967,0.00972380281288463,0.00828995802776704,"TRIM65/IRAK1/ISG15/OAS3/KPNA2/STAT1/OAS2/GAPDH/OAS1/IKBKE/IFIH1/NMB/SIGLEC1/TYROBP",14
"GO:0032606","type I interferon production","14/724","128/18986",0.109375,2.86822341160221,4.2226627180123,0.000380070465839967,0.00972380281288463,0.00828995802776704,"TRIM65/IRAK1/ISG15/OAS3/KPNA2/STAT1/OAS2/GAPDH/OAS1/IKBKE/IFIH1/NMB/SIGLEC1/TYROBP",14
"GO:0070664","negative regulation of leukocyte proliferation","12/724","99/18986",0.121212121212121,3.17863720073665,4.32734416145273,0.000382555590358692,0.00973613992007122,0.00830047593960965,"IL4I1/CDKN2A/LILRB4/FOXP3/SCRIB/LGALS9/GSTP1/VTCN1/SOX11/CTLA4/TYROBP/PLA2G2D",12
"GO:0043549","regulation of kinase activity","33/724","460/18986",0.0717391304347826,1.88126951717511,3.80975676472223,0.000404101756988651,0.0102309304204262,0.0087223060157035,"PLK1/TPX2/SLAMF8/PSRC1/TRAF2/PKMYT1/MAGED1/UCHL1/TRIB3/CDKN2A/CDKN3/MIF/LILRB4/JTB/CDC6/GPRC5A/EFNA1/NLRC5/TREM2/KIF14/MST1R/GSTP1/CDKN2B/CIB1/LMO4/AGT/TNF/CDC25A/EZH2/CCND1/CCNE2/LTF/BLM",33
"GO:0090224","regulation of spindle organization","8/724","48/18986",0.166666666666667,4.37062615101289,4.65548104920319,0.000420082904504162,0.0105258917463646,0.00897377316892504,"PLK1/TPX2/RCC1/PSRC1/TACC3/CHMP4C/SPAG5/MAPK15",8
"GO:1901976","regulation of cell cycle checkpoint","8/724","48/18986",0.166666666666667,4.37062615101289,4.65548104920319,0.000420082904504162,0.0105258917463646,0.00897377316892504,"CCNB1/AURKB/CDCA8/ZWINT/INCENP/RFWD3/RAD51/MAD2L1",8
"GO:0002449","lymphocyte mediated immunity","29/724","386/18986",0.0751295336787565,1.97017862765866,3.83432832707934,0.000424953061744494,0.0105933170930256,0.00903125616241875,"IL4I1/FCGR3A/PRDX1/TRAF2/TUBB/C1QB/RSAD2/LILRB4/TCIRG1/C1QC/FOXP3/IL21R/TFRC/LGALS9/FADD/TREM2/LAG3/IL2RB/C8G/CD2/C1QA/HLA-C/HLA-B/TNF/HPRT1/HLA-A/HCST/NKG7/ULBP2",29
"GO:0002474","antigen processing and presentation of peptide antigen via MHC class I","7/724","37/18986",0.189189189189189,4.96125130655517,4.80220310480306,0.000431592395003909,0.0106833672583182,0.00910802778202423,"TAP1/IFI30/CALR/HLA-C/HLA-B/HLA-A/ULBP2",7
"GO:1902750","negative regulation of cell cycle G2/M phase transition","10/724","73/18986",0.136986301369863,3.59229546658594,4.41841122714507,0.000432960985371053,0.0106833672583182,0.00910802778202423,"AURKB/PLK1/DTL/PKMYT1/CHMP4C/TICRR/ATF5/CDC6/ORC1/BLM",10
"GO:0071706","tumor necrosis factor superfamily cytokine production","18/724","193/18986",0.0932642487046632,2.44573898605903,4.01948955716237,0.000439825629515825,0.0107307213515651,0.00914839917303388,"OAS3/FCGR3A/OAS2/MIF/HDAC2/OAS1/LILRB4/FOXP3/IFIH1/LGALS9/FADD/TREM2/CD2/GSTP1/CYBA/ORM2/TYROBP/LTF",18
"GO:1903555","regulation of tumor necrosis factor superfamily cytokine production","18/724","193/18986",0.0932642487046632,2.44573898605903,4.01948955716237,0.000439825629515825,0.0107307213515651,0.00914839917303388,"OAS3/FCGR3A/OAS2/MIF/HDAC2/OAS1/LILRB4/FOXP3/IFIH1/LGALS9/FADD/TREM2/CD2/GSTP1/CYBA/ORM2/TYROBP/LTF",18
"GO:0031639","plasminogen activation","6/724","27/18986",0.222222222222222,5.82750153468386,4.99800865579884,0.000448660748133695,0.0107307213515651,0.00914839917303388,"PGK1/SERPINE2/ENO1/F12/CTSZ/PLAU",6
"GO:0006735","NADH regeneration","5/724","18/18986",0.277777777777778,7.28437691835482,5.31114455044263,0.000450332679637787,0.0107307213515651,0.00914839917303388,"PGK1/PKM/TPI1/ENO1/ENO2",5
"GO:0010755","regulation of plasminogen activation","5/724","18/18986",0.277777777777778,7.28437691835482,5.31114455044263,0.000450332679637787,0.0107307213515651,0.00914839917303388,"SERPINE2/ENO1/F12/CTSZ/PLAU",5
"GO:0061621","canonical glycolysis","5/724","18/18986",0.277777777777778,7.28437691835482,5.31114455044263,0.000450332679637787,0.0107307213515651,0.00914839917303388,"PGK1/PKM/TPI1/ENO1/ENO2",5
"GO:0061718","glucose catabolic process to pyruvate","5/724","18/18986",0.277777777777778,7.28437691835482,5.31114455044263,0.000450332679637787,0.0107307213515651,0.00914839917303388,"PGK1/PKM/TPI1/ENO1/ENO2",5
"GO:0000079","regulation of cyclin-dependent protein serine/threonine kinase activity","11/724","87/18986",0.126436781609195,3.31564742490633,4.31035523612081,0.000460387051882703,0.0109167876058625,0.00930702861752094,"PLK1/PSRC1/PKMYT1/CDKN2A/CDKN3/CDC6/CDKN2B/CDC25A/CCND1/CCNE2/BLM",11
"GO:0051293","establishment of spindle localization","9/724","61/18986",0.147540983606557,3.8690788877819,4.46878929230617,0.000476223455156953,0.0112220670504135,0.00956729240842319,"NUSAP1/PLK1/CENPA/ESPL1/LLGL2/SAPCD2/CFL1/MAD2L1/SPAG5",9
"GO:0072524","pyridine-containing compound metabolic process","17/724","178/18986",0.0955056179775281,2.50451610900739,4.0154659710891,0.000477878600994772,0.0112220670504135,0.00956729240842319,"IDH2/GPI/PDXK/PGK1/GAPDH/UCHL1/PKM/TPI1/PDXP/UCP2/QPRT/DDIT4/SLC2A6/ENO1/ENO2/PARP10/KMO",17
"GO:0072527","pyrimidine-containing compound metabolic process","10/724","74/18986",0.135135135135135,3.5437509332537,4.36538076785254,0.000483811291520185,0.0113067629234597,0.00963949926475186,"TK1/DTYMK/TYMS/DCTPP1/UCK2/NME1/CMPK2/TYMP/CTPS1/NME2",10
"GO:0000041","transition metal ion transport","12/724","102/18986",0.117647058823529,3.08514787130322,4.20426772326471,0.000504031828716919,0.0117229603798705,0.0099943254074969,"STEAP3/SLC39A4/SLC39A1/SLC39A7/TRPM2/TTYH1/TFRC/ATOX1/LCN2/CP/FTL/LTF",12
"GO:0045589","regulation of regulatory T cell differentiation","7/724","38/18986",0.184210526315789,4.83069206164583,4.70638841769003,0.000511847194682636,0.0118480438731062,0.0101009644384237,"FANCA/IL4I1/LILRB4/FOXP3/LGALS9/LAG3/CTLA4",7
"GO:0150146","cell junction disassembly","6/724","28/18986",0.214285714285714,5.61937647987372,4.8704212943748,0.000552778995465335,0.0126842430670755,0.0108138600363963,"C1QB/DKK1/PRICKLE1/C1QC/TREM2/C1QA",6
"GO:0072711","cellular response to hydroxyurea","4/724","11/18986",0.363636363636364,9.53591160220994,5.63839859012552,0.000558409384150207,0.0126842430670755,0.0108138600363963,"DDX11/TIMELESS/RAD51/BLM",4
"GO:0090657","telomeric loop disassembly","4/724","11/18986",0.363636363636364,9.53591160220994,5.63839859012552,0.000558409384150207,0.0126842430670755,0.0108138600363963,"RECQL4/SLX1A/SLX1B/BLM",4
"GO:1904668","positive regulation of ubiquitin protein ligase activity","4/724","11/18986",0.363636363636364,9.53591160220994,5.63839859012552,0.000558409384150207,0.0126842430670755,0.0108138600363963,"PLK1/UBE2S/UBE2C/CDC20",4
"GO:0019882","antigen processing and presentation","13/724","118/18986",0.110169491525424,2.88905796422886,4.0984889506464,0.000566757666367453,0.0128139954242427,0.0109244794736287,"TAP1/IFI30/CALR/CTSD/TREM2/PSMB8/HLA-C/HLA-B/HLA-DQA1/HLA-DRB5/HLA-A/ULBP2/HLA-DQA2",13
"GO:0032069","regulation of nuclease activity","5/724","19/18986",0.263157894736842,6.90098865949404,5.12392392337616,0.000592105213890912,0.0133251085403876,0.0113602252782092,"DDX11/OAS3/PCNA/OAS1/GZMA",5
"GO:0009191","ribonucleoside diphosphate catabolic process","12/724","104/18986",0.115384615384615,3.02581810454739,4.12471110251181,0.000601855645233599,0.0134821211588964,0.0114940852548372,"GPI/PGK1/GAPDH/UCHL1/PKM/TPI1/UCP2/DDIT4/NUDT5/SLC2A6/ENO1/ENO2",12
"GO:1901293","nucleoside phosphate biosynthetic process","25/724","321/18986",0.0778816199376947,2.04234866869761,3.75017858704881,0.000616290319740137,0.013632385760312,0.011622192258112,"TK1/FLAD1/DTYMK/GFPT1/PARP1/GPI/TYMS/RRM2/UCK2/GMPS/NME1/ADCY7/CMPK2/QPRT/NDUFA9/GMDS/CTPS1/ENO1/TREM2/PARP10/NDUFA11/PAPSS2/HPRT1/NME2/KMO",25
"GO:0050672","negative regulation of lymphocyte proliferation","11/724","90/18986",0.122222222222222,3.20512584407612,4.17513101770997,0.000616976932167999,0.013632385760312,0.011622192258112,"IL4I1/CDKN2A/LILRB4/FOXP3/SCRIB/LGALS9/VTCN1/SOX11/CTLA4/TYROBP/PLA2G2D",11
"GO:1904029","regulation of cyclin-dependent protein kinase activity","11/724","90/18986",0.122222222222222,3.20512584407612,4.17513101770997,0.000616976932167999,0.013632385760312,0.011622192258112,"PLK1/PSRC1/PKMYT1/CDKN2A/CDKN3/CDC6/CDKN2B/CDC25A/CCND1/CCNE2/BLM",11
"GO:0001909","leukocyte mediated cytotoxicity","15/724","151/18986",0.0993377483443709,2.60500896417987,3.94260745095921,0.000669708994548148,0.0147305675226179,0.0125584392071258,"FCGR3A/PRDX1/TUBB/LGALS9/FADD/LAG3/CD2/HLA-C/HLA-B/HPRT1/HLA-A/TYROBP/HCST/NKG7/ULBP2",15
"GO:0034644","cellular response to UV","11/724","91/18986",0.120879120879121,3.1699046809544,4.13131509020143,0.000678127313811918,0.0147819590692365,0.0126022526999175,"AURKB/PARP1/POLD1/MMP9/BAX/MMP1/OPN3/PCNA/POLH/PBK/CDC25A",11
"GO:0044774","mitotic DNA integrity checkpoint signaling","11/724","91/18986",0.120879120879121,3.1699046809544,4.13131509020143,0.000678127313811918,0.0147819590692365,0.0126022526999175,"PLK1/DTL/RFWD3/GTSE1/TICRR/CDC6/ORC1/RBM38/CCND1/MUC1/BLM",11
"GO:0051785","positive regulation of nuclear division","9/724","64/18986",0.140625,3.68771581491713,4.28835005518289,0.00068331754528001,0.0148286008375274,0.0126420168034182,"NUSAP1/AURKA/ESPL1/UBE2C/CDC20/ANAPC11/DLGAP5/RAD51AP1/TNF",9
"GO:0032945","negative regulation of mononuclear cell proliferation","11/724","92/18986",0.119565217391304,3.13544919529186,4.08810099474774,0.000744234748173691,0.0160787782705436,0.0137078465663617,"IL4I1/CDKN2A/LILRB4/FOXP3/SCRIB/LGALS9/VTCN1/SOX11/CTLA4/TYROBP/PLA2G2D",11
"GO:0050866","negative regulation of cell activation","19/724","219/18986",0.0867579908675799,2.27512046217109,3.77899450199186,0.000755738423987505,0.0161834558546399,0.0137970886864772,"FN1/IL4I1/INHBA/RHBDD3/CDKN2A/LILRB4/FOXP3/SCRIB/SERPINE2/LGALS9/ASCL2/TREM2/LAG3/LAPTM5/VTCN1/SOX11/CTLA4/TYROBP/PLA2G2D",19
"GO:0051098","regulation of binding","19/724","219/18986",0.0867579908675799,2.27512046217109,3.77899450199186,0.000755738423987505,0.0161834558546399,0.0137970886864772,"E2F1/PLK1/STMN1/DDX11/MMP9/AURKA/CDT1/BAX/MDFI/TRIB3/DKK1/NME1/HJURP/BAMBI/IL32/SOX11/SLPI/IFIT1/GZMA",19
"GO:0051250","negative regulation of lymphocyte activation","16/724","169/18986",0.0946745562130177,2.48272254732093,3.85503625055397,0.000762015644060752,0.0162057580540521,0.0138161022658979,"IL4I1/INHBA/RHBDD3/CDKN2A/LILRB4/FOXP3/SCRIB/LGALS9/ASCL2/LAG3/LAPTM5/VTCN1/SOX11/CTLA4/TYROBP/PLA2G2D",16
"GO:0061620","glycolytic process through glucose-6-phosphate","5/724","20/18986",0.25,6.55593922651934,4.9497700773106,0.000764876303664276,0.0162057580540521,0.0138161022658979,"PGK1/PKM/TPI1/ENO1/ENO2",5
"GO:0022617","extracellular matrix disassembly","9/724","65/18986",0.138461538461538,3.63098172545686,4.23060892838716,0.000766781393217853,0.0162057580540521,0.0138161022658979,"MMP11/MMP9/MMP1/MMP14/FSCN1/MMP7/MMP13/NOXO1/KLK4",9
"GO:0072710","response to hydroxyurea","4/724","12/18986",0.333333333333333,8.74125230202578,5.34100287420138,0.000812426107820375,0.0170156936790035,0.0145066070473342,"DDX11/TIMELESS/RAD51/BLM",4
"GO:0090267","positive regulation of mitotic cell cycle spindle assembly checkpoint","4/724","12/18986",0.333333333333333,8.74125230202578,5.34100287420138,0.000812426107820375,0.0170156936790035,0.0145066070473342,"AURKB/CDCA8/INCENP/MAD2L1",4
"GO:0045824","negative regulation of innate immune response","11/724","93/18986",0.118279569892473,3.1017346878156,4.0454731087343,0.000815605148571862,0.0170156936790035,0.0145066070473342,"AURKB/PARP1/ISG15/OAS3/SLAMF8/USP18/OAS1/NLRC5/LGALS9/HLA-B/HLA-A",11
"GO:0007143","female meiotic nuclear division","7/724","41/18986",0.170731707317073,4.47722678884247,4.43790554877364,0.00082583617507741,0.0170825091363885,0.0145635700841199,"PLK1/AURKA/NCAPH/CCNB2/TOP2A/CDC25B/TTK",7
"GO:0051438","regulation of ubiquitin-protein transferase activity","7/724","41/18986",0.170731707317073,4.47722678884247,4.43790554877364,0.00082583617507741,0.0170825091363885,0.0145635700841199,"PLK1/UBE2S/UBE2C/CDC20/TRIB3/CDKN2A/MAD2L1",7
"GO:2000573","positive regulation of DNA biosynthetic process","8/724","53/18986",0.150943396226415,3.95830292921922,4.2940913142743,0.000834663065616035,0.0171919371269472,0.0146568621290381,"CCNA2/PCNA/CCT5/CHTF18/DSCC1/VEGFA/TNF/CYP1B1",8
"GO:0009134","nucleoside diphosphate catabolic process","12/724","108/18986",0.111111111111111,2.91375076734193,3.97118097593781,0.000845723441769722,0.0173462516896313,0.0147884218976122,"GPI/PGK1/GAPDH/UCHL1/PKM/TPI1/UCP2/DDIT4/NUDT5/SLC2A6/ENO1/ENO2",12
"GO:0072523","purine-containing compound catabolic process","15/724","155/18986",0.0967741935483871,2.53778292639458,3.82758290949091,0.000878641609541671,0.0179457011091683,0.0152994781811834,"GPI/NUDT8/PGK1/GAPDH/UCHL1/ABCD1/PKM/TPI1/UCP2/DDIT4/SLC2A6/ENO1/ENO2/DNPH1/HPRT1",15
"GO:0032609","type II interferon production","13/724","124/18986",0.104838709677419,2.74926483692746,3.89110502601747,0.000907736780496958,0.0183854520416488,0.0156743846702479,"ISG15/INHBA/SLC7A5/LILRB4/FOXP3/SCRIB/LGALS9/FADD/LAPTM5/CD2/IL12RB2/TNF/HLA-A",13
"GO:0032649","regulation of type II interferon production","13/724","124/18986",0.104838709677419,2.74926483692746,3.89110502601747,0.000907736780496958,0.0183854520416488,0.0156743846702479,"ISG15/INHBA/SLC7A5/LILRB4/FOXP3/SCRIB/LGALS9/FADD/LAPTM5/CD2/IL12RB2/TNF/HLA-A",13
"GO:0048146","positive regulation of fibroblast proliferation","8/724","54/18986",0.148148148148148,3.88500102312257,4.22712429556741,0.00094762293633732,0.0190647829610862,0.0162535433510099,"E2F1/CCNB1/FN1/CCNA2/MIF/CDC6/CDK6/AGT",8
"GO:0031100","animal organ regeneration","9/724","67/18986",0.134328358208955,3.52259421126412,4.11847204210773,0.000958637851176892,0.0190647829610862,0.0162535433510099,"TYMS/AURKA/CCNA2/PCNA/SLC7A5/UCP2/TNF/EZH2/CCND1",9
"GO:0002396","MHC protein complex assembly","5/724","21/18986",0.238095238095238,6.24375164430413,4.78713585763371,0.000972652987934452,0.0190647829610862,0.0162535433510099,"CALR/HLA-DQA1/HLA-DRB5/HLA-A/HLA-DQA2",5
"GO:0002501","peptide antigen assembly with MHC protein complex","5/724","21/18986",0.238095238095238,6.24375164430413,4.78713585763371,0.000972652987934452,0.0190647829610862,0.0162535433510099,"CALR/HLA-DQA1/HLA-DRB5/HLA-A/HLA-DQA2",5
"GO:0019677","NAD catabolic process","5/724","21/18986",0.238095238095238,6.24375164430413,4.78713585763371,0.000972652987934452,0.0190647829610862,0.0162535433510099,"PGK1/PKM/TPI1/ENO1/ENO2",5
"GO:0051383","kinetochore organization","5/724","21/18986",0.238095238095238,6.24375164430413,4.78713585763371,0.000972652987934452,0.0190647829610862,0.0162535433510099,"CENPA/CENPF/SMC4/DLGAP5/CENPW",5
"GO:0072567","chemokine (C-X-C motif) ligand 2 production","5/724","21/18986",0.238095238095238,6.24375164430413,4.78713585763371,0.000972652987934452,0.0190647829610862,0.0162535433510099,"OAS3/MIF/OAS1/TNF/POSTN",5
"GO:2000341","regulation of chemokine (C-X-C motif) ligand 2 production","5/724","21/18986",0.238095238095238,6.24375164430413,4.78713585763371,0.000972652987934452,0.0190647829610862,0.0162535433510099,"OAS3/MIF/OAS1/TNF/POSTN",5
"GO:0051054","positive regulation of DNA metabolic process","23/724","295/18986",0.0779661016949153,2.04456409776196,3.60023001828693,0.000986133355356597,0.0192513824915197,0.0164126274362246,"AURKB/FOXM1/PARP1/DDX11/CCNA2/CDT1/BAX/TIMELESS/PCNA/RAD51/SLX1A/CCT5/TFRC/CHTF18/DSCC1/RAD51AP1/CDC7/VEGFA/TNF/CDC25A/MAPK15/CYP1B1/SLX1B",23
"GO:2000027","regulation of animal organ morphogenesis","10/724","81/18986",0.123456790123457,3.23750085260214,4.01807272218561,0.000996502095199508,0.0193759867390592,0.0165188578896862,"SULF1/SAPCD2/MAGED1/DKK1/SIX2/AGT/VEGFA/TNF/MESP1/HOXC11",10
"GO:0009185","ribonucleoside diphosphate metabolic process","13/724","126/18986",0.103174603174603,2.70562571253179,3.82471058190424,0.00105401976528027,0.020391693833955,0.0173847916552325,"GPI/RRM2/PGK1/GAPDH/UCHL1/PKM/TPI1/UCP2/DDIT4/NUDT5/SLC2A6/ENO1/ENO2",13
"GO:0006310","DNA recombination","26/724","352/18986",0.0738636363636364,1.93698204419889,3.53305150922742,0.00105712957131386,0.020391693833955,0.0173847916552325,"PLK1/RECQL4/MCM2/MCM4/PARP1/MCM3/UBQLN4/TONSL/MCM5/KPNA2/TOP2A/TIMELESS/RFWD3/MCM7/RAD54L/RAD51/SLX1A/FOXP3/FEN1/TFRC/MCM6/RAD51AP1/CDC7/CDC45/SLX1B/BLM",26
"GO:0006096","glycolytic process","11/724","96/18986",0.114583333333333,3.00480547882136,3.92095892429509,0.00106453399025423,0.0204533586032641,0.01743736351001,"GPI/PGK1/GAPDH/UCHL1/PKM/TPI1/UCP2/DDIT4/SLC2A6/ENO1/ENO2",11
"GO:0060623","regulation of chromosome condensation","4/724","13/18986",0.307692307692308,8.06884827879303,5.07636390867905,0.00113826295641145,0.021613657152797,0.0184265676784205,"NCAPD2/NCAPH/NCAPG2/SMC4",4
"GO:0061029","eyelid development in camera-type eye","4/724","13/18986",0.307692307692308,8.06884827879303,5.07636390867905,0.00113826295641145,0.021613657152797,0.0184265676784205,"INHBA/HDAC2/PRICKLE1/SOX11",4
"GO:0090232","positive regulation of spindle checkpoint","4/724","13/18986",0.307692307692308,8.06884827879303,5.07636390867905,0.00113826295641145,0.021613657152797,0.0184265676784205,"AURKB/CDCA8/INCENP/MAD2L1",4
"GO:0014013","regulation of gliogenesis","12/724","112/18986",0.107142857142857,2.80968823993686,3.82455767706223,0.00116698815827767,0.0220728771882793,0.0188180724109736,"SLC7A5/HDAC2/CERS2/SERPINE2/ASCL2/TREM2/CDKN2B/TNF/CXCR4/SPINT1/SOX11/EZH2",12
"GO:0042063","gliogenesis","26/724","355/18986",0.0732394366197183,1.92061318185355,3.48637177777189,0.00119406430538623,0.0224974673972189,0.0191800537344169,"SOX4/PHGDH/SLC7A5/METRN/HDAC2/CERS2/MMP14/SCRIB/CDK6/HAPLN3/SERPINE2/LRP8/ASCL2/TREM2/C1QA/CDKN2B/TNF/CXCR4/SPINT1/S100A9/SOX11/EZH2/NDRG1/ACAN/CDH2/NCAN",26
"GO:0046032","ADP catabolic process","11/724","98/18986",0.112244897959184,2.94348291802909,3.84061870947173,0.00126295367852253,0.0237035437501854,0.0202082854393139,"GPI/PGK1/GAPDH/UCHL1/PKM/TPI1/UCP2/DDIT4/SLC2A6/ENO1/ENO2",11
"GO:0009166","nucleotide catabolic process","15/724","161/18986",0.093167701863354,2.44320716516249,3.6616306653946,0.00129398532167294,0.0241925486486622,0.020625183042212,"GPI/PGK1/DCTPP1/GAPDH/UCHL1/PKM/TPI1/UCP2/DDIT4/TYMP/SLC2A6/ENO1/ENO2/DNPH1/HPRT1",15
"GO:0070482","response to oxygen levels","26/724","358/18986",0.0726256983240224,1.90451865798327,3.44014179041618,0.00134608467138238,0.0250701823279301,0.0213734033120889,"IRAK1/CCNA2/INHBA/SOX4/PLOD1/PGK1/CBS/SLC7A5/UCP2/HDAC2/DDIT4/MMP14/COL1A1/TFRC/ENO1/ASCL2/TREM2/CLDN3/VEGFA/TNF/CXCR4/PLAU/POSTN/NDRG1/CA9/EGLN3",26
"GO:0000723","telomere maintenance","15/724","162/18986",0.0925925925925926,2.42812563945161,3.63469841009581,0.00137713181894321,0.0255450148237538,0.0217782183352177,"AURKB/RECQL4/PARP1/PCNA/SMG5/CCNE1/RAD51/SLX1A/CCT5/FEN1/PPP1CA/MAPK15/CCNE2/SLX1B/BLM",15
"GO:0050869","negative regulation of B cell activation","6/724","33/18986",0.181818181818182,4.76795580110497,4.31344438662255,0.00138208987834751,0.0255450148237538,0.0217782183352177,"INHBA/CDKN2A/FOXP3/LAPTM5/CTLA4/TYROBP",6
"GO:0045861","negative regulation of proteolysis","23/724","303/18986",0.0759075907590759,1.99058220739201,3.46089915614677,0.00140631794269069,0.0257982149451167,0.0219940822743695,"CST1/MMP9/IFI6/GAPDH/CDKN2A/F8A1/SPINT2/SERPINH1/SERPINE2/PBK/EFNA1/BCL2L12/RARRES1/CTSZ/CSTB/QRICH2/VEGFA/TNF/SPINT1/PLAU/SLPI/LTF/PCSK1N",23
"GO:0002695","negative regulation of leukocyte activation","17/724","196/18986",0.086734693877551,2.27450952756793,3.57115044610242,0.00140640340680023,0.0257982149451167,0.0219940822743695,"FN1/IL4I1/INHBA/RHBDD3/CDKN2A/LILRB4/FOXP3/SCRIB/LGALS9/ASCL2/LAG3/LAPTM5/VTCN1/SOX11/CTLA4/TYROBP/PLA2G2D",17
"GO:0071674","mononuclear cell migration","19/724","231/18986",0.0822510822510823,2.15693238621415,3.52253931403994,0.00142308616093135,0.0260060970988244,0.0221713107067143,"CXCL10/F11R/SLAMF8/TRPM2/MIF/EDN2/MMP14/CALR/LGALS9/FADD/ARTN/C3AR1/ASCL2/TREM2/PADI2/TNF/CXCR4/CXCL11/CXCL17",19
"GO:0070661","leukocyte proliferation","25/724","341/18986",0.0733137829912024,1.9225628230262,3.42288540734069,0.00145007410710515,0.0264000383319781,0.0225071624666785,"BAX/IL4I1/FCGR3A/CDKN2A/MIF/LILRB4/TCIRG1/BST2/CTPS1/FOXP3/SCRIB/TFRC/LGALS9/FADD/TREM2/NMB/GSTP1/TNFSF13B/VTCN1/HPRT1/SOX11/HLA-A/CTLA4/TYROBP/PLA2G2D",25
"GO:0010972","negative regulation of G2/M transition of mitotic cell cycle","9/724","71/18986",0.126760563380282,3.32413819936192,3.90650482396144,0.00145901152400967,0.0264042113596797,0.0225107201513787,"AURKB/PLK1/DTL/PKMYT1/CHMP4C/TICRR/CDC6/ORC1/BLM",9
"GO:0060338","regulation of type I interferon-mediated signaling pathway","7/724","45/18986",0.155555555555556,4.0792510742787,4.11765845944057,0.00146116701414397,0.0264042113596797,0.0225107201513787,"ISG15/OAS3/USP18/OAS1/IKBKE/NLRC5/FADD",7
"GO:0019364","pyridine nucleotide catabolic process","11/724","100/18986",0.11,2.88461325966851,3.76229343129294,0.00149079707759131,0.0267402790828829,0.0227972322674152,"GPI/PGK1/GAPDH/UCHL1/PKM/TPI1/UCP2/DDIT4/SLC2A6/ENO1/ENO2",11
"GO:0009219","pyrimidine deoxyribonucleotide metabolic process","5/724","23/18986",0.217391304347826,5.70081671871247,4.49142475993623,0.0015099538524009,0.0267402790828829,0.0227972322674152,"DTYMK/TYMS/DCTPP1/CMPK2/TYMP",5
"GO:0019885","antigen processing and presentation of endogenous peptide antigen via MHC class I","5/724","23/18986",0.217391304347826,5.70081671871247,4.49142475993623,0.0015099538524009,0.0267402790828829,0.0227972322674152,"TAP1/HLA-C/HLA-B/HLA-A/ULBP2",5
"GO:0051443","positive regulation of ubiquitin-protein transferase activity","5/724","23/18986",0.217391304347826,5.70081671871247,4.49142475993623,0.0015099538524009,0.0267402790828829,0.0227972322674152,"PLK1/UBE2S/UBE2C/CDC20/TRIB3",5
"GO:0170038","proteinogenic amino acid biosynthetic process","8/724","58/18986",0.137931034482759,3.61706991807963,3.97445306995208,0.00152762161068158,0.0267402790828829,0.0227972322674152,"PYCR1/CBS/PHGDH/SEPHS2/PYCR2/SHMT2/ALDH18A1/GGT1",8
"GO:0006241","CTP biosynthetic process","4/724","14/18986",0.285714285714286,7.49250197316496,4.838602714592,0.0015457762646143,0.0267402790828829,0.0227972322674152,"UCK2/NME1/CTPS1/NME2",4
"GO:0009209","pyrimidine ribonucleoside triphosphate biosynthetic process","4/724","14/18986",0.285714285714286,7.49250197316496,4.838602714592,0.0015457762646143,0.0267402790828829,0.0227972322674152,"UCK2/NME1/CTPS1/NME2",4
"GO:0009263","deoxyribonucleotide biosynthetic process","4/724","14/18986",0.285714285714286,7.49250197316496,4.838602714592,0.0015457762646143,0.0267402790828829,0.0227972322674152,"DTYMK/TYMS/RRM2/CMPK2",4
"GO:0009265","2'-deoxyribonucleotide biosynthetic process","4/724","14/18986",0.285714285714286,7.49250197316496,4.838602714592,0.0015457762646143,0.0267402790828829,0.0227972322674152,"DTYMK/TYMS/RRM2/CMPK2",4
"GO:0046385","deoxyribose phosphate biosynthetic process","4/724","14/18986",0.285714285714286,7.49250197316496,4.838602714592,0.0015457762646143,0.0267402790828829,0.0227972322674152,"DTYMK/TYMS/RRM2/CMPK2",4
"GO:0070141","response to UV-A","4/724","14/18986",0.285714285714286,7.49250197316496,4.838602714592,0.0015457762646143,0.0267402790828829,0.0227972322674152,"MMP9/MMP1/OPN3/CCND1",4
"GO:0090435","protein localization to nuclear envelope","4/724","14/18986",0.285714285714286,7.49250197316496,4.838602714592,0.0015457762646143,0.0267402790828829,0.0227972322674152,"LMNB1/PLK1/LMNB2/TMEM147",4
"GO:0001704","formation of primary germ layer","13/724","132/18986",0.0984848484848485,2.58264272559853,3.63302607389748,0.00161576548272082,0.0276724019200072,0.0235919068762261,"FN1/COL11A1/MMP9/GPI/INHBA/DKK1/MMP14/COL12A1/ITGB2/SIX2/COL5A1/COL5A2/MESP1",13
"GO:0009137","purine nucleoside diphosphate catabolic process","11/724","101/18986",0.108910891089109,2.85605273234506,3.72385633515038,0.00161673773817775,0.0276724019200072,0.0235919068762261,"GPI/PGK1/GAPDH/UCHL1/PKM/TPI1/UCP2/DDIT4/SLC2A6/ENO1/ENO2",11
"GO:0009181","purine ribonucleoside diphosphate catabolic process","11/724","101/18986",0.108910891089109,2.85605273234506,3.72385633515038,0.00161673773817775,0.0276724019200072,0.0235919068762261,"GPI/PGK1/GAPDH/UCHL1/PKM/TPI1/UCP2/DDIT4/SLC2A6/ENO1/ENO2",11
"GO:0007062","sister chromatid cohesion","8/724","59/18986",0.135593220338983,3.55576364828167,3.91476969826519,0.00170932781119319,0.0290525961196157,0.0247685814967522,"PLK1/DDX11/ESPL1/CDC20/CDCA5/FEN1/DSCC1/HORMAD1",8
"GO:0170034","L-amino acid biosynthetic process","8/724","59/18986",0.135593220338983,3.55576364828167,3.91476969826519,0.00170932781119319,0.0290525961196157,0.0247685814967522,"PYCR1/CBS/PHGDH/SEPHS2/PYCR2/SHMT2/ALDH18A1/GGT1",8
"GO:0002407","dendritic cell chemotaxis","5/724","24/18986",0.208333333333333,5.46328268876611,4.35630580397602,0.0018481225140012,0.0306611724933782,0.0261399616943514,"SLAMF8/TRPM2/CALR/LGALS9/CXCR4",5
"GO:0031145","anaphase-promoting complex-dependent catabolic process","5/724","24/18986",0.208333333333333,5.46328268876611,4.35630580397602,0.0018481225140012,0.0306611724933782,0.0261399616943514,"PLK1/UBE2S/UBE2C/CDC20/ANAPC11",5
"GO:0042659","regulation of cell fate specification","5/724","24/18986",0.208333333333333,5.46328268876611,4.35630580397602,0.0018481225140012,0.0306611724933782,0.0261399616943514,"DKK1/HDAC2/ESRP1/LMO4/MESP1",5
"GO:0060339","negative regulation of type I interferon-mediated signaling pathway","5/724","24/18986",0.208333333333333,5.46328268876611,4.35630580397602,0.0018481225140012,0.0306611724933782,0.0261399616943514,"ISG15/OAS3/USP18/OAS1/NLRC5",5
"GO:0061615","glycolytic process through fructose-6-phosphate","5/724","24/18986",0.208333333333333,5.46328268876611,4.35630580397602,0.0018481225140012,0.0306611724933782,0.0261399616943514,"PGK1/PKM/TPI1/ENO1/ENO2",5
"GO:0090266","regulation of mitotic cell cycle spindle assembly checkpoint","5/724","24/18986",0.208333333333333,5.46328268876611,4.35630580397602,0.0018481225140012,0.0306611724933782,0.0261399616943514,"CCNB1/AURKB/CDCA8/INCENP/MAD2L1",5
"GO:1903504","regulation of mitotic spindle checkpoint","5/724","24/18986",0.208333333333333,5.46328268876611,4.35630580397602,0.0018481225140012,0.0306611724933782,0.0261399616943514,"CCNB1/AURKB/CDCA8/INCENP/MAD2L1",5
"GO:2000116","regulation of cysteine-type endopeptidase activity","15/724","167/18986",0.0898203592814371,2.35542726701294,3.50297144500512,0.00186315854984617,0.0308054888122525,0.0262629975322032,"MMP9/IFI6/CDKN2A/PRR7/PSMB9/CTSD/BCL2L12/LGALS9/FADD/LAPTM5/VEGFA/TNF/S100A9/EGLN3/LTF",15
"GO:0002495","antigen processing and presentation of peptide antigen via MHC class II","6/724","35/18986",0.171428571428571,4.49550118389897,4.1212392235937,0.00189875223735789,0.0311818737357996,0.0265838817869061,"IFI30/CTSD/TREM2/HLA-DQA1/HLA-DRB5/HLA-DQA2",6
"GO:0090183","regulation of kidney development","6/724","35/18986",0.171428571428571,4.49550118389897,4.1212392235937,0.00189875223735789,0.0311818737357996,0.0265838817869061,"STAT1/MAGED1/SIX2/AGT/VEGFA/EZH2",6
"GO:0002443","leukocyte mediated immunity","32/724","485/18986",0.065979381443299,1.73022725978242,3.24363310101185,0.0019444223121791,0.0317138355797016,0.0270374020241201,"IL4I1/FCGR3A/PRDX1/TRAF2/TUBB/C1QB/RSAD2/LILRB4/TCIRG1/BST2/C1QC/FOXP3/IL21R/ITGB2/TFRC/LGALS9/FADD/TREM2/LAG3/IL2RB/C8G/CD2/C1QA/HLA-C/HLA-B/TNF/HPRT1/HLA-A/TYROBP/HCST/NKG7/ULBP2",32
"GO:0006487","protein N-linked glycosylation","9/724","74/18986",0.121621621621622,3.18937583992833,3.75723073367062,0.00195724144700895,0.0317138355797016,0.0270374020241201,"GFPT1/ALG3/RPN1/KRTCAP2/MGAT4B/RPN2/SRD5A3/FUT3/DERL3",9
"GO:0009064","glutamine family amino acid metabolic process","9/724","74/18986",0.121621621621622,3.18937583992833,3.75723073367062,0.00195724144700895,0.0317138355797016,0.0270374020241201,"PYCR1/GFPT1/PHGDH/PYCR2/GMPS/UCP2/CTPS1/ALDH18A1/GGT1",9
"GO:0042130","negative regulation of T cell proliferation","9/724","74/18986",0.121621621621622,3.18937583992833,3.75723073367062,0.00195724144700895,0.0317138355797016,0.0270374020241201,"IL4I1/CDKN2A/LILRB4/FOXP3/SCRIB/LGALS9/VTCN1/CTLA4/PLA2G2D",9
"GO:0071478","cellular response to radiation","16/724","185/18986",0.0864864864864865,2.26800059728237,3.4507640285926,0.00197510720179819,0.0318969970363489,0.0271935550042997,"AURKB/PARP1/POLD1/MMP9/BAX/MMP1/OPN3/PCNA/POLH/RAD51/TSPYL5/PBK/RAD51AP1/TNF/CDC25A/BLM",16
"GO:0045859","regulation of protein kinase activity","29/724","427/18986",0.0679156908665105,1.78100456739167,3.25005447173818,0.00203397995860469,0.0321085361355905,0.0273739011392111,"PLK1/TPX2/PSRC1/TRAF2/PKMYT1/MAGED1/UCHL1/TRIB3/CDKN2A/CDKN3/MIF/LILRB4/JTB/CDC6/GPRC5A/EFNA1/KIF14/MST1R/GSTP1/CDKN2B/CIB1/AGT/TNF/CDC25A/EZH2/CCND1/CCNE2/LTF/BLM",29
"GO:0033599","regulation of mammary gland epithelial cell proliferation","4/724","15/18986",0.266666666666667,6.99300184162063,4.6232283359679,0.00204474632872053,0.0321085361355905,0.0273739011392111,"IQGAP3/BAX/PYGO2/CCND1",4
"GO:0034501","protein localization to kinetochore","4/724","15/18986",0.266666666666667,6.99300184162063,4.6232283359679,0.00204474632872053,0.0321085361355905,0.0273739011392111,"AURKB/BUB3/RCC2/TTK",4
"GO:0035860","glial cell-derived neurotrophic factor receptor signaling pathway","4/724","15/18986",0.266666666666667,6.99300184162063,4.6232283359679,0.00204474632872053,0.0321085361355905,0.0273739011392111,"SULF1/MMP14/ARTN/NRTN",4
"GO:0046007","negative regulation of activated T cell proliferation","4/724","15/18986",0.266666666666667,6.99300184162063,4.6232283359679,0.00204474632872053,0.0321085361355905,0.0273739011392111,"LILRB4/FOXP3/SCRIB/LGALS9",4
"GO:0070341","fat cell proliferation","4/724","15/18986",0.266666666666667,6.99300184162063,4.6232283359679,0.00204474632872053,0.0321085361355905,0.0273739011392111,"E2F1/TFDP1/E2F3/TREM2",4
"GO:0090235","regulation of metaphase plate congression","4/724","15/18986",0.266666666666667,6.99300184162063,4.6232283359679,0.00204474632872053,0.0321085361355905,0.0273739011392111,"AURKB/CDCA8/INCENP/SPAG5",4
"GO:1903083","protein localization to condensed chromosome","4/724","15/18986",0.266666666666667,6.99300184162063,4.6232283359679,0.00204474632872053,0.0321085361355905,0.0273739011392111,"AURKB/BUB3/RCC2/TTK",4
"GO:0046031","ADP metabolic process","11/724","104/18986",0.105769230769231,2.7736665958351,3.61131252779968,0.00204765402222445,0.0321085361355905,0.0273739011392111,"GPI/PGK1/GAPDH/UCHL1/PKM/TPI1/UCP2/DDIT4/SLC2A6/ENO1/ENO2",11
"GO:0014009","glial cell proliferation","8/724","61/18986",0.131147540983607,3.43918123358391,3.79919388938829,0.0021237664861724,0.0331949481970547,0.0283001139145735,"SOX4/SLC7A5/CERS2/ASCL2/TREM2/CDKN2B/TNF/SOX11",8
"GO:0072001","renal system development","24/724","332/18986",0.072289156626506,1.89569327031884,3.27825537132988,0.00215094459446156,0.0335119925438385,0.0285704077881078,"EPCAM/MMP9/BAX/SULF1/KIF26B/STAT1/SOX4/MAGED1/PTK7/CENPF/PYGO2/PRICKLE1/APH1A/FADD/WNT6/SIX2/AGT/VEGFA/GCNT1/PROM1/SOX11/EZH2/HOXC11/SDC1",24
"GO:0009199","ribonucleoside triphosphate metabolic process","20/724","258/18986",0.0775193798449612,2.03284937256414,3.32584156984381,0.00219236487482473,0.0340481969856965,0.029027545021641,"PARP1/GPI/PGK1/GAPDH/UCHL1/PKM/TPI1/UCK2/NME1/UCP2/DDIT4/NDUFA9/CTPS1/NUDT5/SLC2A6/ENO1/ENO2/TREM2/NDUFA11/NME2",20
"GO:0002483","antigen processing and presentation of endogenous peptide antigen","5/724","25/18986",0.2,5.24475138121547,4.22855572448012,0.00223853771663221,0.0346545600017489,0.0295444954421086,"TAP1/HLA-C/HLA-B/HLA-A/ULBP2",5
"GO:0009123","nucleoside monophosphate metabolic process","9/724","76/18986",0.118421052631579,3.10544489677232,3.66189026685061,0.00235879516623304,0.0364003279462185,0.0310328373248437,"TK1/DTYMK/TYMS/UCK2/GMPS/CMPK2/TYMP/DNPH1/HPRT1",9
"GO:0006195","purine nucleotide catabolic process","13/724","138/18986",0.0942028985507246,2.47035391144207,3.45166947980295,0.00240552195905008,0.0369572008015217,0.0315075952653431,"GPI/PGK1/GAPDH/UCHL1/PKM/TPI1/UCP2/DDIT4/SLC2A6/ENO1/ENO2/DNPH1/HPRT1",13
"GO:0046434","organophosphate catabolic process","19/724","242/18986",0.0785123966942149,2.0588900050226,3.30086534981234,0.00242203833743882,0.0369572008015217,0.0315075952653431,"GPI/NUDT8/PGK1/DCTPP1/GAPDH/UCHL1/ABCD1/PKM/TPI1/PDXP/UCP2/DDIT4/TYMP/NUDT5/SLC2A6/ENO1/ENO2/DNPH1/HPRT1",19
"GO:0032506","cytokinetic process","7/724","49/18986",0.142857142857143,3.74625098658248,3.83250818454804,0.00242529254385629,0.0369572008015217,0.0315075952653431,"AURKB/IQGAP3/KIF20A/CHMP4C/CEP55/ARF1/ANLN",7
"GO:0043029","T cell homeostasis","7/724","49/18986",0.142857142857143,3.74625098658248,3.83250818454804,0.00242529254385629,0.0369572008015217,0.0315075952653431,"BAX/CCNB2/TCIRG1/FOXP3/LGALS9/FADD/SIT1",7
"GO:0019362","pyridine nucleotide metabolic process","15/724","172/18986",0.0872093023255814,2.28695554413465,3.37588476261265,0.00248446717868908,0.0376230372448836,0.0320752493277551,"IDH2/GPI/PGK1/GAPDH/UCHL1/PKM/TPI1/UCP2/QPRT/DDIT4/SLC2A6/ENO1/ENO2/PARP10/KMO",15
"GO:0046496","nicotinamide nucleotide metabolic process","15/724","172/18986",0.0872093023255814,2.28695554413465,3.37588476261265,0.00248446717868908,0.0376230372448836,0.0320752493277551,"IDH2/GPI/PGK1/GAPDH/UCHL1/PKM/TPI1/UCP2/QPRT/DDIT4/SLC2A6/ENO1/ENO2/PARP10/KMO",15
"GO:0022409","positive regulation of cell-cell adhesion","24/724","336/18986",0.0714285714285714,1.87312549329124,3.21519489822575,0.00251335810907112,0.0377472241475833,0.0321811239768805,"F11R/IRAK1/KIF26B/IL4I1/SOX4/LILRB4/FOXP3/MYO10/ITGB2/TFRC/LGALS9/FADD/GCNT2/FUT3/TNFSF13B/TNF/VTCN1/GCNT1/HLA-DQA1/HLA-DRB5/HLA-A/CEACAM6/HLA-DQA2/SIRPG",24
"GO:0001666","response to hypoxia","23/724","317/18986",0.0725552050473186,1.90267005943148,3.22699695424511,0.00251353268363192,0.0377472241475833,0.0321811239768805,"IRAK1/CCNA2/INHBA/SOX4/PLOD1/PGK1/CBS/UCP2/DDIT4/MMP14/TFRC/ENO1/ASCL2/TREM2/CLDN3/VEGFA/TNF/CXCR4/PLAU/POSTN/NDRG1/CA9/EGLN3",23
"GO:0050777","negative regulation of immune response","17/724","207/18986",0.0821256038647343,2.1536418715136,3.32292368111004,0.00251596392178913,0.0377472241475833,0.0321811239768805,"AURKB/PARP1/ISG15/OAS3/IL4I1/SLAMF8/USP18/OAS1/LILRB4/FOXP3/NLRC5/PSMB4/LGALS9/ASCL2/TREM2/HLA-B/HLA-A",17
"GO:0002504","antigen processing and presentation of peptide or polysaccharide antigen via MHC class II","6/724","37/18986",0.162162162162162,4.25250111990443,3.9429891636851,0.00254962609850274,0.0381345614302209,0.0325113455864138,"IFI30/CTSD/TREM2/HLA-DQA1/HLA-DRB5/HLA-DQA2",6
"GO:0032729","positive regulation of type II interferon production","9/724","77/18986",0.116883116883117,3.06511444356748,3.61539389614849,0.00258272067447784,0.0385110588915239,0.0328323257843696,"ISG15/SLC7A5/SCRIB/LGALS9/FADD/CD2/IL12RB2/TNF/HLA-A",9
"GO:2000243","positive regulation of reproductive process","10/724","92/18986",0.108695652173913,2.85040835935623,3.54241921149516,0.0026328514780379,0.0389585191824529,0.0332138048314332,"AURKA/BAX/INHBA/HDAC2/RAD51AP1/CIB1/VEGFA/CDC25A/CDC25B/MAPK15",10
"GO:0002486","antigen processing and presentation of endogenous peptide antigen via MHC class I via ER pathway, TAP-independent","4/724","16/18986",0.25,6.55593922651934,4.42674216275443,0.00264478735449691,0.0389585191824529,0.0332138048314332,"HLA-C/HLA-B/HLA-A/ULBP2",4
"GO:0046036","CTP metabolic process","4/724","16/18986",0.25,6.55593922651934,4.42674216275443,0.00264478735449691,0.0389585191824529,0.0332138048314332,"UCK2/NME1/CTPS1/NME2",4
"GO:0051299","centrosome separation","4/724","16/18986",0.25,6.55593922651934,4.42674216275443,0.00264478735449691,0.0389585191824529,0.0332138048314332,"AURKA/KIF11/RANBP1/KIF15",4
"GO:0019985","translesion synthesis","5/724","26/18986",0.192307692307692,5.04303017424564,4.10747477212467,0.00268569328949949,0.0393227562658345,0.0335243325325286,"POLD1/DTL/PCNA/POLH/PARP10",5
"GO:0051315","attachment of mitotic spindle microtubules to kinetochore","5/724","26/18986",0.192307692307692,5.04303017424564,4.10747477212467,0.00268569328949949,0.0393227562658345,0.0335243325325286,"AURKB/CDCA8/KIF2C/INCENP/CDT1",5
"GO:2000045","regulation of G1/S transition of mitotic cell cycle","16/724","191/18986",0.0837696335078534,2.19675450522114,3.30979430446508,0.00272725946019539,0.0398114361441736,0.0339409530418501,"E2F1/INHBA/RFWD3/RRM2/CCNE1/GTSE1/CDKN2A/CDC6/TFDP1/RBM38/KIF14/CDKN2B/EZH2/CCND1/MUC1/CCNE2",16
"GO:0051216","cartilage development","17/724","209/18986",0.0813397129186603,2.13303285838907,3.2794646905461,0.00278076851571347,0.0402889873400481,0.0343480858731189,"PITX1/COL11A1/TYMS/SULF1/COMP/CBS/CHST11/BGN/COL1A1/SERPINH1/BMP8A/MMP13/SIX2/CREB3L2/COL11A2/TGFBI/MATN3",17
"GO:0009411","response to UV","14/724","157/18986",0.089171974522293,2.33842418270753,3.35297556100287,0.00278260166424352,0.0402889873400481,0.0343480858731189,"AURKB/PARP1/POLD1/MMP9/BAX/MMP1/DTL/OPN3/PCNA/POLH/FEN1/PBK/CDC25A/CCND1",14
"GO:0009142","nucleoside triphosphate biosynthetic process","12/724","124/18986",0.0967741935483871,2.53778292639458,3.42067978930393,0.0027848384583946,0.0402889873400481,0.0343480858731189,"DTYMK/PARP1/TYMS/UCK2/NME1/CMPK2/NDUFA9/CTPS1/ENO1/TREM2/NDUFA11/NME2",12
"GO:0032102","negative regulation of response to external stimulus","29/724","437/18986",0.0663615560640732,1.74024931413328,3.11715857533714,0.00284856537671633,0.0410886536979765,0.0350298356649452,"AURKB/PARP1/TRIM65/ISG15/OAS3/SLAMF8/USP18/SPP1/MIF/CERS2/OAS1/FOXP3/SERPINE2/PBK/NLRC5/PSMB4/LGALS9/TREM2/F12/PADI2/CLDN3/GSTP1/HLA-B/TNF/PLAU/EPPK1/CXCL17/HLA-A/LTF",29
"GO:0019674","NAD metabolic process","8/724","64/18986",0.125,3.27796961325967,3.63458482571315,0.00288904789539158,0.04154929532396,0.0354225523642375,"PGK1/PKM/TPI1/QPRT/ENO1/ENO2/PARP10/KMO",8
"GO:0002705","positive regulation of leukocyte mediated immunity","14/724","158/18986",0.0886075949367089,2.32362402965242,3.32653047307668,0.00294916187737614,0.0422887194275087,0.03605294305614,"TRAF2/RSAD2/FOXP3/ITGB2/TFRC/FADD/TREM2/LAG3/HLA-C/HLA-B/TNF/HLA-A/TYROBP/ULBP2",14
"GO:0032200","telomere organization","16/724","193/18986",0.0829015544041451,2.17399020983025,3.26396495780108,0.00302542283502936,0.0432546482384639,0.0368764387043672,"AURKB/RECQL4/PARP1/PCNA/SMG5/CCNE1/RAD51/SLX1A/CCT5/FEN1/PPP1CA/EZH2/MAPK15/CCNE2/SLX1B/BLM",16
"GO:0001822","kidney development","23/724","322/18986",0.0714285714285714,1.87312549329124,3.14631830077235,0.00305681029920538,0.0432585922429757,0.036879801136997,"EPCAM/MMP9/BAX/SULF1/KIF26B/STAT1/SOX4/MAGED1/PTK7/CENPF/PYGO2/APH1A/FADD/WNT6/SIX2/AGT/VEGFA/GCNT1/PROM1/SOX11/EZH2/HOXC11/SDC1",23
"GO:0007019","microtubule depolymerization","7/724","51/18986",0.137254901960784,3.59933918318709,3.70097201735713,0.00306129515152924,0.0432585922429757,0.036879801136997,"AURKB/KIF2C/STMN1/TPX2/KIF18B/CIB1/KIF18A",7
"GO:0031297","replication fork processing","7/724","51/18986",0.137254901960784,3.59933918318709,3.70097201735713,0.00306129515152924,0.0432585922429757,0.036879801136997,"PARP1/DDX11/TONSL/RFWD3/PCNA/RAD51/BLM",7
"GO:0032467","positive regulation of cytokinesis","7/724","51/18986",0.137254901960784,3.59933918318709,3.70097201735713,0.00306129515152924,0.0432585922429757,0.036879801136997,"AURKB/CDCA8/INCENP/CDC6/KIF23/KIF14/CDC25B",7
"GO:0071677","positive regulation of mononuclear cell migration","10/724","94/18986",0.106382978723404,2.78976137298695,3.46354236187594,0.00308503972053852,0.0433421331836351,0.0369510233640406,"CXCL10/MMP14/CALR/LGALS9/FADD/C3AR1/ASCL2/TREM2/TNF/CXCL17",10
"GO:2000278","regulation of DNA biosynthetic process","10/724","94/18986",0.106382978723404,2.78976137298695,3.46354236187594,0.00308503972053852,0.0433421331836351,0.0369510233640406,"CCNA2/PCNA/SMG5/CCT5/TFDP1/CHTF18/DSCC1/VEGFA/TNF/CYP1B1",10
"GO:0002009","morphogenesis of an epithelium","32/724","500/18986",0.064,1.67832044198895,3.06054555139596,0.0031095675085439,0.0435608289885646,0.0371374708968219,"CXCL10/CTHRC1/SULF1/KIF26B/SAPCD2/STAT1/TIMELESS/MAGED1/PTK7/PRICKLE1/SPINT2/MMP14/SCRIB/LBX2/PPP1CA/WNT6/SIX2/CTSZ/COL5A1/ST14/LMO4/AGT/VEGFA/TNF/CXCR4/SPINT1/PFN1/SOX11/MESP1/CA9/SALL4/KLK14",32
"GO:0042770","signal transduction in response to DNA damage","16/724","194/18986",0.0824742268041237,2.16278407472803,3.2412598742034,0.00318431757539923,0.0442352353902552,0.0377124312154603,"E2F1/PLK1/FOXM1/DTL/SOX4/RFWD3/GTSE1/RAD51/CDKN2A/MIF/TICRR/RBM38/CCND1/MUC1/NDRG1/BLM",16
"GO:1901607","alpha-amino acid biosynthetic process","8/724","65/18986",0.123076923076923,3.22753931151721,3.58187501207431,0.00318690986060894,0.0442352353902552,0.0377124312154603,"PYCR1/CBS/PHGDH/SEPHS2/PYCR2/SHMT2/ALDH18A1/GGT1",8
"GO:1905330","regulation of morphogenesis of an epithelium","8/724","65/18986",0.123076923076923,3.22753931151721,3.58187501207431,0.00318690986060894,0.0442352353902552,0.0377124312154603,"CXCL10/SULF1/MAGED1/LBX2/SIX2/AGT/VEGFA/TNF",8
"GO:0006007","glucose catabolic process","5/724","27/18986",0.185185185185185,4.85625127890321,3.99245388787966,0.00319410977617354,0.0442352353902552,0.0377124312154603,"PGK1/PKM/TPI1/ENO1/ENO2",5
"GO:0007589","body fluid secretion","10/724","95/18986",0.105263157894737,2.76039546379762,3.42487703989415,0.00333323043290892,0.0453054572178995,0.0386248411236307,"OAS2/NME1/PRICKLE1/CEL/KCNN4/VEGFA/CYBA/CCND1/AQP5/SCT",10
"GO:0002476","antigen processing and presentation of endogenous peptide antigen via MHC class Ib","4/724","17/18986",0.235294117647059,6.17029574260643,4.24637204998934,0.00335526940926637,0.0453054572178995,0.0386248411236307,"HLA-C/HLA-B/HLA-A/ULBP2",4
"GO:0002484","antigen processing and presentation of endogenous peptide antigen via MHC class I via ER pathway","4/724","17/18986",0.235294117647059,6.17029574260643,4.24637204998934,0.00335526940926637,0.0453054572178995,0.0386248411236307,"HLA-C/HLA-B/HLA-A/ULBP2",4
"GO:0006878","intracellular copper ion homeostasis","4/724","17/18986",0.235294117647059,6.17029574260643,4.24637204998934,0.00335526940926637,0.0453054572178995,0.0386248411236307,"ARF1/ATOX1/SCO2/CP",4
"GO:0009208","pyrimidine ribonucleoside triphosphate metabolic process","4/724","17/18986",0.235294117647059,6.17029574260643,4.24637204998934,0.00335526940926637,0.0453054572178995,0.0386248411236307,"UCK2/NME1/CTPS1/NME2",4
"GO:0036005","response to macrophage colony-stimulating factor","4/724","17/18986",0.235294117647059,6.17029574260643,4.24637204998934,0.00335526940926637,0.0453054572178995,0.0386248411236307,"SPP1/TREM2/MST1R/TNF",4
"GO:0051382","kinetochore assembly","4/724","17/18986",0.235294117647059,6.17029574260643,4.24637204998934,0.00335526940926637,0.0453054572178995,0.0386248411236307,"CENPA/CENPF/DLGAP5/CENPW",4
"GO:0051782","negative regulation of cell division","4/724","17/18986",0.235294117647059,6.17029574260643,4.24637204998934,0.00335526940926637,0.0453054572178995,0.0386248411236307,"AURKB/ASPM/CHMP4C/BLM",4
"GO:0060253","negative regulation of glial cell proliferation","4/724","17/18986",0.235294117647059,6.17029574260643,4.24637204998934,0.00335526940926637,0.0453054572178995,0.0386248411236307,"CERS2/ASCL2/CDKN2B/SOX11",4
"GO:0045862","positive regulation of proteolysis","23/724","325/18986",0.0707692307692308,1.8558351041224,3.09859442248704,0.0034279633271543,0.0461588081254767,0.0393523592914609,"PLK1/AURKA/CDC20/TRIB3/CDKN2A/HDAC2/PRICKLE1/MMP14/PRR7/APH1A/EFNA1/CTSD/LGALS9/ENO1/FADD/TREM2/F12/LAPTM5/PSENEN/CLDN3/TNF/S100A9/EGLN3",23
"GO:0051960","regulation of nervous system development","30/724","463/18986",0.0647948164146868,1.69916351443266,3.03259212937272,0.00345178623168495,0.0463511957796147,0.0395163779998361,"FN1/TRIM46/ASPM/DKK1/SPP1/SLC7A5/METRN/HDAC2/TBC1D24/CERS2/TYMP/PLXNB3/HES6/HAPLN3/SERPINE2/AGRN/LRP8/ASCL2/TREM2/KIF14/EPHB3/CDKN2B/VEGFA/TNF/CXCR4/SPINT1/SOX11/EZH2/ACAN/NCAN",30
"GO:0050900","leukocyte migration","27/724","404/18986",0.0668316831683168,1.75257781302992,3.04436191242328,0.00355288813433902,0.0475773807741653,0.0405617531822321,"CXCL10/CXCL9/F11R/SLAMF8/PODXL2/TRPM2/MIF/RAC3/EDN2/MMP14/CALR/ITGB2/LGALS9/FADD/ARTN/C3AR1/ASCL2/TREM2/PADI2/CCL4L1/VEGFA/TNF/CXCR4/GCNT1/S100A9/CXCL11/CXCL17",27
"GO:0002260","lymphocyte homeostasis","9/724","81/18986",0.111111111111111,2.91375076734193,3.43668684924774,0.00365198558846722,0.0487700602899428,0.0415785635101083,"BAX/CCNB2/MIF/TCIRG1/FOXP3/LGALS9/FADD/TNFSF13B/SIT1",9
"GO:0070663","regulation of leukocyte proliferation","20/724","270/18986",0.0740740740740741,1.94250051156128,3.1056847750981,0.00368970339104348,0.0491387621475681,0.0418928976223163,"IL4I1/FCGR3A/CDKN2A/MIF/LILRB4/BST2/FOXP3/SCRIB/TFRC/LGALS9/FADD/NMB/GSTP1/TNFSF13B/VTCN1/SOX11/HLA-A/CTLA4/TYROBP/PLA2G2D",20
